2026-01-17 00:00:00 [websocket-heartbeat-1] INFO  c.z.n.s.d.u.NotificationProcessorImpl - Starting DLQ reprocessing
2026-01-17 00:00:00 [websocket-heartbeat-1] INFO  c.z.n.s.i.o.p.p.DeadLetterQueueRepositoryAdapter - finding dead letter queue items with processed false and scheduledRetryAt before: 2026-01-17T00:00:00.026143900
2026-01-17 00:00:00 [websocket-heartbeat-1] INFO  c.z.n.s.d.u.NotificationProcessorImpl - Found 0 DLQ items to reprocess
2026-01-17 00:00:12 [http-nio-8086-exec-6] INFO  c.z.n.s.a.u.NotificationService - API: Getting unread count for user: 0cb867c1-6dd5-4ebd-bb33-bab59236c464
2026-01-17 00:00:12 [http-nio-8086-exec-8] INFO  c.z.n.s.a.u.NotificationService - API: Getting notifications for user: 0cb867c1-6dd5-4ebd-bb33-bab59236c464, page: 0, size: 50, channel: null, status: null
2026-01-17 00:00:12 [http-nio-8086-exec-8] INFO  c.z.n.s.d.u.MonitorNotificationsImpl - Getting notifications for user: 0cb867c1-6dd5-4ebd-bb33-bab59236c464, page: 0, size: 50, channel: null, status: null
2026-01-17 00:00:12 [http-nio-8086-exec-6] INFO  c.z.n.s.d.u.MonitorNotificationsImpl - Getting unread count for user: 0cb867c1-6dd5-4ebd-bb33-bab59236c464
2026-01-17 00:00:12 [http-nio-8086-exec-8] INFO  c.z.n.s.i.o.p.p.NotificationRepositoryAdapter - finding notifications for userId: 0cb867c1-6dd5-4ebd-bb33-bab59236c464 with statuses: [PENDING, PROCESSING, SENT, DELIVERED, READ, FAILED, CANCELLED]
2026-01-17 00:00:12 [http-nio-8086-exec-6] INFO  c.z.n.s.i.o.p.p.NotificationRepositoryAdapter - counting notifications for userId: 0cb867c1-6dd5-4ebd-bb33-bab59236c464 with status: DELIVERED
2026-01-17 00:00:12 [http-nio-8086-exec-3] INFO  c.z.n.s.a.u.NotificationService - API: Getting unread count for user: 0cb867c1-6dd5-4ebd-bb33-bab59236c464
2026-01-17 00:00:12 [http-nio-8086-exec-3] INFO  c.z.n.s.d.u.MonitorNotificationsImpl - Getting unread count for user: 0cb867c1-6dd5-4ebd-bb33-bab59236c464
2026-01-17 00:00:12 [http-nio-8086-exec-3] INFO  c.z.n.s.i.o.p.p.NotificationRepositoryAdapter - counting notifications for userId: 0cb867c1-6dd5-4ebd-bb33-bab59236c464 with status: DELIVERED
2026-01-17 00:00:12 [http-nio-8086-exec-7] INFO  c.z.n.s.a.u.NotificationService - API: Getting unread count for user: 0cb867c1-6dd5-4ebd-bb33-bab59236c464
2026-01-17 00:00:12 [http-nio-8086-exec-7] INFO  c.z.n.s.d.u.MonitorNotificationsImpl - Getting unread count for user: 0cb867c1-6dd5-4ebd-bb33-bab59236c464
2026-01-17 00:00:12 [http-nio-8086-exec-7] INFO  c.z.n.s.i.o.p.p.NotificationRepositoryAdapter - counting notifications for userId: 0cb867c1-6dd5-4ebd-bb33-bab59236c464 with status: DELIVERED
2026-01-17 00:00:12 [http-nio-8086-exec-4] INFO  c.z.n.s.a.u.NotificationService - API: Getting notifications for user: 0cb867c1-6dd5-4ebd-bb33-bab59236c464, page: 0, size: 50, channel: null, status: null
2026-01-17 00:00:12 [http-nio-8086-exec-4] INFO  c.z.n.s.d.u.MonitorNotificationsImpl - Getting notifications for user: 0cb867c1-6dd5-4ebd-bb33-bab59236c464, page: 0, size: 50, channel: null, status: null
2026-01-17 00:00:12 [http-nio-8086-exec-4] INFO  c.z.n.s.i.o.p.p.NotificationRepositoryAdapter - finding notifications for userId: 0cb867c1-6dd5-4ebd-bb33-bab59236c464 with statuses: [PENDING, PROCESSING, SENT, DELIVERED, READ, FAILED, CANCELLED]
2026-01-17 00:00:12 [http-nio-8086-exec-5] INFO  c.z.n.s.a.u.NotificationService - API: Getting notifications for user: 0cb867c1-6dd5-4ebd-bb33-bab59236c464, page: 0, size: 50, channel: null, status: null
2026-01-17 00:00:12 [http-nio-8086-exec-5] INFO  c.z.n.s.d.u.MonitorNotificationsImpl - Getting notifications for user: 0cb867c1-6dd5-4ebd-bb33-bab59236c464, page: 0, size: 50, channel: null, status: null
2026-01-17 00:00:12 [http-nio-8086-exec-5] INFO  c.z.n.s.i.o.p.p.NotificationRepositoryAdapter - finding notifications for userId: 0cb867c1-6dd5-4ebd-bb33-bab59236c464 with statuses: [PENDING, PROCESSING, SENT, DELIVERED, READ, FAILED, CANCELLED]
2026-01-17 00:00:12 [MessageBroker-1] INFO  o.s.w.s.c.WebSocketMessageBrokerStats - WebSocketSession[1 current WS(1)-HttpStream(0)-HttpPoll(0), 1 total, 0 closed abnormally (0 connect failure, 0 send limit, 0 transport error)], stompSubProtocol[processed CONNECT(1)-CONNECTED(1)-DISCONNECT(0)], stompBrokerRelay[null], inboundChannel[pool size = 6, active threads = 0, queued tasks = 0, completed tasks = 6], outboundChannel[pool size = 1, active threads = 0, queued tasks = 0, completed tasks = 1], sockJsScheduler[pool size = 4, active threads = 1, queued tasks = 1, completed tasks = 1]
2026-01-17 00:00:15 [websocket-heartbeat-1] INFO  c.z.n.s.i.o.p.p.NotificationRepositoryAdapter - finding notifications with status: PENDING and scheduledAt before: 2026-01-17T00:00:15.852596700
2026-01-17 00:00:15 [websocket-heartbeat-1] INFO  c.z.n.s.d.u.NotificationProcessorImpl - Found 0 scheduled notifications to process
2026-01-17 00:00:36 [org.springframework.kafka.KafkaListenerEndpointContainer#0-0-C-1] INFO  c.z.n.s.i.a.events.BaseEventHandler - Processing EMAIL_VERIFICATION_REQUESTED event for user: 0cb867c1-6dd5-4ebd-bb33-bab59236c464
2026-01-17 00:00:36 [org.springframework.kafka.KafkaListenerEndpointContainer#0-0-C-1] INFO  c.z.n.s.d.u.SendNotificationImpl - Processing send notification data for user: 0cb867c1-6dd5-4ebd-bb33-bab59236c464
2026-01-17 00:00:36 [org.springframework.kafka.KafkaListenerEndpointContainer#0-0-C-1] INFO  c.z.n.s.i.service.IdempotencyService - cleaning up local cache
2026-01-17 00:00:36 [org.springframework.kafka.KafkaListenerEndpointContainer#0-0-C-1] INFO  c.z.n.s.i.service.IdempotencyService - Cleaned up local idempotency cache, remaining entries: 0
2026-01-17 00:00:36 [org.springframework.kafka.KafkaListenerEndpointContainer#0-0-C-1] INFO  c.z.n.s.i.o.p.p.UserNotificationPreferencesAdapter - finding user notification preferences for userId: 0cb867c1-6dd5-4ebd-bb33-bab59236c464 and channel: EMAIL
2026-01-17 00:00:36 [org.springframework.kafka.KafkaListenerEndpointContainer#0-0-C-1] INFO  c.z.n.s.d.u.SendNotificationImpl - Rendering template: email-verification-request with locale: en for user: 0cb867c1-6dd5-4ebd-bb33-bab59236c464
2026-01-17 00:00:36 [org.springframework.kafka.KafkaListenerEndpointContainer#0-0-C-1] INFO  c.z.n.s.i.o.p.p.NotificationTemplateRepositoryAdapter - finding notification template with id: email-verification-request
2026-01-17 00:00:36 [org.springframework.kafka.KafkaListenerEndpointContainer#0-0-C-1] INFO  c.z.n.s.i.o.p.p.NotificationTemplateRepositoryAdapter - finding notification template with id: email-verification-request
2026-01-17 00:00:36 [org.springframework.kafka.KafkaListenerEndpointContainer#0-0-C-1] INFO  c.z.n.s.i.o.p.p.NotificationTemplateRepositoryAdapter - finding translation for template id: email-verification-request and locale: en
2026-01-17 00:00:36 [org.springframework.kafka.KafkaListenerEndpointContainer#0-0-C-1] INFO  c.z.n.s.i.o.p.p.NotificationTemplateRepositoryAdapter - finding notification template with id: email-verification-request
2026-01-17 00:00:36 [org.springframework.kafka.KafkaListenerEndpointContainer#0-0-C-1] INFO  c.z.n.s.i.o.p.p.NotificationTemplateRepositoryAdapter - finding translation for template id: email-verification-request and locale: en
2026-01-17 00:00:36 [org.springframework.kafka.KafkaListenerEndpointContainer#0-0-C-1] INFO  c.z.n.s.i.o.p.p.NotificationTemplateRepositoryAdapter - finding notification template with id: email-verification-request
2026-01-17 00:00:37 [org.springframework.kafka.KafkaListenerEndpointContainer#0-0-C-1] INFO  c.z.n.s.d.u.SendNotificationImpl - Template rendered successfully: title=true, hasHtml=true
2026-01-17 00:00:37 [org.springframework.kafka.KafkaListenerEndpointContainer#0-0-C-1] INFO  c.z.n.s.i.service.IdempotencyService - storing notification id in local cache
2026-01-17 00:00:37 [org.springframework.kafka.KafkaListenerEndpointContainer#0-0-C-1] INFO  c.z.n.s.i.service.IdempotencyService - Stored idempotency key in local cache: idempotency:0cb867c1-6dd5-4ebd-bb33-bab59236c464:email_verification_requested:0cb867c1-6dd5-4ebd-bb33-bab59236c464:b2870303-4905-47f1-b6d6-3c6f83d02f61
2026-01-17 00:00:37 [org.springframework.kafka.KafkaListenerEndpointContainer#0-0-C-1] INFO  c.z.n.s.i.o.p.p.NotificationRepositoryAdapter - saving notification: Notification(id=notif-67dc7fd1-9306-4cec-836e-7365f041a295, userId=0cb867c1-6dd5-4ebd-bb33-bab59236c464, correlationId=corr-5b555428-8d73-42aa-9dc2-4ca67eb45a1e, idempotencyKey=email_verification_requested:0cb867c1-6dd5-4ebd-bb33-bab59236c464:b2870303-4905-47f1-b6d6-3c6f83d02f61, title=✉️ Email Verification - LZ Insurance, message=Hello zote, Thank you for signing up! Please verify your email address by clicking the link: http://localhost:5173/verify-email?token=0XUK0zyXzkqBid3Ryt3aIRVPcJFn_1W1FStgd0rAwcZYl-0KN5vkDDcx-SIW5ni43zf4IpGM_1TlK0mVreUmsg. This link is valid for 0 hours., type=TRANSACTIONAL, channel=EMAIL, priority=HIGH, status=PENDING, provider=null, providerMessageId=null, metadata={eventId=b2870303-4905-47f1-b6d6-3c6f83d02f61, correlationId=74efc9c9-3d3a-4d0d-9bd1-135e86e6bead, occurredAt=2026-01-17T00:00:35.392373200, eventType=EMAIL_VERIFICATION_REQUESTED, tokenExpiryHours=0, htmlContent=<!DOCTYPE html>
<html lang="en">
<head>
    <meta charset="UTF-8">
    <meta name="viewport" content="width=device-width, initial-scale=1.0">
    <title>Email Verification - LZ Insurance</title>
    <style>
        * {
            margin: 0;
            padding: 0;
            box-sizing: border-box;
        }

        body {
            font-family: 'Segoe UI', Tahoma, Geneva, Verdana, sans-serif;
            background-color: #f4f6f9;
            padding: 20px;
            line-height: 1.6;
        }

        .email-container {
            max-width: 600px;
            margin: 0 auto;
            background-color: #ffffff;
            border-radius: 12px;
            overflow: hidden;
            box-shadow: 0 4px 12px rgba(0, 0, 0, 0.1);
        }

        .header {
            background: linear-gradient(135deg, #10b981 0%, #059669 100%);
            color: white;
            padding: 40px 30px;
            text-align: center;
        }

        .header h1 {
            font-size: 28px;
            margin-bottom: 10px;
            font-weight: 600;
        }

        .header p {
            font-size: 16px;
            opacity: 0.95;
        }

        .content {
            padding: 40px 30px;
        }

        .lang-section {
            margin-bottom: 35px;
        }

        .lang-label {
            display: inline-block;
            font-weight: 700;
            font-size: 14px;
            color: #10b981;
            margin-bottom: 15px;
            text-transform: uppercase;
            letter-spacing: 0.5px;
        }

        .greeting {
            font-size: 20px;
            font-weight: 600;
            color: #2d3748;
            margin-bottom: 15px;
        }

        .message {
            font-size: 16px;
            color: #4a5568;
            margin-bottom: 20px;
            line-height: 1.7;
        }

        .button-container {
            text-align: center;
            margin: 30px 0;
        }

        .verify-button {
            display: inline-block;
            background: linear-gradient(135deg, #10b981 0%, #059669 100%);
            color: white;
            padding: 16px 32px;
            text-decoration: none;
            border-radius: 8px;
            font-weight: 600;
            font-size: 16px;
            box-shadow: 0 4px 12px rgba(16, 185, 129, 0.3);
            transition: transform 0.2s;
        }

        .verify-button:hover {
            transform: translateY(-2px);
            box-shadow: 0 6px 16px rgba(16, 185, 129, 0.4);
        }

        .link-container {
            background-color: #f7fafc;
            border: 1px solid #e2e8f0;
            border-radius: 8px;
            padding: 20px;
            margin: 20px 0;
            word-break: break-all;
        }

        .link-container p {
            font-size: 13px;
            color: #718096;
            margin-bottom: 8px;
        }

        .link-container a {
            color: #10b981;
            text-decoration: none;
            font-size: 12px;
            word-break: break-all;
        }

        .info-box {
            background-color: #ecfdf5;
            border-left: 4px solid #10b981;
            padding: 20px;
            margin: 25px 0;
            border-radius: 6px;
        }

        .info-box p {
            font-size: 15px;
            color: #4a5568;
            line-height: 1.6;
            margin: 0;
        }

        .warning-box {
            background-color: #fef3c7;
            border-left: 4px solid #f59e0b;
            padding: 20px;
            margin: 25px 0;
            border-radius: 6px;
        }

        .warning-box p {
            font-size: 15px;
            color: #78350f;
            line-height: 1.6;
        }

        .warning-box strong {
            display: block;
            margin-bottom: 8px;
            font-size: 16px;
        }

        .support-section {
            background-color: #f7fafc;
            padding: 20px;
            border-radius: 8px;
            margin-top: 25px;
        }

        .support-section h4 {
            color: #2d3748;
            margin-bottom: 10px;
            font-size: 16px;
        }

        .support-section p {
            font-size: 14px;
            color: #4a5568;
            margin-bottom: 8px;
        }

        .support-section a {
            color: #10b981;
            text-decoration: none;
            font-weight: 600;
        }

        .support-section a:hover {
            text-decoration: underline;
        }

        .divider {
            height: 2px;
            background: linear-gradient(to right, transparent, #e2e8f0, transparent);
            margin: 30px 0;
        }

        .footer {
            background-color: #2d3748;
            color: #cbd5e0;
            padding: 25px 30px;
            text-align: center;
            font-size: 13px;
        }

        .footer p {
            margin: 8px 0;
        }

        .footer a {
            color: #90cdf4;
            text-decoration: none;
        }

        .footer a:hover {
            text-decoration: underline;
        }

        @media only screen and (max-width: 600px) {
            body {
                padding: 10px;
            }

            .header {
                padding: 30px 20px;
            }

            .content {
                padding: 30px 20px;
            }

            .header h1 {
                font-size: 24px;
            }

            .greeting {
                font-size: 18px;
            }

            .message {
                font-size: 15px;
            }

            .verify-button {
                padding: 14px 28px;
                font-size: 15px;
            }
        }
    </style>
</head>
<body>
<div class="email-container">
    <!-- Header -->
    <div class="header">
        <h1>Email Verification - LZ Insurance</h1>
        <p>Verify Your Email Address</p>
    </div>

    <!-- Content -->
    <div class="content">
        <!-- French Section -->
        <div class="lang-section">
            <span class="lang-label">🇫🇷 FRANÇAIS</span>
            <p class="greeting">Bonjour zote,</p>
            <p class="message">Merci de vous être inscrit ! Veuillez vérifier votre adresse email en cliquant sur le bouton ci-dessous pour activer votre compte.</p>

            <!-- Verify Button -->
            <div class="button-container">
                <a href="http://localhost:5173/verify-email?token=0XUK0zyXzkqBid3Ryt3aIRVPcJFn_1W1FStgd0rAwcZYl-0KN5vkDDcx-SIW5ni43zf4IpGM_1TlK0mVreUmsg" class="verify-button">✉️ Vérifier mon email</a>
            </div>

            <!-- Alternative Link -->
            <div class="link-container">
                <p>Ou copiez et collez ce lien dans votre navigateur :</p>
                <a href="http://localhost:5173/verify-email?token=0XUK0zyXzkqBid3Ryt3aIRVPcJFn_1W1FStgd0rAwcZYl-0KN5vkDDcx-SIW5ni43zf4IpGM_1TlK0mVreUmsg">http://localhost:5173/verify-email?token=0XUK0zyXzkqBid3Ryt3aIRVPcJFn_1W1FStgd0rAwcZYl-0KN5vkDDcx-SIW5ni43zf4IpGM_1TlK0mVreUmsg</a>
            </div>

            <!-- Info Box -->
            <div class="info-box">
                <p>
                    <strong>📋 Informations importantes</strong><br/>
                    <span>Ce lien de vérification est valide pendant <strong>0</strong> heures. Si vous navez pas créé de compte, vous pouvez ignorer cet email en toute sécurité.</span>
                </p>
            </div>

            <!-- Warning Box -->
            <div class="warning-box">
                <p>
                    <strong>⚠️ Important</strong>
                    <span>Si vous n'avez pas créé de compte avec cette adresse email, ignorez cet email. Votre compte ne sera pas activé.</span>
                </p>
            </div>

            <!-- Support Section -->
            <div class="support-section">
                <h4>💬 Besoin d&#39;aide ?</h4>
                <p>Si vous avez des questions concernant votre compte, notre équipe de support est là pour vous aider.</p>
                <p>
                    <strong>E-mail :</strong>
                    <a href="mailto:support@lz-insurance.com">support@lz-insurance.com</a>
                </p>
            </div>
        </div>

        <div class="divider"></div>

        <!-- English Section -->
        <div class="lang-section">
            <span class="lang-label">🇬🇧 ENGLISH</span>
            <p class="greeting">Hello zote,</p>
            <p class="message">Thank you for signing up! Please verify your email address by clicking the button below to activate your account.</p>

            <!-- Verify Button -->
            <div class="button-container">
                <a href="http://localhost:5173/verify-email?token=0XUK0zyXzkqBid3Ryt3aIRVPcJFn_1W1FStgd0rAwcZYl-0KN5vkDDcx-SIW5ni43zf4IpGM_1TlK0mVreUmsg" class="verify-button">✉️ Verify My Email</a>
            </div>

            <!-- Alternative Link -->
            <div class="link-container">
                <p>Or copy and paste this link into your browser:</p>
                <a href="http://localhost:5173/verify-email?token=0XUK0zyXzkqBid3Ryt3aIRVPcJFn_1W1FStgd0rAwcZYl-0KN5vkDDcx-SIW5ni43zf4IpGM_1TlK0mVreUmsg">http://localhost:5173/verify-email?token=0XUK0zyXzkqBid3Ryt3aIRVPcJFn_1W1FStgd0rAwcZYl-0KN5vkDDcx-SIW5ni43zf4IpGM_1TlK0mVreUmsg</a>
            </div>

            <!-- Info Box -->
            <div class="info-box">
                <p>
                    <strong>📋 Important Information</strong><br/>
                    <span>This verification link is valid for <strong>0</strong> hours. If you did not create an account, you can safely ignore this email.</span>
                </p>
            </div>

            <!-- Warning Box -->
            <div class="warning-box">
                <p>
                    <strong>⚠️ Important</strong>
                    <span>If you did not create an account with this email address, please ignore this email. Your account will not be activated.</span>
                </p>
            </div>

            <!-- Support Section -->
            <div class="support-section">
                <h4>💬 Need Help?</h4>
                <p>If you have any questions about your account, our support team is here to help you.</p>
                <p>
                    <strong>Email:</strong>
                    <a href="mailto:support@lz-insurance.com">support@lz-insurance.com</a>
                </p>
            </div>
        </div>
    </div>

    <!-- Footer -->
    <div class="footer">
        <p>© 2024 LZ Insurance. All rights reserved.</p>
        <p>This message is confidential.</p>
        <p>
            <a href="http://localhost:5173/privacy-policy">Privacy Policy</a> |
            <a href="http://localhost:5173/terms-of-service">Terms of Service</a>
        </p>
    </div>
</div>
</body>
</html>


}, templateVariables={privacyUrl=http://localhost:5173/privacy-policy, lastName=zote A, companyName=LZ Insurance, supportPhone=+237 123 456 789, verificationToken=0XUK0zyXzkqBid3Ryt3aIRVPcJFn_1W1FStgd0rAwcZYl-0KN5vkDDcx-SIW5ni43zf4IpGM_1TlK0mVreUmsg, language=en, userId=0cb867c1-6dd5-4ebd-bb33-bab59236c464, privacyPolicyUrl=http://localhost:5173/privacy-policy, currentYear=2026, firstName=zote, isCustomer=false, supportEmail=support@lz-insurance.com, termsUrl=http://localhost:5173/terms-of-service, websiteUrl=https://lz-insurance.com, emailVerificationUrl=http://localhost:5173/verify-email?token=0XUK0zyXzkqBid3Ryt3aIRVPcJFn_1W1FStgd0rAwcZYl-0KN5vkDDcx-SIW5ni43zf4IpGM_1TlK0mVreUmsg, tokenExpiryHours=0, email=zotevalentin83@gmail.com}, locale=en, scheduledAt=null, sentAt=null, deliveredAt=null, readAt=null, retryCount=0, maxRetries=3, errorMessage=null, errorStackTrace=null, createdBy=null, createdAt=null, updatedAt=null)
2026-01-17 00:00:37 [org.springframework.kafka.KafkaListenerEndpointContainer#0-0-C-1] INFO  c.z.n.s.d.u.SendNotificationImpl - Published NotificationCreatedEvent for notification: notif-67dc7fd1-9306-4cec-836e-7365f041a295
2026-01-17 00:00:37 [org.springframework.kafka.KafkaListenerEndpointContainer#0-0-C-1] INFO  c.z.n.s.d.u.SendNotificationImpl - Processing notification notif-67dc7fd1-9306-4cec-836e-7365f041a295 for user: 0cb867c1-6dd5-4ebd-bb33-bab59236c464
2026-01-17 00:00:37 [org.springframework.kafka.KafkaListenerEndpointContainer#0-0-C-1] INFO  c.z.n.s.d.u.NotificationProcessorImpl - Processing notification notif-67dc7fd1-9306-4cec-836e-7365f041a295 for user 0cb867c1-6dd5-4ebd-bb33-bab59236c464 via channel EMAIL
2026-01-17 00:00:37 [org.springframework.kafka.KafkaListenerEndpointContainer#0-0-C-1] INFO  c.z.n.s.i.o.p.p.NotificationRepositoryAdapter - saving notification: Notification(id=notif-67dc7fd1-9306-4cec-836e-7365f041a295, userId=0cb867c1-6dd5-4ebd-bb33-bab59236c464, correlationId=corr-5b555428-8d73-42aa-9dc2-4ca67eb45a1e, idempotencyKey=email_verification_requested:0cb867c1-6dd5-4ebd-bb33-bab59236c464:b2870303-4905-47f1-b6d6-3c6f83d02f61, title=✉️ Email Verification - LZ Insurance, message=Hello zote, Thank you for signing up! Please verify your email address by clicking the link: http://localhost:5173/verify-email?token=0XUK0zyXzkqBid3Ryt3aIRVPcJFn_1W1FStgd0rAwcZYl-0KN5vkDDcx-SIW5ni43zf4IpGM_1TlK0mVreUmsg. This link is valid for 0 hours., type=TRANSACTIONAL, channel=EMAIL, priority=HIGH, status=PROCESSING, provider=null, providerMessageId=null, metadata={eventId=b2870303-4905-47f1-b6d6-3c6f83d02f61, correlationId=74efc9c9-3d3a-4d0d-9bd1-135e86e6bead, occurredAt=[2026, 1, 17, 0, 0, 35, 392373200], eventType=EMAIL_VERIFICATION_REQUESTED, tokenExpiryHours=0, htmlContent=<!DOCTYPE html>
<html lang="en">
<head>
    <meta charset="UTF-8">
    <meta name="viewport" content="width=device-width, initial-scale=1.0">
    <title>Email Verification - LZ Insurance</title>
    <style>
        * {
            margin: 0;
            padding: 0;
            box-sizing: border-box;
        }

        body {
            font-family: 'Segoe UI', Tahoma, Geneva, Verdana, sans-serif;
            background-color: #f4f6f9;
            padding: 20px;
            line-height: 1.6;
        }

        .email-container {
            max-width: 600px;
            margin: 0 auto;
            background-color: #ffffff;
            border-radius: 12px;
            overflow: hidden;
            box-shadow: 0 4px 12px rgba(0, 0, 0, 0.1);
        }

        .header {
            background: linear-gradient(135deg, #10b981 0%, #059669 100%);
            color: white;
            padding: 40px 30px;
            text-align: center;
        }

        .header h1 {
            font-size: 28px;
            margin-bottom: 10px;
            font-weight: 600;
        }

        .header p {
            font-size: 16px;
            opacity: 0.95;
        }

        .content {
            padding: 40px 30px;
        }

        .lang-section {
            margin-bottom: 35px;
        }

        .lang-label {
            display: inline-block;
            font-weight: 700;
            font-size: 14px;
            color: #10b981;
            margin-bottom: 15px;
            text-transform: uppercase;
            letter-spacing: 0.5px;
        }

        .greeting {
            font-size: 20px;
            font-weight: 600;
            color: #2d3748;
            margin-bottom: 15px;
        }

        .message {
            font-size: 16px;
            color: #4a5568;
            margin-bottom: 20px;
            line-height: 1.7;
        }

        .button-container {
            text-align: center;
            margin: 30px 0;
        }

        .verify-button {
            display: inline-block;
            background: linear-gradient(135deg, #10b981 0%, #059669 100%);
            color: white;
            padding: 16px 32px;
            text-decoration: none;
            border-radius: 8px;
            font-weight: 600;
            font-size: 16px;
            box-shadow: 0 4px 12px rgba(16, 185, 129, 0.3);
            transition: transform 0.2s;
        }

        .verify-button:hover {
            transform: translateY(-2px);
            box-shadow: 0 6px 16px rgba(16, 185, 129, 0.4);
        }

        .link-container {
            background-color: #f7fafc;
            border: 1px solid #e2e8f0;
            border-radius: 8px;
            padding: 20px;
            margin: 20px 0;
            word-break: break-all;
        }

        .link-container p {
            font-size: 13px;
            color: #718096;
            margin-bottom: 8px;
        }

        .link-container a {
            color: #10b981;
            text-decoration: none;
            font-size: 12px;
            word-break: break-all;
        }

        .info-box {
            background-color: #ecfdf5;
            border-left: 4px solid #10b981;
            padding: 20px;
            margin: 25px 0;
            border-radius: 6px;
        }

        .info-box p {
            font-size: 15px;
            color: #4a5568;
            line-height: 1.6;
            margin: 0;
        }

        .warning-box {
            background-color: #fef3c7;
            border-left: 4px solid #f59e0b;
            padding: 20px;
            margin: 25px 0;
            border-radius: 6px;
        }

        .warning-box p {
            font-size: 15px;
            color: #78350f;
            line-height: 1.6;
        }

        .warning-box strong {
            display: block;
            margin-bottom: 8px;
            font-size: 16px;
        }

        .support-section {
            background-color: #f7fafc;
            padding: 20px;
            border-radius: 8px;
            margin-top: 25px;
        }

        .support-section h4 {
            color: #2d3748;
            margin-bottom: 10px;
            font-size: 16px;
        }

        .support-section p {
            font-size: 14px;
            color: #4a5568;
            margin-bottom: 8px;
        }

        .support-section a {
            color: #10b981;
            text-decoration: none;
            font-weight: 600;
        }

        .support-section a:hover {
            text-decoration: underline;
        }

        .divider {
            height: 2px;
            background: linear-gradient(to right, transparent, #e2e8f0, transparent);
            margin: 30px 0;
        }

        .footer {
            background-color: #2d3748;
            color: #cbd5e0;
            padding: 25px 30px;
            text-align: center;
            font-size: 13px;
        }

        .footer p {
            margin: 8px 0;
        }

        .footer a {
            color: #90cdf4;
            text-decoration: none;
        }

        .footer a:hover {
            text-decoration: underline;
        }

        @media only screen and (max-width: 600px) {
            body {
                padding: 10px;
            }

            .header {
                padding: 30px 20px;
            }

            .content {
                padding: 30px 20px;
            }

            .header h1 {
                font-size: 24px;
            }

            .greeting {
                font-size: 18px;
            }

            .message {
                font-size: 15px;
            }

            .verify-button {
                padding: 14px 28px;
                font-size: 15px;
            }
        }
    </style>
</head>
<body>
<div class="email-container">
    <!-- Header -->
    <div class="header">
        <h1>Email Verification - LZ Insurance</h1>
        <p>Verify Your Email Address</p>
    </div>

    <!-- Content -->
    <div class="content">
        <!-- French Section -->
        <div class="lang-section">
            <span class="lang-label">🇫🇷 FRANÇAIS</span>
            <p class="greeting">Bonjour zote,</p>
            <p class="message">Merci de vous être inscrit ! Veuillez vérifier votre adresse email en cliquant sur le bouton ci-dessous pour activer votre compte.</p>

            <!-- Verify Button -->
            <div class="button-container">
                <a href="http://localhost:5173/verify-email?token=0XUK0zyXzkqBid3Ryt3aIRVPcJFn_1W1FStgd0rAwcZYl-0KN5vkDDcx-SIW5ni43zf4IpGM_1TlK0mVreUmsg" class="verify-button">✉️ Vérifier mon email</a>
            </div>

            <!-- Alternative Link -->
            <div class="link-container">
                <p>Ou copiez et collez ce lien dans votre navigateur :</p>
                <a href="http://localhost:5173/verify-email?token=0XUK0zyXzkqBid3Ryt3aIRVPcJFn_1W1FStgd0rAwcZYl-0KN5vkDDcx-SIW5ni43zf4IpGM_1TlK0mVreUmsg">http://localhost:5173/verify-email?token=0XUK0zyXzkqBid3Ryt3aIRVPcJFn_1W1FStgd0rAwcZYl-0KN5vkDDcx-SIW5ni43zf4IpGM_1TlK0mVreUmsg</a>
            </div>

            <!-- Info Box -->
            <div class="info-box">
                <p>
                    <strong>📋 Informations importantes</strong><br/>
                    <span>Ce lien de vérification est valide pendant <strong>0</strong> heures. Si vous navez pas créé de compte, vous pouvez ignorer cet email en toute sécurité.</span>
                </p>
            </div>

            <!-- Warning Box -->
            <div class="warning-box">
                <p>
                    <strong>⚠️ Important</strong>
                    <span>Si vous n'avez pas créé de compte avec cette adresse email, ignorez cet email. Votre compte ne sera pas activé.</span>
                </p>
            </div>

            <!-- Support Section -->
            <div class="support-section">
                <h4>💬 Besoin d&#39;aide ?</h4>
                <p>Si vous avez des questions concernant votre compte, notre équipe de support est là pour vous aider.</p>
                <p>
                    <strong>E-mail :</strong>
                    <a href="mailto:support@lz-insurance.com">support@lz-insurance.com</a>
                </p>
            </div>
        </div>

        <div class="divider"></div>

        <!-- English Section -->
        <div class="lang-section">
            <span class="lang-label">🇬🇧 ENGLISH</span>
            <p class="greeting">Hello zote,</p>
            <p class="message">Thank you for signing up! Please verify your email address by clicking the button below to activate your account.</p>

            <!-- Verify Button -->
            <div class="button-container">
                <a href="http://localhost:5173/verify-email?token=0XUK0zyXzkqBid3Ryt3aIRVPcJFn_1W1FStgd0rAwcZYl-0KN5vkDDcx-SIW5ni43zf4IpGM_1TlK0mVreUmsg" class="verify-button">✉️ Verify My Email</a>
            </div>

            <!-- Alternative Link -->
            <div class="link-container">
                <p>Or copy and paste this link into your browser:</p>
                <a href="http://localhost:5173/verify-email?token=0XUK0zyXzkqBid3Ryt3aIRVPcJFn_1W1FStgd0rAwcZYl-0KN5vkDDcx-SIW5ni43zf4IpGM_1TlK0mVreUmsg">http://localhost:5173/verify-email?token=0XUK0zyXzkqBid3Ryt3aIRVPcJFn_1W1FStgd0rAwcZYl-0KN5vkDDcx-SIW5ni43zf4IpGM_1TlK0mVreUmsg</a>
            </div>

            <!-- Info Box -->
            <div class="info-box">
                <p>
                    <strong>📋 Important Information</strong><br/>
                    <span>This verification link is valid for <strong>0</strong> hours. If you did not create an account, you can safely ignore this email.</span>
                </p>
            </div>

            <!-- Warning Box -->
            <div class="warning-box">
                <p>
                    <strong>⚠️ Important</strong>
                    <span>If you did not create an account with this email address, please ignore this email. Your account will not be activated.</span>
                </p>
            </div>

            <!-- Support Section -->
            <div class="support-section">
                <h4>💬 Need Help?</h4>
                <p>If you have any questions about your account, our support team is here to help you.</p>
                <p>
                    <strong>Email:</strong>
                    <a href="mailto:support@lz-insurance.com">support@lz-insurance.com</a>
                </p>
            </div>
        </div>
    </div>

    <!-- Footer -->
    <div class="footer">
        <p>© 2024 LZ Insurance. All rights reserved.</p>
        <p>This message is confidential.</p>
        <p>
            <a href="http://localhost:5173/privacy-policy">Privacy Policy</a> |
            <a href="http://localhost:5173/terms-of-service">Terms of Service</a>
        </p>
    </div>
</div>
</body>
</html>


}, templateVariables={privacyUrl=http://localhost:5173/privacy-policy, lastName=zote A, companyName=LZ Insurance, supportPhone=+237 123 456 789, verificationToken=0XUK0zyXzkqBid3Ryt3aIRVPcJFn_1W1FStgd0rAwcZYl-0KN5vkDDcx-SIW5ni43zf4IpGM_1TlK0mVreUmsg, language=en, userId=0cb867c1-6dd5-4ebd-bb33-bab59236c464, privacyPolicyUrl=http://localhost:5173/privacy-policy, currentYear=2026, firstName=zote, isCustomer=false, supportEmail=support@lz-insurance.com, termsUrl=http://localhost:5173/terms-of-service, websiteUrl=https://lz-insurance.com, emailVerificationUrl=http://localhost:5173/verify-email?token=0XUK0zyXzkqBid3Ryt3aIRVPcJFn_1W1FStgd0rAwcZYl-0KN5vkDDcx-SIW5ni43zf4IpGM_1TlK0mVreUmsg, tokenExpiryHours=0, email=zotevalentin83@gmail.com}, locale=en, scheduledAt=null, sentAt=null, deliveredAt=null, readAt=null, retryCount=0, maxRetries=3, errorMessage=null, errorStackTrace=null, createdBy=null, createdAt=2026-01-17T00:00:37.111318400, updatedAt=2026-01-17T00:00:37.111318400)
2026-01-17 00:00:37 [org.springframework.kafka.KafkaListenerEndpointContainer#0-0-C-1] INFO  c.z.n.s.i.a.p.NotificationSenderAdapter - Sending notification notif-67dc7fd1-9306-4cec-836e-7365f041a295 via provider SMTP for channel EMAIL
2026-01-17 00:00:37 [org.springframework.kafka.KafkaListenerEndpointContainer#0-0-C-1] INFO  c.z.n.s.i.a.p.e.SendSmtpEmailProvider - Sending email via SMTP to user: 0cb867c1-6dd5-4ebd-bb33-bab59236c464
2026-01-17 00:00:42 [http-nio-8086-exec-3] INFO  c.z.n.s.a.u.NotificationService - API: Getting unread count for user: 0cb867c1-6dd5-4ebd-bb33-bab59236c464
2026-01-17 00:00:42 [http-nio-8086-exec-6] INFO  c.z.n.s.a.u.NotificationService - API: Getting notifications for user: 0cb867c1-6dd5-4ebd-bb33-bab59236c464, page: 0, size: 50, channel: null, status: null
2026-01-17 00:00:42 [http-nio-8086-exec-3] INFO  c.z.n.s.d.u.MonitorNotificationsImpl - Getting unread count for user: 0cb867c1-6dd5-4ebd-bb33-bab59236c464
2026-01-17 00:00:42 [http-nio-8086-exec-3] INFO  c.z.n.s.i.o.p.p.NotificationRepositoryAdapter - counting notifications for userId: 0cb867c1-6dd5-4ebd-bb33-bab59236c464 with status: DELIVERED
2026-01-17 00:00:42 [http-nio-8086-exec-6] INFO  c.z.n.s.d.u.MonitorNotificationsImpl - Getting notifications for user: 0cb867c1-6dd5-4ebd-bb33-bab59236c464, page: 0, size: 50, channel: null, status: null
2026-01-17 00:00:42 [http-nio-8086-exec-6] INFO  c.z.n.s.i.o.p.p.NotificationRepositoryAdapter - finding notifications for userId: 0cb867c1-6dd5-4ebd-bb33-bab59236c464 with statuses: [PENDING, PROCESSING, SENT, DELIVERED, READ, FAILED, CANCELLED]
2026-01-17 00:00:48 [org.springframework.kafka.KafkaListenerEndpointContainer#0-0-C-1] INFO  c.z.n.s.i.a.p.e.SendSmtpEmailProvider - Email sent successfully to zotevalentin83@gmail.com in 11203ms
2026-01-17 00:00:48 [org.springframework.kafka.KafkaListenerEndpointContainer#0-0-C-1] INFO  c.z.n.s.i.o.p.p.NotificationRepositoryAdapter - saving notification: Notification(id=notif-67dc7fd1-9306-4cec-836e-7365f041a295, userId=0cb867c1-6dd5-4ebd-bb33-bab59236c464, correlationId=corr-5b555428-8d73-42aa-9dc2-4ca67eb45a1e, idempotencyKey=email_verification_requested:0cb867c1-6dd5-4ebd-bb33-bab59236c464:b2870303-4905-47f1-b6d6-3c6f83d02f61, title=✉️ Email Verification - LZ Insurance, message=Hello zote, Thank you for signing up! Please verify your email address by clicking the link: http://localhost:5173/verify-email?token=0XUK0zyXzkqBid3Ryt3aIRVPcJFn_1W1FStgd0rAwcZYl-0KN5vkDDcx-SIW5ni43zf4IpGM_1TlK0mVreUmsg. This link is valid for 0 hours., type=TRANSACTIONAL, channel=EMAIL, priority=HIGH, status=SENT, provider=null, providerMessageId=<1648873810.3.1768626047586@Zote>, metadata={eventId=b2870303-4905-47f1-b6d6-3c6f83d02f61, correlationId=74efc9c9-3d3a-4d0d-9bd1-135e86e6bead, occurredAt=[2026, 1, 17, 0, 0, 35, 392373200], eventType=EMAIL_VERIFICATION_REQUESTED, tokenExpiryHours=0, htmlContent=<!DOCTYPE html>
<html lang="en">
<head>
    <meta charset="UTF-8">
    <meta name="viewport" content="width=device-width, initial-scale=1.0">
    <title>Email Verification - LZ Insurance</title>
    <style>
        * {
            margin: 0;
            padding: 0;
            box-sizing: border-box;
        }

        body {
            font-family: 'Segoe UI', Tahoma, Geneva, Verdana, sans-serif;
            background-color: #f4f6f9;
            padding: 20px;
            line-height: 1.6;
        }

        .email-container {
            max-width: 600px;
            margin: 0 auto;
            background-color: #ffffff;
            border-radius: 12px;
            overflow: hidden;
            box-shadow: 0 4px 12px rgba(0, 0, 0, 0.1);
        }

        .header {
            background: linear-gradient(135deg, #10b981 0%, #059669 100%);
            color: white;
            padding: 40px 30px;
            text-align: center;
        }

        .header h1 {
            font-size: 28px;
            margin-bottom: 10px;
            font-weight: 600;
        }

        .header p {
            font-size: 16px;
            opacity: 0.95;
        }

        .content {
            padding: 40px 30px;
        }

        .lang-section {
            margin-bottom: 35px;
        }

        .lang-label {
            display: inline-block;
            font-weight: 700;
            font-size: 14px;
            color: #10b981;
            margin-bottom: 15px;
            text-transform: uppercase;
            letter-spacing: 0.5px;
        }

        .greeting {
            font-size: 20px;
            font-weight: 600;
            color: #2d3748;
            margin-bottom: 15px;
        }

        .message {
            font-size: 16px;
            color: #4a5568;
            margin-bottom: 20px;
            line-height: 1.7;
        }

        .button-container {
            text-align: center;
            margin: 30px 0;
        }

        .verify-button {
            display: inline-block;
            background: linear-gradient(135deg, #10b981 0%, #059669 100%);
            color: white;
            padding: 16px 32px;
            text-decoration: none;
            border-radius: 8px;
            font-weight: 600;
            font-size: 16px;
            box-shadow: 0 4px 12px rgba(16, 185, 129, 0.3);
            transition: transform 0.2s;
        }

        .verify-button:hover {
            transform: translateY(-2px);
            box-shadow: 0 6px 16px rgba(16, 185, 129, 0.4);
        }

        .link-container {
            background-color: #f7fafc;
            border: 1px solid #e2e8f0;
            border-radius: 8px;
            padding: 20px;
            margin: 20px 0;
            word-break: break-all;
        }

        .link-container p {
            font-size: 13px;
            color: #718096;
            margin-bottom: 8px;
        }

        .link-container a {
            color: #10b981;
            text-decoration: none;
            font-size: 12px;
            word-break: break-all;
        }

        .info-box {
            background-color: #ecfdf5;
            border-left: 4px solid #10b981;
            padding: 20px;
            margin: 25px 0;
            border-radius: 6px;
        }

        .info-box p {
            font-size: 15px;
            color: #4a5568;
            line-height: 1.6;
            margin: 0;
        }

        .warning-box {
            background-color: #fef3c7;
            border-left: 4px solid #f59e0b;
            padding: 20px;
            margin: 25px 0;
            border-radius: 6px;
        }

        .warning-box p {
            font-size: 15px;
            color: #78350f;
            line-height: 1.6;
        }

        .warning-box strong {
            display: block;
            margin-bottom: 8px;
            font-size: 16px;
        }

        .support-section {
            background-color: #f7fafc;
            padding: 20px;
            border-radius: 8px;
            margin-top: 25px;
        }

        .support-section h4 {
            color: #2d3748;
            margin-bottom: 10px;
            font-size: 16px;
        }

        .support-section p {
            font-size: 14px;
            color: #4a5568;
            margin-bottom: 8px;
        }

        .support-section a {
            color: #10b981;
            text-decoration: none;
            font-weight: 600;
        }

        .support-section a:hover {
            text-decoration: underline;
        }

        .divider {
            height: 2px;
            background: linear-gradient(to right, transparent, #e2e8f0, transparent);
            margin: 30px 0;
        }

        .footer {
            background-color: #2d3748;
            color: #cbd5e0;
            padding: 25px 30px;
            text-align: center;
            font-size: 13px;
        }

        .footer p {
            margin: 8px 0;
        }

        .footer a {
            color: #90cdf4;
            text-decoration: none;
        }

        .footer a:hover {
            text-decoration: underline;
        }

        @media only screen and (max-width: 600px) {
            body {
                padding: 10px;
            }

            .header {
                padding: 30px 20px;
            }

            .content {
                padding: 30px 20px;
            }

            .header h1 {
                font-size: 24px;
            }

            .greeting {
                font-size: 18px;
            }

            .message {
                font-size: 15px;
            }

            .verify-button {
                padding: 14px 28px;
                font-size: 15px;
            }
        }
    </style>
</head>
<body>
<div class="email-container">
    <!-- Header -->
    <div class="header">
        <h1>Email Verification - LZ Insurance</h1>
        <p>Verify Your Email Address</p>
    </div>

    <!-- Content -->
    <div class="content">
        <!-- French Section -->
        <div class="lang-section">
            <span class="lang-label">🇫🇷 FRANÇAIS</span>
            <p class="greeting">Bonjour zote,</p>
            <p class="message">Merci de vous être inscrit ! Veuillez vérifier votre adresse email en cliquant sur le bouton ci-dessous pour activer votre compte.</p>

            <!-- Verify Button -->
            <div class="button-container">
                <a href="http://localhost:5173/verify-email?token=0XUK0zyXzkqBid3Ryt3aIRVPcJFn_1W1FStgd0rAwcZYl-0KN5vkDDcx-SIW5ni43zf4IpGM_1TlK0mVreUmsg" class="verify-button">✉️ Vérifier mon email</a>
            </div>

            <!-- Alternative Link -->
            <div class="link-container">
                <p>Ou copiez et collez ce lien dans votre navigateur :</p>
                <a href="http://localhost:5173/verify-email?token=0XUK0zyXzkqBid3Ryt3aIRVPcJFn_1W1FStgd0rAwcZYl-0KN5vkDDcx-SIW5ni43zf4IpGM_1TlK0mVreUmsg">http://localhost:5173/verify-email?token=0XUK0zyXzkqBid3Ryt3aIRVPcJFn_1W1FStgd0rAwcZYl-0KN5vkDDcx-SIW5ni43zf4IpGM_1TlK0mVreUmsg</a>
            </div>

            <!-- Info Box -->
            <div class="info-box">
                <p>
                    <strong>📋 Informations importantes</strong><br/>
                    <span>Ce lien de vérification est valide pendant <strong>0</strong> heures. Si vous navez pas créé de compte, vous pouvez ignorer cet email en toute sécurité.</span>
                </p>
            </div>

            <!-- Warning Box -->
            <div class="warning-box">
                <p>
                    <strong>⚠️ Important</strong>
                    <span>Si vous n'avez pas créé de compte avec cette adresse email, ignorez cet email. Votre compte ne sera pas activé.</span>
                </p>
            </div>

            <!-- Support Section -->
            <div class="support-section">
                <h4>💬 Besoin d&#39;aide ?</h4>
                <p>Si vous avez des questions concernant votre compte, notre équipe de support est là pour vous aider.</p>
                <p>
                    <strong>E-mail :</strong>
                    <a href="mailto:support@lz-insurance.com">support@lz-insurance.com</a>
                </p>
            </div>
        </div>

        <div class="divider"></div>

        <!-- English Section -->
        <div class="lang-section">
            <span class="lang-label">🇬🇧 ENGLISH</span>
            <p class="greeting">Hello zote,</p>
            <p class="message">Thank you for signing up! Please verify your email address by clicking the button below to activate your account.</p>

            <!-- Verify Button -->
            <div class="button-container">
                <a href="http://localhost:5173/verify-email?token=0XUK0zyXzkqBid3Ryt3aIRVPcJFn_1W1FStgd0rAwcZYl-0KN5vkDDcx-SIW5ni43zf4IpGM_1TlK0mVreUmsg" class="verify-button">✉️ Verify My Email</a>
            </div>

            <!-- Alternative Link -->
            <div class="link-container">
                <p>Or copy and paste this link into your browser:</p>
                <a href="http://localhost:5173/verify-email?token=0XUK0zyXzkqBid3Ryt3aIRVPcJFn_1W1FStgd0rAwcZYl-0KN5vkDDcx-SIW5ni43zf4IpGM_1TlK0mVreUmsg">http://localhost:5173/verify-email?token=0XUK0zyXzkqBid3Ryt3aIRVPcJFn_1W1FStgd0rAwcZYl-0KN5vkDDcx-SIW5ni43zf4IpGM_1TlK0mVreUmsg</a>
            </div>

            <!-- Info Box -->
            <div class="info-box">
                <p>
                    <strong>📋 Important Information</strong><br/>
                    <span>This verification link is valid for <strong>0</strong> hours. If you did not create an account, you can safely ignore this email.</span>
                </p>
            </div>

            <!-- Warning Box -->
            <div class="warning-box">
                <p>
                    <strong>⚠️ Important</strong>
                    <span>If you did not create an account with this email address, please ignore this email. Your account will not be activated.</span>
                </p>
            </div>

            <!-- Support Section -->
            <div class="support-section">
                <h4>💬 Need Help?</h4>
                <p>If you have any questions about your account, our support team is here to help you.</p>
                <p>
                    <strong>Email:</strong>
                    <a href="mailto:support@lz-insurance.com">support@lz-insurance.com</a>
                </p>
            </div>
        </div>
    </div>

    <!-- Footer -->
    <div class="footer">
        <p>© 2024 LZ Insurance. All rights reserved.</p>
        <p>This message is confidential.</p>
        <p>
            <a href="http://localhost:5173/privacy-policy">Privacy Policy</a> |
            <a href="http://localhost:5173/terms-of-service">Terms of Service</a>
        </p>
    </div>
</div>
</body>
</html>


}, templateVariables={privacyUrl=http://localhost:5173/privacy-policy, lastName=zote A, companyName=LZ Insurance, supportPhone=+237 123 456 789, verificationToken=0XUK0zyXzkqBid3Ryt3aIRVPcJFn_1W1FStgd0rAwcZYl-0KN5vkDDcx-SIW5ni43zf4IpGM_1TlK0mVreUmsg, language=en, userId=0cb867c1-6dd5-4ebd-bb33-bab59236c464, privacyPolicyUrl=http://localhost:5173/privacy-policy, currentYear=2026, firstName=zote, isCustomer=false, supportEmail=support@lz-insurance.com, termsUrl=http://localhost:5173/terms-of-service, websiteUrl=https://lz-insurance.com, emailVerificationUrl=http://localhost:5173/verify-email?token=0XUK0zyXzkqBid3Ryt3aIRVPcJFn_1W1FStgd0rAwcZYl-0KN5vkDDcx-SIW5ni43zf4IpGM_1TlK0mVreUmsg, tokenExpiryHours=0, email=zotevalentin83@gmail.com}, locale=en, scheduledAt=null, sentAt=2026-01-17T00:00:48.446393100, deliveredAt=null, readAt=null, retryCount=0, maxRetries=3, errorMessage=null, errorStackTrace=null, createdBy=null, createdAt=2026-01-17T00:00:37.111318400, updatedAt=2026-01-17T00:00:37.111318400)
2026-01-17 00:00:48 [org.springframework.kafka.KafkaListenerEndpointContainer#0-0-C-1] INFO  c.z.n.s.d.u.SendNotificationImpl - Notification notif-67dc7fd1-9306-4cec-836e-7365f041a295 processed successfully with status: SENT
2026-01-17 00:00:48 [org.springframework.kafka.KafkaListenerEndpointContainer#0-0-C-1] INFO  c.z.n.s.i.a.events.BaseEventHandler - EMAIL_VERIFICATION_REQUESTED notification sent to user: 0cb867c1-6dd5-4ebd-bb33-bab59236c464 with template: email-verification-request
2026-01-17 00:01:12 [http-nio-8086-exec-4] INFO  c.z.n.s.a.u.NotificationService - API: Getting unread count for user: 0cb867c1-6dd5-4ebd-bb33-bab59236c464
2026-01-17 00:01:12 [http-nio-8086-exec-8] INFO  c.z.n.s.a.u.NotificationService - API: Getting notifications for user: 0cb867c1-6dd5-4ebd-bb33-bab59236c464, page: 0, size: 50, channel: null, status: null
2026-01-17 00:01:12 [http-nio-8086-exec-8] INFO  c.z.n.s.d.u.MonitorNotificationsImpl - Getting notifications for user: 0cb867c1-6dd5-4ebd-bb33-bab59236c464, page: 0, size: 50, channel: null, status: null
2026-01-17 00:01:12 [http-nio-8086-exec-4] INFO  c.z.n.s.d.u.MonitorNotificationsImpl - Getting unread count for user: 0cb867c1-6dd5-4ebd-bb33-bab59236c464
2026-01-17 00:01:12 [http-nio-8086-exec-8] INFO  c.z.n.s.i.o.p.p.NotificationRepositoryAdapter - finding notifications for userId: 0cb867c1-6dd5-4ebd-bb33-bab59236c464 with statuses: [PENDING, PROCESSING, SENT, DELIVERED, READ, FAILED, CANCELLED]
2026-01-17 00:01:12 [http-nio-8086-exec-4] INFO  c.z.n.s.i.o.p.p.NotificationRepositoryAdapter - counting notifications for userId: 0cb867c1-6dd5-4ebd-bb33-bab59236c464 with status: DELIVERED
2026-01-17 00:01:15 [websocket-heartbeat-1] INFO  c.z.n.s.i.o.p.p.NotificationRepositoryAdapter - finding notifications with status: PENDING and scheduledAt before: 2026-01-17T00:01:15.852181
2026-01-17 00:01:15 [websocket-heartbeat-1] INFO  c.z.n.s.d.u.NotificationProcessorImpl - Found 0 scheduled notifications to process
2026-01-17 00:01:38 [http-nio-8086-exec-2] INFO  c.z.n.s.a.u.NotificationService - API: Getting unread count for user: 0cb867c1-6dd5-4ebd-bb33-bab59236c464
2026-01-17 00:01:38 [http-nio-8086-exec-2] INFO  c.z.n.s.d.u.MonitorNotificationsImpl - Getting unread count for user: 0cb867c1-6dd5-4ebd-bb33-bab59236c464
2026-01-17 00:01:38 [http-nio-8086-exec-2] INFO  c.z.n.s.i.o.p.p.NotificationRepositoryAdapter - counting notifications for userId: 0cb867c1-6dd5-4ebd-bb33-bab59236c464 with status: DELIVERED
2026-01-17 00:01:38 [http-nio-8086-exec-10] INFO  c.z.n.s.a.u.NotificationService - API: Getting notifications for user: 0cb867c1-6dd5-4ebd-bb33-bab59236c464, page: 0, size: 50, channel: null, status: null
2026-01-17 00:01:38 [http-nio-8086-exec-10] INFO  c.z.n.s.d.u.MonitorNotificationsImpl - Getting notifications for user: 0cb867c1-6dd5-4ebd-bb33-bab59236c464, page: 0, size: 50, channel: null, status: null
2026-01-17 00:01:38 [http-nio-8086-exec-10] INFO  c.z.n.s.i.o.p.p.NotificationRepositoryAdapter - finding notifications for userId: 0cb867c1-6dd5-4ebd-bb33-bab59236c464 with statuses: [PENDING, PROCESSING, SENT, DELIVERED, READ, FAILED, CANCELLED]
2026-01-17 00:01:38 [http-nio-8086-exec-3] INFO  c.z.n.s.a.u.NotificationService - API: Getting unread count for user: 0cb867c1-6dd5-4ebd-bb33-bab59236c464
2026-01-17 00:01:38 [http-nio-8086-exec-3] INFO  c.z.n.s.d.u.MonitorNotificationsImpl - Getting unread count for user: 0cb867c1-6dd5-4ebd-bb33-bab59236c464
2026-01-17 00:01:38 [http-nio-8086-exec-3] INFO  c.z.n.s.i.o.p.p.NotificationRepositoryAdapter - counting notifications for userId: 0cb867c1-6dd5-4ebd-bb33-bab59236c464 with status: DELIVERED
2026-01-17 00:01:38 [http-nio-8086-exec-8] INFO  c.z.n.s.a.u.NotificationService - API: Getting notifications for user: 0cb867c1-6dd5-4ebd-bb33-bab59236c464, page: 0, size: 50, channel: null, status: null
2026-01-17 00:01:38 [http-nio-8086-exec-7] INFO  c.z.n.s.a.u.NotificationService - API: Getting unread count for user: 0cb867c1-6dd5-4ebd-bb33-bab59236c464
2026-01-17 00:01:38 [http-nio-8086-exec-8] INFO  c.z.n.s.d.u.MonitorNotificationsImpl - Getting notifications for user: 0cb867c1-6dd5-4ebd-bb33-bab59236c464, page: 0, size: 50, channel: null, status: null
2026-01-17 00:01:38 [http-nio-8086-exec-8] INFO  c.z.n.s.i.o.p.p.NotificationRepositoryAdapter - finding notifications for userId: 0cb867c1-6dd5-4ebd-bb33-bab59236c464 with statuses: [PENDING, PROCESSING, SENT, DELIVERED, READ, FAILED, CANCELLED]
2026-01-17 00:01:38 [http-nio-8086-exec-7] INFO  c.z.n.s.d.u.MonitorNotificationsImpl - Getting unread count for user: 0cb867c1-6dd5-4ebd-bb33-bab59236c464
2026-01-17 00:01:38 [http-nio-8086-exec-7] INFO  c.z.n.s.i.o.p.p.NotificationRepositoryAdapter - counting notifications for userId: 0cb867c1-6dd5-4ebd-bb33-bab59236c464 with status: DELIVERED
2026-01-17 00:01:38 [http-nio-8086-exec-5] INFO  c.z.n.s.a.u.NotificationService - API: Getting notifications for user: 0cb867c1-6dd5-4ebd-bb33-bab59236c464, page: 0, size: 50, channel: null, status: null
2026-01-17 00:01:38 [http-nio-8086-exec-5] INFO  c.z.n.s.d.u.MonitorNotificationsImpl - Getting notifications for user: 0cb867c1-6dd5-4ebd-bb33-bab59236c464, page: 0, size: 50, channel: null, status: null
2026-01-17 00:01:38 [http-nio-8086-exec-5] INFO  c.z.n.s.i.o.p.p.NotificationRepositoryAdapter - finding notifications for userId: 0cb867c1-6dd5-4ebd-bb33-bab59236c464 with statuses: [PENDING, PROCESSING, SENT, DELIVERED, READ, FAILED, CANCELLED]
2026-01-17 00:02:08 [http-nio-8086-exec-2] INFO  c.z.n.s.a.u.NotificationService - API: Getting notifications for user: 0cb867c1-6dd5-4ebd-bb33-bab59236c464, page: 0, size: 50, channel: null, status: null
2026-01-17 00:02:08 [http-nio-8086-exec-2] INFO  c.z.n.s.d.u.MonitorNotificationsImpl - Getting notifications for user: 0cb867c1-6dd5-4ebd-bb33-bab59236c464, page: 0, size: 50, channel: null, status: null
2026-01-17 00:02:08 [http-nio-8086-exec-2] INFO  c.z.n.s.i.o.p.p.NotificationRepositoryAdapter - finding notifications for userId: 0cb867c1-6dd5-4ebd-bb33-bab59236c464 with statuses: [PENDING, PROCESSING, SENT, DELIVERED, READ, FAILED, CANCELLED]
2026-01-17 00:02:08 [http-nio-8086-exec-9] INFO  c.z.n.s.a.u.NotificationService - API: Getting unread count for user: 0cb867c1-6dd5-4ebd-bb33-bab59236c464
2026-01-17 00:02:08 [http-nio-8086-exec-9] INFO  c.z.n.s.d.u.MonitorNotificationsImpl - Getting unread count for user: 0cb867c1-6dd5-4ebd-bb33-bab59236c464
2026-01-17 00:02:08 [http-nio-8086-exec-9] INFO  c.z.n.s.i.o.p.p.NotificationRepositoryAdapter - counting notifications for userId: 0cb867c1-6dd5-4ebd-bb33-bab59236c464 with status: DELIVERED
2026-01-17 00:02:15 [websocket-heartbeat-1] INFO  c.z.n.s.i.o.p.p.NotificationRepositoryAdapter - finding notifications with status: PENDING and scheduledAt before: 2026-01-17T00:02:15.845459400
2026-01-17 00:02:15 [websocket-heartbeat-1] INFO  c.z.n.s.d.u.NotificationProcessorImpl - Found 0 scheduled notifications to process
2026-01-17 00:02:38 [http-nio-8086-exec-6] INFO  c.z.n.s.a.u.NotificationService - API: Getting unread count for user: 0cb867c1-6dd5-4ebd-bb33-bab59236c464
2026-01-17 00:02:38 [http-nio-8086-exec-6] INFO  c.z.n.s.d.u.MonitorNotificationsImpl - Getting unread count for user: 0cb867c1-6dd5-4ebd-bb33-bab59236c464
2026-01-17 00:02:38 [http-nio-8086-exec-6] INFO  c.z.n.s.i.o.p.p.NotificationRepositoryAdapter - counting notifications for userId: 0cb867c1-6dd5-4ebd-bb33-bab59236c464 with status: DELIVERED
2026-01-17 00:02:38 [http-nio-8086-exec-3] INFO  c.z.n.s.a.u.NotificationService - API: Getting notifications for user: 0cb867c1-6dd5-4ebd-bb33-bab59236c464, page: 0, size: 50, channel: null, status: null
2026-01-17 00:02:38 [http-nio-8086-exec-3] INFO  c.z.n.s.d.u.MonitorNotificationsImpl - Getting notifications for user: 0cb867c1-6dd5-4ebd-bb33-bab59236c464, page: 0, size: 50, channel: null, status: null
2026-01-17 00:02:38 [http-nio-8086-exec-3] INFO  c.z.n.s.i.o.p.p.NotificationRepositoryAdapter - finding notifications for userId: 0cb867c1-6dd5-4ebd-bb33-bab59236c464 with statuses: [PENDING, PROCESSING, SENT, DELIVERED, READ, FAILED, CANCELLED]
2026-01-17 00:03:08 [http-nio-8086-exec-5] INFO  c.z.n.s.a.u.NotificationService - API: Getting unread count for user: 0cb867c1-6dd5-4ebd-bb33-bab59236c464
2026-01-17 00:03:08 [http-nio-8086-exec-5] INFO  c.z.n.s.d.u.MonitorNotificationsImpl - Getting unread count for user: 0cb867c1-6dd5-4ebd-bb33-bab59236c464
2026-01-17 00:03:08 [http-nio-8086-exec-5] INFO  c.z.n.s.i.o.p.p.NotificationRepositoryAdapter - counting notifications for userId: 0cb867c1-6dd5-4ebd-bb33-bab59236c464 with status: DELIVERED
2026-01-17 00:03:08 [http-nio-8086-exec-7] INFO  c.z.n.s.a.u.NotificationService - API: Getting notifications for user: 0cb867c1-6dd5-4ebd-bb33-bab59236c464, page: 0, size: 50, channel: null, status: null
2026-01-17 00:03:08 [http-nio-8086-exec-7] INFO  c.z.n.s.d.u.MonitorNotificationsImpl - Getting notifications for user: 0cb867c1-6dd5-4ebd-bb33-bab59236c464, page: 0, size: 50, channel: null, status: null
2026-01-17 00:03:08 [http-nio-8086-exec-7] INFO  c.z.n.s.i.o.p.p.NotificationRepositoryAdapter - finding notifications for userId: 0cb867c1-6dd5-4ebd-bb33-bab59236c464 with statuses: [PENDING, PROCESSING, SENT, DELIVERED, READ, FAILED, CANCELLED]
2026-01-17 00:03:15 [websocket-heartbeat-1] INFO  c.z.n.s.i.o.p.p.NotificationRepositoryAdapter - finding notifications with status: PENDING and scheduledAt before: 2026-01-17T00:03:15.844357600
2026-01-17 00:03:15 [websocket-heartbeat-1] INFO  c.z.n.s.d.u.NotificationProcessorImpl - Found 0 scheduled notifications to process
2026-01-17 00:03:38 [http-nio-8086-exec-1] INFO  c.z.n.s.a.u.NotificationService - API: Getting unread count for user: 0cb867c1-6dd5-4ebd-bb33-bab59236c464
2026-01-17 00:03:38 [http-nio-8086-exec-2] INFO  c.z.n.s.a.u.NotificationService - API: Getting notifications for user: 0cb867c1-6dd5-4ebd-bb33-bab59236c464, page: 0, size: 50, channel: null, status: null
2026-01-17 00:03:38 [http-nio-8086-exec-1] INFO  c.z.n.s.d.u.MonitorNotificationsImpl - Getting unread count for user: 0cb867c1-6dd5-4ebd-bb33-bab59236c464
2026-01-17 00:03:38 [http-nio-8086-exec-2] INFO  c.z.n.s.d.u.MonitorNotificationsImpl - Getting notifications for user: 0cb867c1-6dd5-4ebd-bb33-bab59236c464, page: 0, size: 50, channel: null, status: null
2026-01-17 00:03:38 [http-nio-8086-exec-1] INFO  c.z.n.s.i.o.p.p.NotificationRepositoryAdapter - counting notifications for userId: 0cb867c1-6dd5-4ebd-bb33-bab59236c464 with status: DELIVERED
2026-01-17 00:03:38 [http-nio-8086-exec-2] INFO  c.z.n.s.i.o.p.p.NotificationRepositoryAdapter - finding notifications for userId: 0cb867c1-6dd5-4ebd-bb33-bab59236c464 with statuses: [PENDING, PROCESSING, SENT, DELIVERED, READ, FAILED, CANCELLED]
2026-01-17 00:04:08 [http-nio-8086-exec-3] INFO  c.z.n.s.a.u.NotificationService - API: Getting notifications for user: 0cb867c1-6dd5-4ebd-bb33-bab59236c464, page: 0, size: 50, channel: null, status: null
2026-01-17 00:04:08 [http-nio-8086-exec-4] INFO  c.z.n.s.a.u.NotificationService - API: Getting unread count for user: 0cb867c1-6dd5-4ebd-bb33-bab59236c464
2026-01-17 00:04:08 [http-nio-8086-exec-3] INFO  c.z.n.s.d.u.MonitorNotificationsImpl - Getting notifications for user: 0cb867c1-6dd5-4ebd-bb33-bab59236c464, page: 0, size: 50, channel: null, status: null
2026-01-17 00:04:08 [http-nio-8086-exec-4] INFO  c.z.n.s.d.u.MonitorNotificationsImpl - Getting unread count for user: 0cb867c1-6dd5-4ebd-bb33-bab59236c464
2026-01-17 00:04:08 [http-nio-8086-exec-3] INFO  c.z.n.s.i.o.p.p.NotificationRepositoryAdapter - finding notifications for userId: 0cb867c1-6dd5-4ebd-bb33-bab59236c464 with statuses: [PENDING, PROCESSING, SENT, DELIVERED, READ, FAILED, CANCELLED]
2026-01-17 00:04:08 [http-nio-8086-exec-4] INFO  c.z.n.s.i.o.p.p.NotificationRepositoryAdapter - counting notifications for userId: 0cb867c1-6dd5-4ebd-bb33-bab59236c464 with status: DELIVERED
2026-01-17 00:04:15 [websocket-heartbeat-1] INFO  c.z.n.s.i.o.p.p.NotificationRepositoryAdapter - finding notifications with status: FAILED and retryCount less than: 3
2026-01-17 00:04:15 [websocket-heartbeat-1] INFO  c.z.n.s.d.u.NotificationProcessorImpl - Found 0 failed notifications to retry
2026-01-17 00:04:15 [websocket-heartbeat-1] INFO  c.z.n.s.i.o.p.p.NotificationRepositoryAdapter - finding notifications with status: PENDING and scheduledAt before: 2026-01-17T00:04:15.849956400
2026-01-17 00:04:15 [websocket-heartbeat-1] INFO  c.z.n.s.d.u.NotificationProcessorImpl - Found 0 scheduled notifications to process
2026-01-17 00:04:39 [http-nio-8086-exec-7] INFO  c.z.n.s.a.u.NotificationService - API: Getting unread count for user: 0cb867c1-6dd5-4ebd-bb33-bab59236c464
2026-01-17 00:04:39 [http-nio-8086-exec-5] INFO  c.z.n.s.a.u.NotificationService - API: Getting notifications for user: 0cb867c1-6dd5-4ebd-bb33-bab59236c464, page: 0, size: 50, channel: null, status: null
2026-01-17 00:04:39 [http-nio-8086-exec-5] INFO  c.z.n.s.d.u.MonitorNotificationsImpl - Getting notifications for user: 0cb867c1-6dd5-4ebd-bb33-bab59236c464, page: 0, size: 50, channel: null, status: null
2026-01-17 00:04:39 [http-nio-8086-exec-5] INFO  c.z.n.s.i.o.p.p.NotificationRepositoryAdapter - finding notifications for userId: 0cb867c1-6dd5-4ebd-bb33-bab59236c464 with statuses: [PENDING, PROCESSING, SENT, DELIVERED, READ, FAILED, CANCELLED]
2026-01-17 00:04:39 [http-nio-8086-exec-7] INFO  c.z.n.s.d.u.MonitorNotificationsImpl - Getting unread count for user: 0cb867c1-6dd5-4ebd-bb33-bab59236c464
2026-01-17 00:04:39 [http-nio-8086-exec-7] INFO  c.z.n.s.i.o.p.p.NotificationRepositoryAdapter - counting notifications for userId: 0cb867c1-6dd5-4ebd-bb33-bab59236c464 with status: DELIVERED
2026-01-17 00:05:09 [http-nio-8086-exec-6] INFO  c.z.n.s.a.u.NotificationService - API: Getting notifications for user: 0cb867c1-6dd5-4ebd-bb33-bab59236c464, page: 0, size: 50, channel: null, status: null
2026-01-17 00:05:09 [http-nio-8086-exec-4] INFO  c.z.n.s.a.u.NotificationService - API: Getting unread count for user: 0cb867c1-6dd5-4ebd-bb33-bab59236c464
2026-01-17 00:05:09 [http-nio-8086-exec-6] INFO  c.z.n.s.d.u.MonitorNotificationsImpl - Getting notifications for user: 0cb867c1-6dd5-4ebd-bb33-bab59236c464, page: 0, size: 50, channel: null, status: null
2026-01-17 00:05:09 [http-nio-8086-exec-4] INFO  c.z.n.s.d.u.MonitorNotificationsImpl - Getting unread count for user: 0cb867c1-6dd5-4ebd-bb33-bab59236c464
2026-01-17 00:05:09 [http-nio-8086-exec-6] INFO  c.z.n.s.i.o.p.p.NotificationRepositoryAdapter - finding notifications for userId: 0cb867c1-6dd5-4ebd-bb33-bab59236c464 with statuses: [PENDING, PROCESSING, SENT, DELIVERED, READ, FAILED, CANCELLED]
2026-01-17 00:05:09 [http-nio-8086-exec-4] INFO  c.z.n.s.i.o.p.p.NotificationRepositoryAdapter - counting notifications for userId: 0cb867c1-6dd5-4ebd-bb33-bab59236c464 with status: DELIVERED
2026-01-17 00:05:15 [websocket-heartbeat-1] INFO  c.z.n.s.i.o.p.p.NotificationRepositoryAdapter - finding notifications with status: PENDING and scheduledAt before: 2026-01-17T00:05:15.851166
2026-01-17 00:05:15 [websocket-heartbeat-1] INFO  c.z.n.s.d.u.NotificationProcessorImpl - Found 0 scheduled notifications to process
2026-01-17 00:06:15 [websocket-heartbeat-1] INFO  c.z.n.s.i.o.p.p.NotificationRepositoryAdapter - finding notifications with status: PENDING and scheduledAt before: 2026-01-17T00:06:15.860530100
2026-01-17 00:06:15 [websocket-heartbeat-1] INFO  c.z.n.s.d.u.NotificationProcessorImpl - Found 0 scheduled notifications to process
2026-01-17 00:06:30 [http-nio-8086-exec-5] INFO  c.z.n.s.a.u.NotificationService - API: Getting unread count for user: 0cb867c1-6dd5-4ebd-bb33-bab59236c464
2026-01-17 00:06:30 [http-nio-8086-exec-7] INFO  c.z.n.s.a.u.NotificationService - API: Getting notifications for user: 0cb867c1-6dd5-4ebd-bb33-bab59236c464, page: 0, size: 50, channel: null, status: null
2026-01-17 00:06:30 [http-nio-8086-exec-7] INFO  c.z.n.s.d.u.MonitorNotificationsImpl - Getting notifications for user: 0cb867c1-6dd5-4ebd-bb33-bab59236c464, page: 0, size: 50, channel: null, status: null
2026-01-17 00:06:30 [http-nio-8086-exec-7] INFO  c.z.n.s.i.o.p.p.NotificationRepositoryAdapter - finding notifications for userId: 0cb867c1-6dd5-4ebd-bb33-bab59236c464 with statuses: [PENDING, PROCESSING, SENT, DELIVERED, READ, FAILED, CANCELLED]
2026-01-17 00:06:30 [http-nio-8086-exec-5] INFO  c.z.n.s.d.u.MonitorNotificationsImpl - Getting unread count for user: 0cb867c1-6dd5-4ebd-bb33-bab59236c464
2026-01-17 00:06:30 [http-nio-8086-exec-5] INFO  c.z.n.s.i.o.p.p.NotificationRepositoryAdapter - counting notifications for userId: 0cb867c1-6dd5-4ebd-bb33-bab59236c464 with status: DELIVERED
2026-01-17 00:07:15 [websocket-heartbeat-1] INFO  c.z.n.s.i.o.p.p.NotificationRepositoryAdapter - finding notifications with status: PENDING and scheduledAt before: 2026-01-17T00:07:15.865647
2026-01-17 00:07:15 [websocket-heartbeat-1] INFO  c.z.n.s.d.u.NotificationProcessorImpl - Found 0 scheduled notifications to process
2026-01-17 00:07:30 [http-nio-8086-exec-4] INFO  c.z.n.s.a.u.NotificationService - API: Getting notifications for user: 0cb867c1-6dd5-4ebd-bb33-bab59236c464, page: 0, size: 50, channel: null, status: null
2026-01-17 00:07:30 [http-nio-8086-exec-4] INFO  c.z.n.s.d.u.MonitorNotificationsImpl - Getting notifications for user: 0cb867c1-6dd5-4ebd-bb33-bab59236c464, page: 0, size: 50, channel: null, status: null
2026-01-17 00:07:30 [http-nio-8086-exec-4] INFO  c.z.n.s.i.o.p.p.NotificationRepositoryAdapter - finding notifications for userId: 0cb867c1-6dd5-4ebd-bb33-bab59236c464 with statuses: [PENDING, PROCESSING, SENT, DELIVERED, READ, FAILED, CANCELLED]
2026-01-17 00:07:30 [http-nio-8086-exec-6] INFO  c.z.n.s.a.u.NotificationService - API: Getting unread count for user: 0cb867c1-6dd5-4ebd-bb33-bab59236c464
2026-01-17 00:07:30 [http-nio-8086-exec-6] INFO  c.z.n.s.d.u.MonitorNotificationsImpl - Getting unread count for user: 0cb867c1-6dd5-4ebd-bb33-bab59236c464
2026-01-17 00:07:30 [http-nio-8086-exec-6] INFO  c.z.n.s.i.o.p.p.NotificationRepositoryAdapter - counting notifications for userId: 0cb867c1-6dd5-4ebd-bb33-bab59236c464 with status: DELIVERED
2026-01-17 00:08:15 [websocket-heartbeat-1] INFO  c.z.n.s.i.o.p.p.NotificationRepositoryAdapter - finding notifications with status: PENDING and scheduledAt before: 2026-01-17T00:08:15.855137800
2026-01-17 00:08:15 [websocket-heartbeat-1] INFO  c.z.n.s.d.u.NotificationProcessorImpl - Found 0 scheduled notifications to process
2026-01-17 00:08:31 [http-nio-8086-exec-5] INFO  c.z.n.s.a.u.NotificationService - API: Getting notifications for user: 0cb867c1-6dd5-4ebd-bb33-bab59236c464, page: 0, size: 50, channel: null, status: null
2026-01-17 00:08:31 [http-nio-8086-exec-5] INFO  c.z.n.s.d.u.MonitorNotificationsImpl - Getting notifications for user: 0cb867c1-6dd5-4ebd-bb33-bab59236c464, page: 0, size: 50, channel: null, status: null
2026-01-17 00:08:31 [http-nio-8086-exec-5] INFO  c.z.n.s.i.o.p.p.NotificationRepositoryAdapter - finding notifications for userId: 0cb867c1-6dd5-4ebd-bb33-bab59236c464 with statuses: [PENDING, PROCESSING, SENT, DELIVERED, READ, FAILED, CANCELLED]
2026-01-17 00:08:31 [http-nio-8086-exec-7] INFO  c.z.n.s.a.u.NotificationService - API: Getting unread count for user: 0cb867c1-6dd5-4ebd-bb33-bab59236c464
2026-01-17 00:08:31 [http-nio-8086-exec-7] INFO  c.z.n.s.d.u.MonitorNotificationsImpl - Getting unread count for user: 0cb867c1-6dd5-4ebd-bb33-bab59236c464
2026-01-17 00:08:31 [http-nio-8086-exec-7] INFO  c.z.n.s.i.o.p.p.NotificationRepositoryAdapter - counting notifications for userId: 0cb867c1-6dd5-4ebd-bb33-bab59236c464 with status: DELIVERED
2026-01-17 00:09:15 [websocket-heartbeat-1] INFO  c.z.n.s.i.o.p.p.NotificationRepositoryAdapter - finding notifications with status: FAILED and retryCount less than: 3
2026-01-17 00:09:15 [websocket-heartbeat-1] INFO  c.z.n.s.d.u.NotificationProcessorImpl - Found 0 failed notifications to retry
2026-01-17 00:09:15 [websocket-heartbeat-1] INFO  c.z.n.s.i.o.p.p.NotificationRepositoryAdapter - finding notifications with status: PENDING and scheduledAt before: 2026-01-17T00:09:15.857413900
2026-01-17 00:09:15 [websocket-heartbeat-1] INFO  c.z.n.s.d.u.NotificationProcessorImpl - Found 0 scheduled notifications to process
2026-01-17 00:09:30 [http-nio-8086-exec-4] INFO  c.z.n.s.a.u.NotificationService - API: Getting unread count for user: 0cb867c1-6dd5-4ebd-bb33-bab59236c464
2026-01-17 00:09:30 [http-nio-8086-exec-4] INFO  c.z.n.s.d.u.MonitorNotificationsImpl - Getting unread count for user: 0cb867c1-6dd5-4ebd-bb33-bab59236c464
2026-01-17 00:09:30 [http-nio-8086-exec-6] INFO  c.z.n.s.a.u.NotificationService - API: Getting notifications for user: 0cb867c1-6dd5-4ebd-bb33-bab59236c464, page: 0, size: 50, channel: null, status: null
2026-01-17 00:09:30 [http-nio-8086-exec-4] INFO  c.z.n.s.i.o.p.p.NotificationRepositoryAdapter - counting notifications for userId: 0cb867c1-6dd5-4ebd-bb33-bab59236c464 with status: DELIVERED
2026-01-17 00:09:30 [http-nio-8086-exec-6] INFO  c.z.n.s.d.u.MonitorNotificationsImpl - Getting notifications for user: 0cb867c1-6dd5-4ebd-bb33-bab59236c464, page: 0, size: 50, channel: null, status: null
2026-01-17 00:09:30 [http-nio-8086-exec-6] INFO  c.z.n.s.i.o.p.p.NotificationRepositoryAdapter - finding notifications for userId: 0cb867c1-6dd5-4ebd-bb33-bab59236c464 with statuses: [PENDING, PROCESSING, SENT, DELIVERED, READ, FAILED, CANCELLED]
2026-01-17 00:10:15 [websocket-heartbeat-1] INFO  c.z.n.s.i.o.p.p.NotificationRepositoryAdapter - finding notifications with status: PENDING and scheduledAt before: 2026-01-17T00:10:15.848262700
2026-01-17 00:10:15 [websocket-heartbeat-1] INFO  c.z.n.s.d.u.NotificationProcessorImpl - Found 0 scheduled notifications to process
2026-01-17 00:11:16 [websocket-heartbeat-1] INFO  c.z.n.s.i.o.p.p.NotificationRepositoryAdapter - finding notifications with status: PENDING and scheduledAt before: 2026-01-17T00:11:16.075695800
2026-01-17 00:11:16 [websocket-heartbeat-1] INFO  c.z.n.s.d.u.NotificationProcessorImpl - Found 0 scheduled notifications to process
2026-01-17 00:12:15 [websocket-heartbeat-1] INFO  c.z.n.s.i.o.p.p.NotificationRepositoryAdapter - finding notifications with status: PENDING and scheduledAt before: 2026-01-17T00:12:15.844938500
2026-01-17 00:12:15 [websocket-heartbeat-1] INFO  c.z.n.s.d.u.NotificationProcessorImpl - Found 0 scheduled notifications to process
2026-01-17 00:13:15 [websocket-heartbeat-1] INFO  c.z.n.s.i.o.p.p.NotificationRepositoryAdapter - finding notifications with status: PENDING and scheduledAt before: 2026-01-17T00:13:15.847690100
2026-01-17 00:13:15 [websocket-heartbeat-1] INFO  c.z.n.s.d.u.NotificationProcessorImpl - Found 0 scheduled notifications to process
2026-01-17 00:14:15 [websocket-heartbeat-1] INFO  c.z.n.s.i.o.p.p.NotificationRepositoryAdapter - finding notifications with status: FAILED and retryCount less than: 3
2026-01-17 00:14:15 [websocket-heartbeat-1] INFO  c.z.n.s.d.u.NotificationProcessorImpl - Found 0 failed notifications to retry
2026-01-17 00:14:15 [websocket-heartbeat-1] INFO  c.z.n.s.i.o.p.p.NotificationRepositoryAdapter - finding notifications with status: PENDING and scheduledAt before: 2026-01-17T00:14:15.892617900
2026-01-17 00:14:15 [websocket-heartbeat-1] INFO  c.z.n.s.d.u.NotificationProcessorImpl - Found 0 scheduled notifications to process
2026-01-17 00:15:15 [websocket-heartbeat-1] INFO  c.z.n.s.i.o.p.p.NotificationRepositoryAdapter - finding notifications with status: PENDING and scheduledAt before: 2026-01-17T00:15:15.857557800
2026-01-17 00:15:15 [websocket-heartbeat-1] INFO  c.z.n.s.d.u.NotificationProcessorImpl - Found 0 scheduled notifications to process
2026-01-17 00:16:15 [websocket-heartbeat-1] INFO  c.z.n.s.i.o.p.p.NotificationRepositoryAdapter - finding notifications with status: PENDING and scheduledAt before: 2026-01-17T00:16:15.857012300
2026-01-17 00:16:15 [websocket-heartbeat-1] INFO  c.z.n.s.d.u.NotificationProcessorImpl - Found 0 scheduled notifications to process
2026-01-17 00:17:15 [websocket-heartbeat-1] INFO  c.z.n.s.i.o.p.p.NotificationRepositoryAdapter - finding notifications with status: PENDING and scheduledAt before: 2026-01-17T00:17:15.847282500
2026-01-17 00:17:15 [websocket-heartbeat-1] INFO  c.z.n.s.d.u.NotificationProcessorImpl - Found 0 scheduled notifications to process
2026-01-17 00:18:15 [websocket-heartbeat-1] INFO  c.z.n.s.i.o.p.p.NotificationRepositoryAdapter - finding notifications with status: PENDING and scheduledAt before: 2026-01-17T00:18:15.849343900
2026-01-17 00:18:15 [websocket-heartbeat-1] INFO  c.z.n.s.d.u.NotificationProcessorImpl - Found 0 scheduled notifications to process
2026-01-17 00:19:15 [websocket-heartbeat-1] INFO  c.z.n.s.i.o.p.p.NotificationRepositoryAdapter - finding notifications with status: FAILED and retryCount less than: 3
2026-01-17 00:19:15 [websocket-heartbeat-1] INFO  c.z.n.s.d.u.NotificationProcessorImpl - Found 0 failed notifications to retry
2026-01-17 00:19:15 [websocket-heartbeat-1] INFO  c.z.n.s.i.o.p.p.NotificationRepositoryAdapter - finding notifications with status: PENDING and scheduledAt before: 2026-01-17T00:19:15.860219
2026-01-17 00:19:15 [websocket-heartbeat-1] INFO  c.z.n.s.d.u.NotificationProcessorImpl - Found 0 scheduled notifications to process
2026-01-17 00:20:15 [websocket-heartbeat-1] INFO  c.z.n.s.i.o.p.p.NotificationRepositoryAdapter - finding notifications with status: PENDING and scheduledAt before: 2026-01-17T00:20:15.889878700
2026-01-17 00:20:15 [websocket-heartbeat-1] INFO  c.z.n.s.d.u.NotificationProcessorImpl - Found 0 scheduled notifications to process
2026-01-17 00:21:15 [websocket-heartbeat-1] INFO  c.z.n.s.i.o.p.p.NotificationRepositoryAdapter - finding notifications with status: PENDING and scheduledAt before: 2026-01-17T00:21:15.856936700
2026-01-17 00:21:15 [websocket-heartbeat-1] INFO  c.z.n.s.d.u.NotificationProcessorImpl - Found 0 scheduled notifications to process
2026-01-17 00:22:15 [websocket-heartbeat-1] INFO  c.z.n.s.i.o.p.p.NotificationRepositoryAdapter - finding notifications with status: PENDING and scheduledAt before: 2026-01-17T00:22:15.851600100
2026-01-17 00:22:15 [websocket-heartbeat-1] INFO  c.z.n.s.d.u.NotificationProcessorImpl - Found 0 scheduled notifications to process
2026-01-17 00:23:15 [websocket-heartbeat-1] INFO  c.z.n.s.i.o.p.p.NotificationRepositoryAdapter - finding notifications with status: PENDING and scheduledAt before: 2026-01-17T00:23:15.858034400
2026-01-17 00:23:15 [websocket-heartbeat-1] INFO  c.z.n.s.d.u.NotificationProcessorImpl - Found 0 scheduled notifications to process
2026-01-17 00:24:15 [websocket-heartbeat-1] INFO  c.z.n.s.i.o.p.p.NotificationRepositoryAdapter - finding notifications with status: FAILED and retryCount less than: 3
2026-01-17 00:24:15 [websocket-heartbeat-1] INFO  c.z.n.s.d.u.NotificationProcessorImpl - Found 0 failed notifications to retry
2026-01-17 00:24:15 [websocket-heartbeat-1] INFO  c.z.n.s.i.o.p.p.NotificationRepositoryAdapter - finding notifications with status: PENDING and scheduledAt before: 2026-01-17T00:24:15.852263800
2026-01-17 00:24:15 [websocket-heartbeat-1] INFO  c.z.n.s.d.u.NotificationProcessorImpl - Found 0 scheduled notifications to process
2026-01-17 00:25:15 [websocket-heartbeat-1] INFO  c.z.n.s.i.o.p.p.NotificationRepositoryAdapter - finding notifications with status: PENDING and scheduledAt before: 2026-01-17T00:25:15.846935200
2026-01-17 00:25:15 [websocket-heartbeat-1] INFO  c.z.n.s.d.u.NotificationProcessorImpl - Found 0 scheduled notifications to process
2026-01-17 00:26:15 [websocket-heartbeat-1] INFO  c.z.n.s.i.o.p.p.NotificationRepositoryAdapter - finding notifications with status: PENDING and scheduledAt before: 2026-01-17T00:26:15.847915800
2026-01-17 00:26:15 [websocket-heartbeat-1] INFO  c.z.n.s.d.u.NotificationProcessorImpl - Found 0 scheduled notifications to process
2026-01-17 00:27:15 [websocket-heartbeat-1] INFO  c.z.n.s.i.o.p.p.NotificationRepositoryAdapter - finding notifications with status: PENDING and scheduledAt before: 2026-01-17T00:27:15.856889600
2026-01-17 00:27:15 [websocket-heartbeat-1] INFO  c.z.n.s.d.u.NotificationProcessorImpl - Found 0 scheduled notifications to process
2026-01-17 00:28:15 [websocket-heartbeat-1] INFO  c.z.n.s.i.o.p.p.NotificationRepositoryAdapter - finding notifications with status: PENDING and scheduledAt before: 2026-01-17T00:28:15.844732
2026-01-17 00:28:15 [websocket-heartbeat-1] INFO  c.z.n.s.d.u.NotificationProcessorImpl - Found 0 scheduled notifications to process
2026-01-17 00:29:15 [websocket-heartbeat-1] INFO  c.z.n.s.i.o.p.p.NotificationRepositoryAdapter - finding notifications with status: FAILED and retryCount less than: 3
2026-01-17 00:29:15 [websocket-heartbeat-1] INFO  c.z.n.s.d.u.NotificationProcessorImpl - Found 0 failed notifications to retry
2026-01-17 00:29:15 [websocket-heartbeat-1] INFO  c.z.n.s.i.o.p.p.NotificationRepositoryAdapter - finding notifications with status: PENDING and scheduledAt before: 2026-01-17T00:29:15.881352400
2026-01-17 00:29:15 [websocket-heartbeat-1] INFO  c.z.n.s.d.u.NotificationProcessorImpl - Found 0 scheduled notifications to process
2026-01-17 00:30:12 [MessageBroker-1] INFO  o.s.w.s.c.WebSocketMessageBrokerStats - WebSocketSession[0 current WS(0)-HttpStream(0)-HttpPoll(0), 2 total, 0 closed abnormally (0 connect failure, 0 send limit, 0 transport error)], stompSubProtocol[processed CONNECT(2)-CONNECTED(2)-DISCONNECT(0)], stompBrokerRelay[null], inboundChannel[pool size = 0, active threads = 0, queued tasks = 0, completed tasks = 57], outboundChannel[pool size = 0, active threads = 0, queued tasks = 0, completed tasks = 26], sockJsScheduler[pool size = 6, active threads = 1, queued tasks = 1, completed tasks = 362]
2026-01-17 00:30:15 [websocket-heartbeat-1] INFO  c.z.n.s.i.o.p.p.NotificationRepositoryAdapter - finding notifications with status: PENDING and scheduledAt before: 2026-01-17T00:30:15.858339900
2026-01-17 00:30:15 [websocket-heartbeat-1] INFO  c.z.n.s.d.u.NotificationProcessorImpl - Found 0 scheduled notifications to process
2026-01-17 00:31:15 [websocket-heartbeat-1] INFO  c.z.n.s.i.o.p.p.NotificationRepositoryAdapter - finding notifications with status: PENDING and scheduledAt before: 2026-01-17T00:31:15.846838100
2026-01-17 00:31:15 [websocket-heartbeat-1] INFO  c.z.n.s.d.u.NotificationProcessorImpl - Found 0 scheduled notifications to process
2026-01-17 00:32:15 [websocket-heartbeat-1] INFO  c.z.n.s.i.o.p.p.NotificationRepositoryAdapter - finding notifications with status: PENDING and scheduledAt before: 2026-01-17T00:32:15.851405100
2026-01-17 00:32:15 [websocket-heartbeat-1] INFO  c.z.n.s.d.u.NotificationProcessorImpl - Found 0 scheduled notifications to process
2026-01-17 00:33:15 [websocket-heartbeat-1] INFO  c.z.n.s.i.o.p.p.NotificationRepositoryAdapter - finding notifications with status: PENDING and scheduledAt before: 2026-01-17T00:33:15.845741
2026-01-17 00:33:15 [websocket-heartbeat-1] INFO  c.z.n.s.d.u.NotificationProcessorImpl - Found 0 scheduled notifications to process
2026-01-17 00:34:15 [websocket-heartbeat-1] INFO  c.z.n.s.i.o.p.p.NotificationRepositoryAdapter - finding notifications with status: FAILED and retryCount less than: 3
2026-01-17 00:34:15 [websocket-heartbeat-1] INFO  c.z.n.s.d.u.NotificationProcessorImpl - Found 0 failed notifications to retry
2026-01-17 00:34:15 [websocket-heartbeat-1] INFO  c.z.n.s.i.o.p.p.NotificationRepositoryAdapter - finding notifications with status: PENDING and scheduledAt before: 2026-01-17T00:34:15.879480700
2026-01-17 00:34:15 [websocket-heartbeat-1] INFO  c.z.n.s.d.u.NotificationProcessorImpl - Found 0 scheduled notifications to process
2026-01-17 00:35:15 [websocket-heartbeat-1] INFO  c.z.n.s.i.o.p.p.NotificationRepositoryAdapter - finding notifications with status: PENDING and scheduledAt before: 2026-01-17T00:35:15.852388400
2026-01-17 00:35:15 [websocket-heartbeat-1] INFO  c.z.n.s.d.u.NotificationProcessorImpl - Found 0 scheduled notifications to process
2026-01-17 00:36:15 [websocket-heartbeat-1] INFO  c.z.n.s.i.o.p.p.NotificationRepositoryAdapter - finding notifications with status: PENDING and scheduledAt before: 2026-01-17T00:36:15.856247400
2026-01-17 00:36:15 [websocket-heartbeat-1] INFO  c.z.n.s.d.u.NotificationProcessorImpl - Found 0 scheduled notifications to process
2026-01-17 00:37:15 [websocket-heartbeat-1] INFO  c.z.n.s.i.o.p.p.NotificationRepositoryAdapter - finding notifications with status: PENDING and scheduledAt before: 2026-01-17T00:37:15.855503800
2026-01-17 00:37:15 [websocket-heartbeat-1] INFO  c.z.n.s.d.u.NotificationProcessorImpl - Found 0 scheduled notifications to process
2026-01-17 00:38:15 [websocket-heartbeat-1] INFO  c.z.n.s.i.o.p.p.NotificationRepositoryAdapter - finding notifications with status: PENDING and scheduledAt before: 2026-01-17T00:38:15.850732600
2026-01-17 00:38:15 [websocket-heartbeat-1] INFO  c.z.n.s.d.u.NotificationProcessorImpl - Found 0 scheduled notifications to process
2026-01-17 00:39:15 [websocket-heartbeat-1] INFO  c.z.n.s.i.o.p.p.NotificationRepositoryAdapter - finding notifications with status: FAILED and retryCount less than: 3
2026-01-17 00:39:15 [websocket-heartbeat-1] INFO  c.z.n.s.d.u.NotificationProcessorImpl - Found 0 failed notifications to retry
2026-01-17 00:39:15 [websocket-heartbeat-1] INFO  c.z.n.s.i.o.p.p.NotificationRepositoryAdapter - finding notifications with status: PENDING and scheduledAt before: 2026-01-17T00:39:15.852745800
2026-01-17 00:39:15 [websocket-heartbeat-1] INFO  c.z.n.s.d.u.NotificationProcessorImpl - Found 0 scheduled notifications to process
2026-01-17 00:40:15 [websocket-heartbeat-1] INFO  c.z.n.s.i.o.p.p.NotificationRepositoryAdapter - finding notifications with status: PENDING and scheduledAt before: 2026-01-17T00:40:15.854656100
2026-01-17 00:40:15 [websocket-heartbeat-1] INFO  c.z.n.s.d.u.NotificationProcessorImpl - Found 0 scheduled notifications to process
2026-01-17 00:41:15 [websocket-heartbeat-1] INFO  c.z.n.s.i.o.p.p.NotificationRepositoryAdapter - finding notifications with status: PENDING and scheduledAt before: 2026-01-17T00:41:15.847811500
2026-01-17 00:41:15 [websocket-heartbeat-1] INFO  c.z.n.s.d.u.NotificationProcessorImpl - Found 0 scheduled notifications to process
2026-01-17 00:42:15 [websocket-heartbeat-1] INFO  c.z.n.s.i.o.p.p.NotificationRepositoryAdapter - finding notifications with status: PENDING and scheduledAt before: 2026-01-17T00:42:15.855992300
2026-01-17 00:42:15 [websocket-heartbeat-1] INFO  c.z.n.s.d.u.NotificationProcessorImpl - Found 0 scheduled notifications to process
2026-01-17 00:43:15 [websocket-heartbeat-1] INFO  c.z.n.s.i.o.p.p.NotificationRepositoryAdapter - finding notifications with status: PENDING and scheduledAt before: 2026-01-17T00:43:15.852996800
2026-01-17 00:43:15 [websocket-heartbeat-1] INFO  c.z.n.s.d.u.NotificationProcessorImpl - Found 0 scheduled notifications to process
2026-01-17 00:44:15 [websocket-heartbeat-1] INFO  c.z.n.s.i.o.p.p.NotificationRepositoryAdapter - finding notifications with status: FAILED and retryCount less than: 3
2026-01-17 00:44:15 [websocket-heartbeat-1] INFO  c.z.n.s.d.u.NotificationProcessorImpl - Found 0 failed notifications to retry
2026-01-17 00:44:15 [websocket-heartbeat-1] INFO  c.z.n.s.i.o.p.p.NotificationRepositoryAdapter - finding notifications with status: PENDING and scheduledAt before: 2026-01-17T00:44:15.857436500
2026-01-17 00:44:15 [websocket-heartbeat-1] INFO  c.z.n.s.d.u.NotificationProcessorImpl - Found 0 scheduled notifications to process
2026-01-17 00:45:15 [websocket-heartbeat-1] INFO  c.z.n.s.i.o.p.p.NotificationRepositoryAdapter - finding notifications with status: PENDING and scheduledAt before: 2026-01-17T00:45:15.851737
2026-01-17 00:45:15 [websocket-heartbeat-1] INFO  c.z.n.s.d.u.NotificationProcessorImpl - Found 0 scheduled notifications to process
2026-01-17 00:46:15 [websocket-heartbeat-1] INFO  c.z.n.s.i.o.p.p.NotificationRepositoryAdapter - finding notifications with status: PENDING and scheduledAt before: 2026-01-17T00:46:15.860487100
2026-01-17 00:46:15 [websocket-heartbeat-1] INFO  c.z.n.s.d.u.NotificationProcessorImpl - Found 0 scheduled notifications to process
2026-01-17 00:47:15 [websocket-heartbeat-1] INFO  c.z.n.s.i.o.p.p.NotificationRepositoryAdapter - finding notifications with status: PENDING and scheduledAt before: 2026-01-17T00:47:15.850510400
2026-01-17 00:47:15 [websocket-heartbeat-1] INFO  c.z.n.s.d.u.NotificationProcessorImpl - Found 0 scheduled notifications to process
2026-01-17 00:48:15 [websocket-heartbeat-1] INFO  c.z.n.s.i.o.p.p.NotificationRepositoryAdapter - finding notifications with status: PENDING and scheduledAt before: 2026-01-17T00:48:15.857002400
2026-01-17 00:48:15 [websocket-heartbeat-1] INFO  c.z.n.s.d.u.NotificationProcessorImpl - Found 0 scheduled notifications to process
2026-01-17 00:49:15 [websocket-heartbeat-1] INFO  c.z.n.s.i.o.p.p.NotificationRepositoryAdapter - finding notifications with status: FAILED and retryCount less than: 3
2026-01-17 00:49:15 [websocket-heartbeat-1] INFO  c.z.n.s.d.u.NotificationProcessorImpl - Found 0 failed notifications to retry
2026-01-17 00:49:15 [websocket-heartbeat-1] INFO  c.z.n.s.i.o.p.p.NotificationRepositoryAdapter - finding notifications with status: PENDING and scheduledAt before: 2026-01-17T00:49:15.865193600
2026-01-17 00:49:15 [websocket-heartbeat-1] INFO  c.z.n.s.d.u.NotificationProcessorImpl - Found 0 scheduled notifications to process
2026-01-17 00:50:15 [websocket-heartbeat-1] INFO  c.z.n.s.i.o.p.p.NotificationRepositoryAdapter - finding notifications with status: PENDING and scheduledAt before: 2026-01-17T00:50:15.859326100
2026-01-17 00:50:15 [websocket-heartbeat-1] INFO  c.z.n.s.d.u.NotificationProcessorImpl - Found 0 scheduled notifications to process
2026-01-17 00:51:15 [websocket-heartbeat-1] INFO  c.z.n.s.i.o.p.p.NotificationRepositoryAdapter - finding notifications with status: PENDING and scheduledAt before: 2026-01-17T00:51:15.988094900
2026-01-17 00:51:15 [websocket-heartbeat-1] INFO  c.z.n.s.d.u.NotificationProcessorImpl - Found 0 scheduled notifications to process
2026-01-17 00:52:15 [websocket-heartbeat-1] INFO  c.z.n.s.i.o.p.p.NotificationRepositoryAdapter - finding notifications with status: PENDING and scheduledAt before: 2026-01-17T00:52:15.851678500
2026-01-17 00:52:15 [websocket-heartbeat-1] INFO  c.z.n.s.d.u.NotificationProcessorImpl - Found 0 scheduled notifications to process
2026-01-17 00:53:15 [websocket-heartbeat-1] INFO  c.z.n.s.i.o.p.p.NotificationRepositoryAdapter - finding notifications with status: PENDING and scheduledAt before: 2026-01-17T00:53:15.857717600
2026-01-17 00:53:15 [websocket-heartbeat-1] INFO  c.z.n.s.d.u.NotificationProcessorImpl - Found 0 scheduled notifications to process
2026-01-17 00:54:15 [websocket-heartbeat-1] INFO  c.z.n.s.i.o.p.p.NotificationRepositoryAdapter - finding notifications with status: FAILED and retryCount less than: 3
2026-01-17 00:54:15 [websocket-heartbeat-1] INFO  c.z.n.s.d.u.NotificationProcessorImpl - Found 0 failed notifications to retry
2026-01-17 00:54:15 [websocket-heartbeat-1] INFO  c.z.n.s.i.o.p.p.NotificationRepositoryAdapter - finding notifications with status: PENDING and scheduledAt before: 2026-01-17T00:54:15.853582500
2026-01-17 00:54:15 [websocket-heartbeat-1] INFO  c.z.n.s.d.u.NotificationProcessorImpl - Found 0 scheduled notifications to process
2026-01-17 00:55:15 [websocket-heartbeat-1] INFO  c.z.n.s.i.o.p.p.NotificationRepositoryAdapter - finding notifications with status: PENDING and scheduledAt before: 2026-01-17T00:55:15.844609100
2026-01-17 00:55:15 [websocket-heartbeat-1] INFO  c.z.n.s.d.u.NotificationProcessorImpl - Found 0 scheduled notifications to process
2026-01-17 00:56:15 [websocket-heartbeat-1] INFO  c.z.n.s.i.o.p.p.NotificationRepositoryAdapter - finding notifications with status: PENDING and scheduledAt before: 2026-01-17T00:56:15.853978200
2026-01-17 00:56:15 [websocket-heartbeat-1] INFO  c.z.n.s.d.u.NotificationProcessorImpl - Found 0 scheduled notifications to process
2026-01-17 00:57:15 [websocket-heartbeat-1] INFO  c.z.n.s.i.o.p.p.NotificationRepositoryAdapter - finding notifications with status: PENDING and scheduledAt before: 2026-01-17T00:57:15.850975400
2026-01-17 00:57:15 [websocket-heartbeat-1] INFO  c.z.n.s.d.u.NotificationProcessorImpl - Found 0 scheduled notifications to process
2026-01-17 00:58:15 [websocket-heartbeat-1] INFO  c.z.n.s.i.o.p.p.NotificationRepositoryAdapter - finding notifications with status: PENDING and scheduledAt before: 2026-01-17T00:58:15.856903600
2026-01-17 00:58:15 [websocket-heartbeat-1] INFO  c.z.n.s.d.u.NotificationProcessorImpl - Found 0 scheduled notifications to process
2026-01-17 00:59:15 [websocket-heartbeat-1] INFO  c.z.n.s.i.o.p.p.NotificationRepositoryAdapter - finding notifications with status: FAILED and retryCount less than: 3
2026-01-17 00:59:15 [websocket-heartbeat-1] INFO  c.z.n.s.d.u.NotificationProcessorImpl - Found 0 failed notifications to retry
2026-01-17 00:59:15 [websocket-heartbeat-1] INFO  c.z.n.s.i.o.p.p.NotificationRepositoryAdapter - finding notifications with status: PENDING and scheduledAt before: 2026-01-17T00:59:15.944536400
2026-01-17 00:59:15 [websocket-heartbeat-1] INFO  c.z.n.s.d.u.NotificationProcessorImpl - Found 0 scheduled notifications to process
2026-01-17 01:00:12 [MessageBroker-2] INFO  o.s.w.s.c.WebSocketMessageBrokerStats - WebSocketSession[0 current WS(0)-HttpStream(0)-HttpPoll(0), 2 total, 0 closed abnormally (0 connect failure, 0 send limit, 0 transport error)], stompSubProtocol[processed CONNECT(2)-CONNECTED(2)-DISCONNECT(0)], stompBrokerRelay[null], inboundChannel[pool size = 0, active threads = 0, queued tasks = 0, completed tasks = 57], outboundChannel[pool size = 0, active threads = 0, queued tasks = 0, completed tasks = 26], sockJsScheduler[pool size = 6, active threads = 1, queued tasks = 1, completed tasks = 723]
2026-01-17 01:00:15 [websocket-heartbeat-1] INFO  c.z.n.s.i.o.p.p.NotificationRepositoryAdapter - finding notifications with status: PENDING and scheduledAt before: 2026-01-17T01:00:15.854869400
2026-01-17 01:00:15 [websocket-heartbeat-1] INFO  c.z.n.s.d.u.NotificationProcessorImpl - Found 0 scheduled notifications to process
2026-01-17 01:01:15 [websocket-heartbeat-1] INFO  c.z.n.s.i.o.p.p.NotificationRepositoryAdapter - finding notifications with status: PENDING and scheduledAt before: 2026-01-17T01:01:15.854079500
2026-01-17 01:01:15 [websocket-heartbeat-1] INFO  c.z.n.s.d.u.NotificationProcessorImpl - Found 0 scheduled notifications to process
2026-01-17 01:02:15 [websocket-heartbeat-1] INFO  c.z.n.s.i.o.p.p.NotificationRepositoryAdapter - finding notifications with status: PENDING and scheduledAt before: 2026-01-17T01:02:15.846238600
2026-01-17 01:02:15 [websocket-heartbeat-1] INFO  c.z.n.s.d.u.NotificationProcessorImpl - Found 0 scheduled notifications to process
2026-01-17 01:03:15 [websocket-heartbeat-1] INFO  c.z.n.s.i.o.p.p.NotificationRepositoryAdapter - finding notifications with status: PENDING and scheduledAt before: 2026-01-17T01:03:15.857362400
2026-01-17 01:03:15 [websocket-heartbeat-1] INFO  c.z.n.s.d.u.NotificationProcessorImpl - Found 0 scheduled notifications to process
2026-01-17 01:04:15 [websocket-heartbeat-1] INFO  c.z.n.s.i.o.p.p.NotificationRepositoryAdapter - finding notifications with status: FAILED and retryCount less than: 3
2026-01-17 01:04:15 [websocket-heartbeat-1] INFO  c.z.n.s.d.u.NotificationProcessorImpl - Found 0 failed notifications to retry
2026-01-17 01:04:15 [websocket-heartbeat-1] INFO  c.z.n.s.i.o.p.p.NotificationRepositoryAdapter - finding notifications with status: PENDING and scheduledAt before: 2026-01-17T01:04:15.863605600
2026-01-17 01:04:15 [websocket-heartbeat-1] INFO  c.z.n.s.d.u.NotificationProcessorImpl - Found 0 scheduled notifications to process
2026-01-17 01:05:15 [websocket-heartbeat-1] INFO  c.z.n.s.i.o.p.p.NotificationRepositoryAdapter - finding notifications with status: PENDING and scheduledAt before: 2026-01-17T01:05:15.853084600
2026-01-17 01:05:15 [websocket-heartbeat-1] INFO  c.z.n.s.d.u.NotificationProcessorImpl - Found 0 scheduled notifications to process
2026-01-17 01:06:15 [websocket-heartbeat-1] INFO  c.z.n.s.i.o.p.p.NotificationRepositoryAdapter - finding notifications with status: PENDING and scheduledAt before: 2026-01-17T01:06:15.856972500
2026-01-17 01:06:15 [websocket-heartbeat-1] INFO  c.z.n.s.d.u.NotificationProcessorImpl - Found 0 scheduled notifications to process
2026-01-17 01:07:15 [websocket-heartbeat-1] INFO  c.z.n.s.i.o.p.p.NotificationRepositoryAdapter - finding notifications with status: PENDING and scheduledAt before: 2026-01-17T01:07:15.848207400
2026-01-17 01:07:15 [websocket-heartbeat-1] INFO  c.z.n.s.d.u.NotificationProcessorImpl - Found 0 scheduled notifications to process
2026-01-17 04:08:08 [MessageBroker-4] INFO  o.s.w.s.c.WebSocketMessageBrokerStats - WebSocketSession[0 current WS(0)-HttpStream(0)-HttpPoll(0), 2 total, 0 closed abnormally (0 connect failure, 0 send limit, 0 transport error)], stompSubProtocol[processed CONNECT(2)-CONNECTED(2)-DISCONNECT(0)], stompBrokerRelay[null], inboundChannel[pool size = 0, active threads = 0, queued tasks = 0, completed tasks = 57], outboundChannel[pool size = 0, active threads = 0, queued tasks = 0, completed tasks = 26], sockJsScheduler[pool size = 6, active threads = 1, queued tasks = 1, completed tasks = 2979]
2026-01-17 04:08:14 [websocket-heartbeat-1] INFO  c.z.n.s.i.o.p.p.NotificationRepositoryAdapter - finding notifications with status: PENDING and scheduledAt before: 2026-01-17T04:08:14.468642400
2026-01-17 04:08:27 [websocket-heartbeat-1] INFO  c.z.n.s.d.u.NotificationProcessorImpl - Found 0 scheduled notifications to process
2026-01-17 04:08:29 [websocket-heartbeat-1] INFO  c.z.n.s.i.o.p.p.NotificationRepositoryAdapter - finding notifications with status: FAILED and retryCount less than: 3
2026-01-17 04:08:29 [HikariPool-1 housekeeper] WARN  com.zaxxer.hikari.pool.HikariPool - HikariPool-1 - Thread starvation or clock leap detected (housekeeper delta=3h30s91ms347µs500ns).
2026-01-17 04:08:29 [websocket-heartbeat-1] INFO  c.z.n.s.d.u.NotificationProcessorImpl - Found 0 failed notifications to retry
2026-01-17 04:08:31 [websocket-heartbeat-1] INFO  c.z.n.s.i.o.p.p.NotificationRepositoryAdapter - finding notifications with status: PENDING and scheduledAt before: 2026-01-17T04:08:31.939912100
2026-01-17 04:08:32 [websocket-heartbeat-1] INFO  c.z.n.s.d.u.NotificationProcessorImpl - Found 0 scheduled notifications to process
2026-01-17 04:08:32 [websocket-heartbeat-1] INFO  c.z.n.s.i.o.p.p.NotificationRepositoryAdapter - finding notifications with status: PENDING and scheduledAt before: 2026-01-17T04:08:32.109379900
2026-01-17 04:08:32 [websocket-heartbeat-1] INFO  c.z.n.s.d.u.NotificationProcessorImpl - Found 0 scheduled notifications to process
2026-01-17 04:08:32 [websocket-heartbeat-1] INFO  c.z.n.s.i.o.p.p.NotificationRepositoryAdapter - finding notifications with status: PENDING and scheduledAt before: 2026-01-17T04:08:32.113897400
2026-01-17 04:08:32 [websocket-heartbeat-1] INFO  c.z.n.s.d.u.NotificationProcessorImpl - Found 0 scheduled notifications to process
2026-01-17 04:08:32 [websocket-heartbeat-1] INFO  c.z.n.s.i.o.p.p.NotificationRepositoryAdapter - finding notifications with status: PENDING and scheduledAt before: 2026-01-17T04:08:32.117898
2026-01-17 04:08:32 [websocket-heartbeat-1] INFO  c.z.n.s.d.u.NotificationProcessorImpl - Found 0 scheduled notifications to process
2026-01-17 04:08:32 [websocket-heartbeat-1] INFO  c.z.n.s.i.o.p.p.NotificationRepositoryAdapter - finding notifications with status: PENDING and scheduledAt before: 2026-01-17T04:08:32.121896500
2026-01-17 04:08:32 [websocket-heartbeat-1] INFO  c.z.n.s.d.u.NotificationProcessorImpl - Found 0 scheduled notifications to process
2026-01-17 04:08:32 [websocket-heartbeat-1] INFO  c.z.n.s.i.o.p.p.NotificationRepositoryAdapter - finding notifications with status: FAILED and retryCount less than: 3
2026-01-17 04:08:32 [websocket-heartbeat-1] INFO  c.z.n.s.d.u.NotificationProcessorImpl - Found 0 failed notifications to retry
2026-01-17 04:08:32 [websocket-heartbeat-1] INFO  c.z.n.s.i.o.p.p.NotificationRepositoryAdapter - finding notifications with status: PENDING and scheduledAt before: 2026-01-17T04:08:32.129896200
2026-01-17 04:08:32 [websocket-heartbeat-1] INFO  c.z.n.s.d.u.NotificationProcessorImpl - Found 0 scheduled notifications to process
2026-01-17 04:08:32 [websocket-heartbeat-1] INFO  c.z.n.s.i.o.p.p.NotificationRepositoryAdapter - finding notifications with status: PENDING and scheduledAt before: 2026-01-17T04:08:32.133897100
2026-01-17 04:08:32 [websocket-heartbeat-1] INFO  c.z.n.s.d.u.NotificationProcessorImpl - Found 0 scheduled notifications to process
2026-01-17 04:08:32 [websocket-heartbeat-1] INFO  c.z.n.s.i.o.p.p.NotificationRepositoryAdapter - finding notifications with status: PENDING and scheduledAt before: 2026-01-17T04:08:32.137896300
2026-01-17 04:08:32 [websocket-heartbeat-1] INFO  c.z.n.s.d.u.NotificationProcessorImpl - Found 0 scheduled notifications to process
2026-01-17 04:08:32 [websocket-heartbeat-1] INFO  c.z.n.s.i.o.p.p.NotificationRepositoryAdapter - finding notifications with status: PENDING and scheduledAt before: 2026-01-17T04:08:32.141899500
2026-01-17 04:08:32 [websocket-heartbeat-1] INFO  c.z.n.s.d.u.NotificationProcessorImpl - Found 0 scheduled notifications to process
2026-01-17 04:08:32 [websocket-heartbeat-1] INFO  c.z.n.s.i.o.p.p.NotificationRepositoryAdapter - finding notifications with status: PENDING and scheduledAt before: 2026-01-17T04:08:32.144895900
2026-01-17 04:08:32 [websocket-heartbeat-1] INFO  c.z.n.s.d.u.NotificationProcessorImpl - Found 0 scheduled notifications to process
2026-01-17 04:08:32 [websocket-heartbeat-1] INFO  c.z.n.s.i.o.p.p.NotificationRepositoryAdapter - finding notifications with status: FAILED and retryCount less than: 3
2026-01-17 04:08:32 [websocket-heartbeat-1] INFO  c.z.n.s.d.u.NotificationProcessorImpl - Found 0 failed notifications to retry
2026-01-17 04:08:32 [websocket-heartbeat-1] INFO  c.z.n.s.i.o.p.p.NotificationRepositoryAdapter - finding notifications with status: PENDING and scheduledAt before: 2026-01-17T04:08:32.162660400
2026-01-17 04:08:32 [websocket-heartbeat-1] INFO  c.z.n.s.d.u.NotificationProcessorImpl - Found 0 scheduled notifications to process
2026-01-17 04:08:32 [websocket-heartbeat-1] INFO  c.z.n.s.i.o.p.p.NotificationRepositoryAdapter - finding notifications with status: PENDING and scheduledAt before: 2026-01-17T04:08:32.165662200
2026-01-17 04:08:32 [websocket-heartbeat-1] INFO  c.z.n.s.d.u.NotificationProcessorImpl - Found 0 scheduled notifications to process
2026-01-17 04:08:32 [websocket-heartbeat-1] INFO  c.z.n.s.i.o.p.p.NotificationRepositoryAdapter - finding notifications with status: PENDING and scheduledAt before: 2026-01-17T04:08:32.680463300
2026-01-17 04:08:32 [websocket-heartbeat-1] INFO  c.z.n.s.d.u.NotificationProcessorImpl - Found 0 scheduled notifications to process
2026-01-17 04:08:32 [websocket-heartbeat-1] INFO  c.z.n.s.i.o.p.p.NotificationRepositoryAdapter - finding notifications with status: PENDING and scheduledAt before: 2026-01-17T04:08:32.684967600
2026-01-17 04:08:32 [websocket-heartbeat-1] INFO  c.z.n.s.d.u.NotificationProcessorImpl - Found 0 scheduled notifications to process
2026-01-17 04:08:32 [websocket-heartbeat-1] INFO  c.z.n.s.i.o.p.p.NotificationRepositoryAdapter - finding notifications with status: PENDING and scheduledAt before: 2026-01-17T04:08:32.784126900
2026-01-17 04:08:32 [websocket-heartbeat-1] INFO  c.z.n.s.d.u.NotificationProcessorImpl - Found 0 scheduled notifications to process
2026-01-17 04:08:32 [websocket-heartbeat-1] INFO  c.z.n.s.i.o.p.p.NotificationRepositoryAdapter - finding notifications with status: FAILED and retryCount less than: 3
2026-01-17 04:08:32 [websocket-heartbeat-1] INFO  c.z.n.s.d.u.NotificationProcessorImpl - Found 0 failed notifications to retry
2026-01-17 04:08:32 [websocket-heartbeat-1] INFO  c.z.n.s.i.o.p.p.NotificationRepositoryAdapter - finding notifications with status: PENDING and scheduledAt before: 2026-01-17T04:08:32.792641300
2026-01-17 04:08:32 [websocket-heartbeat-1] INFO  c.z.n.s.d.u.NotificationProcessorImpl - Found 0 scheduled notifications to process
2026-01-17 04:08:32 [websocket-heartbeat-1] INFO  c.z.n.s.i.o.p.p.NotificationRepositoryAdapter - finding notifications with status: PENDING and scheduledAt before: 2026-01-17T04:08:32.796648600
2026-01-17 04:08:32 [websocket-heartbeat-1] INFO  c.z.n.s.d.u.NotificationProcessorImpl - Found 0 scheduled notifications to process
2026-01-17 04:08:32 [websocket-heartbeat-1] INFO  c.z.n.s.i.o.p.p.NotificationRepositoryAdapter - finding notifications with status: PENDING and scheduledAt before: 2026-01-17T04:08:32.800646200
2026-01-17 04:08:32 [websocket-heartbeat-1] INFO  c.z.n.s.d.u.NotificationProcessorImpl - Found 0 scheduled notifications to process
2026-01-17 04:08:32 [websocket-heartbeat-1] INFO  c.z.n.s.i.o.p.p.NotificationRepositoryAdapter - finding notifications with status: PENDING and scheduledAt before: 2026-01-17T04:08:32.804648200
2026-01-17 04:08:32 [websocket-heartbeat-1] INFO  c.z.n.s.d.u.NotificationProcessorImpl - Found 0 scheduled notifications to process
2026-01-17 04:08:32 [websocket-heartbeat-1] INFO  c.z.n.s.i.o.p.p.NotificationRepositoryAdapter - finding notifications with status: PENDING and scheduledAt before: 2026-01-17T04:08:32.808647
2026-01-17 04:08:32 [websocket-heartbeat-1] INFO  c.z.n.s.d.u.NotificationProcessorImpl - Found 0 scheduled notifications to process
2026-01-17 04:08:32 [websocket-heartbeat-1] INFO  c.z.n.s.i.o.p.p.NotificationRepositoryAdapter - finding notifications with status: FAILED and retryCount less than: 3
2026-01-17 04:08:32 [websocket-heartbeat-1] INFO  c.z.n.s.d.u.NotificationProcessorImpl - Found 0 failed notifications to retry
2026-01-17 04:08:32 [websocket-heartbeat-1] INFO  c.z.n.s.i.o.p.p.NotificationRepositoryAdapter - finding notifications with status: PENDING and scheduledAt before: 2026-01-17T04:08:32.819165500
2026-01-17 04:08:32 [websocket-heartbeat-1] INFO  c.z.n.s.d.u.NotificationProcessorImpl - Found 0 scheduled notifications to process
2026-01-17 04:08:32 [websocket-heartbeat-1] INFO  c.z.n.s.i.o.p.p.NotificationRepositoryAdapter - finding notifications with status: PENDING and scheduledAt before: 2026-01-17T04:08:32.823166400
2026-01-17 04:08:32 [websocket-heartbeat-1] INFO  c.z.n.s.d.u.NotificationProcessorImpl - Found 0 scheduled notifications to process
2026-01-17 04:08:32 [websocket-heartbeat-1] INFO  c.z.n.s.i.o.p.p.NotificationRepositoryAdapter - finding notifications with status: PENDING and scheduledAt before: 2026-01-17T04:08:32.826167500
2026-01-17 04:08:32 [websocket-heartbeat-1] INFO  c.z.n.s.d.u.NotificationProcessorImpl - Found 0 scheduled notifications to process
2026-01-17 04:08:32 [websocket-heartbeat-1] INFO  c.z.n.s.i.o.p.p.NotificationRepositoryAdapter - finding notifications with status: PENDING and scheduledAt before: 2026-01-17T04:08:32.830168700
2026-01-17 04:08:32 [websocket-heartbeat-1] INFO  c.z.n.s.d.u.NotificationProcessorImpl - Found 0 scheduled notifications to process
2026-01-17 04:08:32 [websocket-heartbeat-1] INFO  c.z.n.s.i.o.p.p.NotificationRepositoryAdapter - finding notifications with status: PENDING and scheduledAt before: 2026-01-17T04:08:32.834166700
2026-01-17 04:08:32 [websocket-heartbeat-1] INFO  c.z.n.s.d.u.NotificationProcessorImpl - Found 0 scheduled notifications to process
2026-01-17 04:08:32 [websocket-heartbeat-1] INFO  c.z.n.s.i.o.p.p.NotificationRepositoryAdapter - finding notifications with status: FAILED and retryCount less than: 3
2026-01-17 04:08:32 [websocket-heartbeat-1] INFO  c.z.n.s.d.u.NotificationProcessorImpl - Found 0 failed notifications to retry
2026-01-17 04:08:32 [websocket-heartbeat-1] INFO  c.z.n.s.i.o.p.p.NotificationRepositoryAdapter - finding notifications with status: PENDING and scheduledAt before: 2026-01-17T04:08:32.847166400
2026-01-17 04:08:32 [websocket-heartbeat-1] INFO  c.z.n.s.d.u.NotificationProcessorImpl - Found 0 scheduled notifications to process
2026-01-17 04:08:32 [websocket-heartbeat-1] INFO  c.z.n.s.i.o.p.p.NotificationRepositoryAdapter - finding notifications with status: PENDING and scheduledAt before: 2026-01-17T04:08:32.851166100
2026-01-17 04:08:32 [websocket-heartbeat-1] INFO  c.z.n.s.d.u.NotificationProcessorImpl - Found 0 scheduled notifications to process
2026-01-17 04:08:32 [websocket-heartbeat-1] INFO  c.z.n.s.i.o.p.p.NotificationRepositoryAdapter - finding notifications with status: PENDING and scheduledAt before: 2026-01-17T04:08:32.854166700
2026-01-17 04:08:32 [websocket-heartbeat-1] INFO  c.z.n.s.d.u.NotificationProcessorImpl - Found 0 scheduled notifications to process
2026-01-17 04:08:32 [websocket-heartbeat-1] INFO  c.z.n.s.i.o.p.p.NotificationRepositoryAdapter - finding notifications with status: PENDING and scheduledAt before: 2026-01-17T04:08:32.858167900
2026-01-17 04:08:32 [websocket-heartbeat-1] INFO  c.z.n.s.d.u.NotificationProcessorImpl - Found 0 scheduled notifications to process
2026-01-17 04:08:32 [websocket-heartbeat-1] INFO  c.z.n.s.i.o.p.p.NotificationRepositoryAdapter - finding notifications with status: PENDING and scheduledAt before: 2026-01-17T04:08:32.866166200
2026-01-17 04:08:32 [websocket-heartbeat-1] INFO  c.z.n.s.d.u.NotificationProcessorImpl - Found 0 scheduled notifications to process
2026-01-17 04:08:32 [websocket-heartbeat-1] INFO  c.z.n.s.i.o.p.p.NotificationRepositoryAdapter - finding notifications with status: FAILED and retryCount less than: 3
2026-01-17 04:08:32 [websocket-heartbeat-1] INFO  c.z.n.s.d.u.NotificationProcessorImpl - Found 0 failed notifications to retry
2026-01-17 04:08:32 [websocket-heartbeat-1] INFO  c.z.n.s.i.o.p.p.NotificationRepositoryAdapter - finding notifications with status: PENDING and scheduledAt before: 2026-01-17T04:08:32.875125200
2026-01-17 04:08:32 [websocket-heartbeat-1] INFO  c.z.n.s.d.u.NotificationProcessorImpl - Found 0 scheduled notifications to process
2026-01-17 04:08:32 [websocket-heartbeat-1] INFO  c.z.n.s.i.o.p.p.NotificationRepositoryAdapter - finding notifications with status: PENDING and scheduledAt before: 2026-01-17T04:08:32.879134
2026-01-17 04:08:32 [websocket-heartbeat-1] INFO  c.z.n.s.d.u.NotificationProcessorImpl - Found 0 scheduled notifications to process
2026-01-17 04:08:32 [websocket-heartbeat-1] INFO  c.z.n.s.i.o.p.p.NotificationRepositoryAdapter - finding notifications with status: PENDING and scheduledAt before: 2026-01-17T04:08:32.883131400
2026-01-17 04:08:32 [websocket-heartbeat-1] INFO  c.z.n.s.d.u.NotificationProcessorImpl - Found 0 scheduled notifications to process
2026-01-17 04:08:32 [websocket-heartbeat-1] INFO  c.z.n.s.i.o.p.p.NotificationRepositoryAdapter - finding notifications with status: PENDING and scheduledAt before: 2026-01-17T04:08:32.887143800
2026-01-17 04:08:32 [websocket-heartbeat-1] INFO  c.z.n.s.d.u.NotificationProcessorImpl - Found 0 scheduled notifications to process
2026-01-17 04:08:32 [websocket-heartbeat-1] INFO  c.z.n.s.i.o.p.p.NotificationRepositoryAdapter - finding notifications with status: PENDING and scheduledAt before: 2026-01-17T04:08:32.890659700
2026-01-17 04:08:32 [websocket-heartbeat-1] INFO  c.z.n.s.d.u.NotificationProcessorImpl - Found 0 scheduled notifications to process
2026-01-17 04:08:32 [websocket-heartbeat-1] INFO  c.z.n.s.i.o.p.p.NotificationRepositoryAdapter - finding notifications with status: FAILED and retryCount less than: 3
2026-01-17 04:08:32 [websocket-heartbeat-1] INFO  c.z.n.s.d.u.NotificationProcessorImpl - Found 0 failed notifications to retry
2026-01-17 04:08:32 [websocket-heartbeat-1] INFO  c.z.n.s.i.o.p.p.NotificationRepositoryAdapter - finding notifications with status: PENDING and scheduledAt before: 2026-01-17T04:08:32.896874100
2026-01-17 04:08:32 [websocket-heartbeat-1] INFO  c.z.n.s.d.u.NotificationProcessorImpl - Found 0 scheduled notifications to process
2026-01-17 04:08:32 [websocket-heartbeat-1] INFO  c.z.n.s.i.o.p.p.NotificationRepositoryAdapter - finding notifications with status: PENDING and scheduledAt before: 2026-01-17T04:08:32.900399400
2026-01-17 04:08:32 [websocket-heartbeat-1] INFO  c.z.n.s.d.u.NotificationProcessorImpl - Found 0 scheduled notifications to process
2026-01-17 04:08:32 [websocket-heartbeat-1] INFO  c.z.n.s.i.o.p.p.NotificationRepositoryAdapter - finding notifications with status: PENDING and scheduledAt before: 2026-01-17T04:08:32.903399300
2026-01-17 04:08:32 [websocket-heartbeat-1] INFO  c.z.n.s.d.u.NotificationProcessorImpl - Found 0 scheduled notifications to process
2026-01-17 04:08:32 [websocket-heartbeat-1] INFO  c.z.n.s.i.o.p.p.NotificationRepositoryAdapter - finding notifications with status: PENDING and scheduledAt before: 2026-01-17T04:08:32.906909100
2026-01-17 04:08:32 [websocket-heartbeat-1] INFO  c.z.n.s.d.u.NotificationProcessorImpl - Found 0 scheduled notifications to process
2026-01-17 04:08:32 [websocket-heartbeat-1] INFO  c.z.n.s.i.o.p.p.NotificationRepositoryAdapter - finding notifications with status: PENDING and scheduledAt before: 2026-01-17T04:08:32.910415700
2026-01-17 04:08:32 [websocket-heartbeat-1] INFO  c.z.n.s.d.u.NotificationProcessorImpl - Found 0 scheduled notifications to process
2026-01-17 04:08:33 [websocket-heartbeat-1] INFO  c.z.n.s.i.o.p.p.NotificationRepositoryAdapter - finding notifications with status: FAILED and retryCount less than: 3
2026-01-17 04:08:33 [websocket-heartbeat-1] INFO  c.z.n.s.d.u.NotificationProcessorImpl - Found 0 failed notifications to retry
2026-01-17 04:08:33 [websocket-heartbeat-1] INFO  c.z.n.s.i.o.p.p.NotificationRepositoryAdapter - finding notifications with status: PENDING and scheduledAt before: 2026-01-17T04:08:33.579147500
2026-01-17 04:08:33 [websocket-heartbeat-1] INFO  c.z.n.s.d.u.NotificationProcessorImpl - Found 0 scheduled notifications to process
2026-01-17 04:08:33 [websocket-heartbeat-1] INFO  c.z.n.s.i.o.p.p.NotificationRepositoryAdapter - finding notifications with status: PENDING and scheduledAt before: 2026-01-17T04:08:33.582146
2026-01-17 04:08:33 [websocket-heartbeat-1] INFO  c.z.n.s.d.u.NotificationProcessorImpl - Found 0 scheduled notifications to process
2026-01-17 04:08:33 [websocket-heartbeat-1] INFO  c.z.n.s.i.o.p.p.NotificationRepositoryAdapter - finding notifications with status: PENDING and scheduledAt before: 2026-01-17T04:08:33.586147300
2026-01-17 04:08:33 [websocket-heartbeat-1] INFO  c.z.n.s.d.u.NotificationProcessorImpl - Found 0 scheduled notifications to process
2026-01-17 04:08:33 [websocket-heartbeat-1] INFO  c.z.n.s.i.o.p.p.NotificationRepositoryAdapter - finding notifications with status: PENDING and scheduledAt before: 2026-01-17T04:08:33.590147400
2026-01-17 04:08:33 [websocket-heartbeat-1] INFO  c.z.n.s.d.u.NotificationProcessorImpl - Found 0 scheduled notifications to process
2026-01-17 04:08:33 [websocket-heartbeat-1] INFO  c.z.n.s.i.o.p.p.NotificationRepositoryAdapter - finding notifications with status: PENDING and scheduledAt before: 2026-01-17T04:08:33.593660300
2026-01-17 04:08:33 [websocket-heartbeat-1] INFO  c.z.n.s.d.u.NotificationProcessorImpl - Found 0 scheduled notifications to process
2026-01-17 04:08:33 [websocket-heartbeat-1] INFO  c.z.n.s.i.o.p.p.NotificationRepositoryAdapter - finding notifications with status: FAILED and retryCount less than: 3
2026-01-17 04:08:33 [websocket-heartbeat-1] INFO  c.z.n.s.d.u.NotificationProcessorImpl - Found 0 failed notifications to retry
2026-01-17 04:08:33 [websocket-heartbeat-1] INFO  c.z.n.s.i.o.p.p.NotificationRepositoryAdapter - finding notifications with status: PENDING and scheduledAt before: 2026-01-17T04:08:33.601624700
2026-01-17 04:08:33 [websocket-heartbeat-1] INFO  c.z.n.s.d.u.NotificationProcessorImpl - Found 0 scheduled notifications to process
2026-01-17 04:08:33 [websocket-heartbeat-1] INFO  c.z.n.s.i.o.p.p.NotificationRepositoryAdapter - finding notifications with status: PENDING and scheduledAt before: 2026-01-17T04:08:33.605141500
2026-01-17 04:08:33 [websocket-heartbeat-1] INFO  c.z.n.s.d.u.NotificationProcessorImpl - Found 0 scheduled notifications to process
2026-01-17 04:08:33 [websocket-heartbeat-1] INFO  c.z.n.s.i.o.p.p.NotificationRepositoryAdapter - finding notifications with status: PENDING and scheduledAt before: 2026-01-17T04:08:33.608651200
2026-01-17 04:08:33 [websocket-heartbeat-1] INFO  c.z.n.s.d.u.NotificationProcessorImpl - Found 0 scheduled notifications to process
2026-01-17 04:08:33 [websocket-heartbeat-1] INFO  c.z.n.s.i.o.p.p.NotificationRepositoryAdapter - finding notifications with status: PENDING and scheduledAt before: 2026-01-17T04:08:33.612680200
2026-01-17 04:08:33 [websocket-heartbeat-1] INFO  c.z.n.s.d.u.NotificationProcessorImpl - Found 0 scheduled notifications to process
2026-01-17 04:08:33 [websocket-heartbeat-1] INFO  c.z.n.s.i.o.p.p.NotificationRepositoryAdapter - finding notifications with status: PENDING and scheduledAt before: 2026-01-17T04:08:33.616401500
2026-01-17 04:08:33 [websocket-heartbeat-1] INFO  c.z.n.s.d.u.NotificationProcessorImpl - Found 0 scheduled notifications to process
2026-01-17 04:08:33 [websocket-heartbeat-1] INFO  c.z.n.s.i.o.p.p.NotificationRepositoryAdapter - finding notifications with status: FAILED and retryCount less than: 3
2026-01-17 04:08:33 [websocket-heartbeat-1] INFO  c.z.n.s.d.u.NotificationProcessorImpl - Found 0 failed notifications to retry
2026-01-17 04:08:33 [websocket-heartbeat-1] INFO  c.z.n.s.i.o.p.p.NotificationRepositoryAdapter - finding notifications with status: PENDING and scheduledAt before: 2026-01-17T04:08:33.623649
2026-01-17 04:08:33 [websocket-heartbeat-1] INFO  c.z.n.s.d.u.NotificationProcessorImpl - Found 0 scheduled notifications to process
2026-01-17 04:08:34 [websocket-heartbeat-1] INFO  c.z.n.s.i.service.IdempotencyService - Cleaning up old idempotency keys (older than 1 days)
2026-01-17 04:08:34 [websocket-heartbeat-1] INFO  c.z.n.s.i.service.IdempotencyService - cleaning up local cache
2026-01-17 04:08:34 [websocket-heartbeat-1] INFO  c.z.n.s.i.service.IdempotencyService - Cleaned up local idempotency cache, remaining entries: 1
2026-01-17 04:08:34 [websocket-heartbeat-1] INFO  c.z.n.s.i.o.p.p.NotificationRepositoryAdapter - finding notifications with status: PENDING and scheduledAt before: 2026-01-17T04:08:34.830898600
2026-01-17 04:08:34 [websocket-heartbeat-1] INFO  c.z.n.s.d.u.NotificationProcessorImpl - Found 0 scheduled notifications to process
2026-01-17 04:08:34 [websocket-heartbeat-1] INFO  c.z.n.s.i.o.p.p.NotificationRepositoryAdapter - finding notifications with status: PENDING and scheduledAt before: 2026-01-17T04:08:34.839533200
2026-01-17 04:08:34 [websocket-heartbeat-1] INFO  c.z.n.s.d.u.NotificationProcessorImpl - Found 0 scheduled notifications to process
2026-01-17 04:08:34 [websocket-heartbeat-1] INFO  c.z.n.s.i.o.p.p.NotificationRepositoryAdapter - finding notifications with status: PENDING and scheduledAt before: 2026-01-17T04:08:34.844210200
2026-01-17 04:08:34 [websocket-heartbeat-1] INFO  c.z.n.s.d.u.NotificationProcessorImpl - Found 0 scheduled notifications to process
2026-01-17 04:08:34 [websocket-heartbeat-1] INFO  c.z.n.s.i.o.p.p.NotificationRepositoryAdapter - finding notifications with status: PENDING and scheduledAt before: 2026-01-17T04:08:34.849829900
2026-01-17 04:08:34 [websocket-heartbeat-1] INFO  c.z.n.s.d.u.NotificationProcessorImpl - Found 0 scheduled notifications to process
2026-01-17 04:08:34 [websocket-heartbeat-1] INFO  c.z.n.s.i.o.p.p.NotificationRepositoryAdapter - finding notifications with status: FAILED and retryCount less than: 3
2026-01-17 04:08:34 [websocket-heartbeat-1] INFO  c.z.n.s.d.u.NotificationProcessorImpl - Found 0 failed notifications to retry
2026-01-17 04:08:34 [websocket-heartbeat-1] INFO  c.z.n.s.i.o.p.p.NotificationRepositoryAdapter - finding notifications with status: PENDING and scheduledAt before: 2026-01-17T04:08:34.858529900
2026-01-17 04:08:34 [websocket-heartbeat-1] INFO  c.z.n.s.d.u.NotificationProcessorImpl - Found 0 scheduled notifications to process
2026-01-17 04:08:34 [websocket-heartbeat-1] INFO  c.z.n.s.i.o.p.p.NotificationRepositoryAdapter - finding notifications with status: PENDING and scheduledAt before: 2026-01-17T04:08:34.862300500
2026-01-17 04:08:34 [websocket-heartbeat-1] INFO  c.z.n.s.d.u.NotificationProcessorImpl - Found 0 scheduled notifications to process
2026-01-17 04:08:34 [websocket-heartbeat-1] INFO  c.z.n.s.i.o.p.p.NotificationRepositoryAdapter - finding notifications with status: PENDING and scheduledAt before: 2026-01-17T04:08:34.865847900
2026-01-17 04:08:34 [websocket-heartbeat-1] INFO  c.z.n.s.d.u.NotificationProcessorImpl - Found 0 scheduled notifications to process
2026-01-17 04:08:34 [websocket-heartbeat-1] INFO  c.z.n.s.i.o.p.p.NotificationRepositoryAdapter - finding notifications with status: PENDING and scheduledAt before: 2026-01-17T04:08:34.869878500
2026-01-17 04:08:34 [websocket-heartbeat-1] INFO  c.z.n.s.d.u.NotificationProcessorImpl - Found 0 scheduled notifications to process
2026-01-17 04:08:34 [websocket-heartbeat-1] INFO  c.z.n.s.i.o.p.p.NotificationRepositoryAdapter - finding notifications with status: PENDING and scheduledAt before: 2026-01-17T04:08:34.873523500
2026-01-17 04:08:34 [websocket-heartbeat-1] INFO  c.z.n.s.d.u.NotificationProcessorImpl - Found 0 scheduled notifications to process
2026-01-17 04:08:34 [websocket-heartbeat-1] INFO  c.z.n.s.i.o.p.p.NotificationRepositoryAdapter - finding notifications with status: FAILED and retryCount less than: 3
2026-01-17 04:08:34 [websocket-heartbeat-1] INFO  c.z.n.s.d.u.NotificationProcessorImpl - Found 0 failed notifications to retry
2026-01-17 04:08:34 [websocket-heartbeat-1] INFO  c.z.n.s.i.o.p.p.NotificationRepositoryAdapter - finding notifications with status: PENDING and scheduledAt before: 2026-01-17T04:08:34.880304200
2026-01-17 04:08:34 [websocket-heartbeat-1] INFO  c.z.n.s.d.u.NotificationProcessorImpl - Found 0 scheduled notifications to process
2026-01-17 04:08:34 [websocket-heartbeat-1] INFO  c.z.n.s.i.o.p.p.NotificationRepositoryAdapter - finding notifications with status: PENDING and scheduledAt before: 2026-01-17T04:08:34.884254700
2026-01-17 04:08:34 [websocket-heartbeat-1] INFO  c.z.n.s.d.u.NotificationProcessorImpl - Found 0 scheduled notifications to process
2026-01-17 04:08:34 [websocket-heartbeat-1] INFO  c.z.n.s.i.o.p.p.NotificationRepositoryAdapter - finding notifications with status: PENDING and scheduledAt before: 2026-01-17T04:08:34.887442100
2026-01-17 04:08:34 [websocket-heartbeat-1] INFO  c.z.n.s.d.u.NotificationProcessorImpl - Found 0 scheduled notifications to process
2026-01-17 04:08:34 [websocket-heartbeat-1] INFO  c.z.n.s.i.o.p.p.NotificationRepositoryAdapter - finding notifications with status: PENDING and scheduledAt before: 2026-01-17T04:08:34.891092300
2026-01-17 04:08:34 [websocket-heartbeat-1] INFO  c.z.n.s.d.u.NotificationProcessorImpl - Found 0 scheduled notifications to process
2026-01-17 04:08:34 [websocket-heartbeat-1] INFO  c.z.n.s.i.o.p.p.NotificationRepositoryAdapter - finding notifications with status: PENDING and scheduledAt before: 2026-01-17T04:08:34.894222600
2026-01-17 04:08:34 [websocket-heartbeat-1] INFO  c.z.n.s.d.u.NotificationProcessorImpl - Found 0 scheduled notifications to process
2026-01-17 04:08:34 [websocket-heartbeat-1] INFO  c.z.n.s.i.o.p.p.NotificationRepositoryAdapter - finding notifications with status: FAILED and retryCount less than: 3
2026-01-17 04:08:34 [websocket-heartbeat-1] INFO  c.z.n.s.d.u.NotificationProcessorImpl - Found 0 failed notifications to retry
2026-01-17 04:08:34 [websocket-heartbeat-1] INFO  c.z.n.s.i.o.p.p.NotificationRepositoryAdapter - finding notifications with status: PENDING and scheduledAt before: 2026-01-17T04:08:34.901762200
2026-01-17 04:08:34 [websocket-heartbeat-1] INFO  c.z.n.s.d.u.NotificationProcessorImpl - Found 0 scheduled notifications to process
2026-01-17 04:08:34 [websocket-heartbeat-1] INFO  c.z.n.s.i.o.p.p.NotificationRepositoryAdapter - finding notifications with status: PENDING and scheduledAt before: 2026-01-17T04:08:34.905474600
2026-01-17 04:08:34 [websocket-heartbeat-1] INFO  c.z.n.s.d.u.NotificationProcessorImpl - Found 0 scheduled notifications to process
2026-01-17 04:08:34 [websocket-heartbeat-1] INFO  c.z.n.s.i.o.p.p.NotificationRepositoryAdapter - finding notifications with status: PENDING and scheduledAt before: 2026-01-17T04:08:34.908989900
2026-01-17 04:08:34 [websocket-heartbeat-1] INFO  c.z.n.s.d.u.NotificationProcessorImpl - Found 0 scheduled notifications to process
2026-01-17 04:08:34 [websocket-heartbeat-1] INFO  c.z.n.s.i.o.p.p.NotificationRepositoryAdapter - finding notifications with status: PENDING and scheduledAt before: 2026-01-17T04:08:34.913078200
2026-01-17 04:08:34 [websocket-heartbeat-1] INFO  c.z.n.s.d.u.NotificationProcessorImpl - Found 0 scheduled notifications to process
2026-01-17 04:08:34 [websocket-heartbeat-1] INFO  c.z.n.s.i.o.p.p.NotificationRepositoryAdapter - finding notifications with status: PENDING and scheduledAt before: 2026-01-17T04:08:34.916082800
2026-01-17 04:08:34 [websocket-heartbeat-1] INFO  c.z.n.s.d.u.NotificationProcessorImpl - Found 0 scheduled notifications to process
2026-01-17 04:08:34 [websocket-heartbeat-1] INFO  c.z.n.s.i.o.p.p.NotificationRepositoryAdapter - finding notifications with status: FAILED and retryCount less than: 3
2026-01-17 04:08:34 [websocket-heartbeat-1] INFO  c.z.n.s.d.u.NotificationProcessorImpl - Found 0 failed notifications to retry
2026-01-17 04:08:34 [websocket-heartbeat-1] INFO  c.z.n.s.i.o.p.p.NotificationRepositoryAdapter - finding notifications with status: PENDING and scheduledAt before: 2026-01-17T04:08:34.924595700
2026-01-17 04:08:34 [websocket-heartbeat-1] INFO  c.z.n.s.d.u.NotificationProcessorImpl - Found 0 scheduled notifications to process
2026-01-17 04:08:34 [websocket-heartbeat-1] INFO  c.z.n.s.i.o.p.p.NotificationRepositoryAdapter - finding notifications with status: PENDING and scheduledAt before: 2026-01-17T04:08:34.928595300
2026-01-17 04:08:34 [websocket-heartbeat-1] INFO  c.z.n.s.d.u.NotificationProcessorImpl - Found 0 scheduled notifications to process
2026-01-17 04:08:34 [websocket-heartbeat-1] INFO  c.z.n.s.i.o.p.p.NotificationRepositoryAdapter - finding notifications with status: PENDING and scheduledAt before: 2026-01-17T04:08:34.932596500
2026-01-17 04:08:34 [websocket-heartbeat-1] INFO  c.z.n.s.d.u.NotificationProcessorImpl - Found 0 scheduled notifications to process
2026-01-17 04:08:34 [websocket-heartbeat-1] INFO  c.z.n.s.i.o.p.p.NotificationRepositoryAdapter - finding notifications with status: PENDING and scheduledAt before: 2026-01-17T04:08:34.935596600
2026-01-17 04:08:34 [websocket-heartbeat-1] INFO  c.z.n.s.d.u.NotificationProcessorImpl - Found 0 scheduled notifications to process
2026-01-17 04:08:34 [websocket-heartbeat-1] INFO  c.z.n.s.i.o.p.p.NotificationRepositoryAdapter - finding notifications with status: PENDING and scheduledAt before: 2026-01-17T04:08:34.944048600
2026-01-17 04:08:34 [websocket-heartbeat-1] INFO  c.z.n.s.d.u.NotificationProcessorImpl - Found 0 scheduled notifications to process
2026-01-17 04:08:34 [websocket-heartbeat-1] INFO  c.z.n.s.i.o.p.p.NotificationRepositoryAdapter - finding notifications with status: FAILED and retryCount less than: 3
2026-01-17 04:08:34 [websocket-heartbeat-1] INFO  c.z.n.s.d.u.NotificationProcessorImpl - Found 0 failed notifications to retry
2026-01-17 04:08:34 [websocket-heartbeat-1] INFO  c.z.n.s.i.o.p.p.NotificationRepositoryAdapter - finding notifications with status: PENDING and scheduledAt before: 2026-01-17T04:08:34.966231200
2026-01-17 04:08:34 [websocket-heartbeat-1] INFO  c.z.n.s.d.u.NotificationProcessorImpl - Found 0 scheduled notifications to process
2026-01-17 04:08:34 [websocket-heartbeat-1] INFO  c.z.n.s.i.o.p.p.NotificationRepositoryAdapter - finding notifications with status: PENDING and scheduledAt before: 2026-01-17T04:08:34.976672700
2026-01-17 04:08:34 [websocket-heartbeat-1] INFO  c.z.n.s.d.u.NotificationProcessorImpl - Found 0 scheduled notifications to process
2026-01-17 04:08:34 [websocket-heartbeat-1] INFO  c.z.n.s.i.o.p.p.NotificationRepositoryAdapter - finding notifications with status: PENDING and scheduledAt before: 2026-01-17T04:08:34.986010300
2026-01-17 04:08:34 [websocket-heartbeat-1] INFO  c.z.n.s.d.u.NotificationProcessorImpl - Found 0 scheduled notifications to process
2026-01-17 04:08:34 [websocket-heartbeat-1] INFO  c.z.n.s.i.o.p.p.NotificationRepositoryAdapter - finding notifications with status: PENDING and scheduledAt before: 2026-01-17T04:08:34.992009300
2026-01-17 04:08:34 [websocket-heartbeat-1] INFO  c.z.n.s.d.u.NotificationProcessorImpl - Found 0 scheduled notifications to process
2026-01-17 04:08:34 [websocket-heartbeat-1] INFO  c.z.n.s.i.o.p.p.NotificationRepositoryAdapter - finding notifications with status: PENDING and scheduledAt before: 2026-01-17T04:08:34.996008100
2026-01-17 04:08:34 [websocket-heartbeat-1] INFO  c.z.n.s.d.u.NotificationProcessorImpl - Found 0 scheduled notifications to process
2026-01-17 04:08:34 [websocket-heartbeat-1] INFO  c.z.n.s.i.o.p.p.NotificationRepositoryAdapter - finding notifications with status: FAILED and retryCount less than: 3
2026-01-17 04:08:35 [websocket-heartbeat-1] INFO  c.z.n.s.d.u.NotificationProcessorImpl - Found 0 failed notifications to retry
2026-01-17 04:08:35 [websocket-heartbeat-1] INFO  c.z.n.s.i.o.p.p.NotificationRepositoryAdapter - finding notifications with status: PENDING and scheduledAt before: 2026-01-17T04:08:35.004014
2026-01-17 04:08:35 [websocket-heartbeat-1] INFO  c.z.n.s.d.u.NotificationProcessorImpl - Found 0 scheduled notifications to process
2026-01-17 04:08:35 [websocket-heartbeat-1] INFO  c.z.n.s.i.o.p.p.NotificationRepositoryAdapter - finding notifications with status: PENDING and scheduledAt before: 2026-01-17T04:08:35.008014500
2026-01-17 04:08:35 [websocket-heartbeat-1] INFO  c.z.n.s.d.u.NotificationProcessorImpl - Found 0 scheduled notifications to process
2026-01-17 04:08:35 [websocket-heartbeat-1] INFO  c.z.n.s.i.o.p.p.NotificationRepositoryAdapter - finding notifications with status: PENDING and scheduledAt before: 2026-01-17T04:08:35.011670700
2026-01-17 04:08:35 [websocket-heartbeat-1] INFO  c.z.n.s.d.u.NotificationProcessorImpl - Found 0 scheduled notifications to process
2026-01-17 04:08:35 [websocket-heartbeat-1] INFO  c.z.n.s.i.o.p.p.NotificationRepositoryAdapter - finding notifications with status: PENDING and scheduledAt before: 2026-01-17T04:08:35.015179300
2026-01-17 04:08:35 [websocket-heartbeat-1] INFO  c.z.n.s.d.u.NotificationProcessorImpl - Found 0 scheduled notifications to process
2026-01-17 04:08:35 [websocket-heartbeat-1] INFO  c.z.n.s.i.o.p.p.NotificationRepositoryAdapter - finding notifications with status: PENDING and scheduledAt before: 2026-01-17T04:08:35.018690900
2026-01-17 04:08:35 [websocket-heartbeat-1] INFO  c.z.n.s.d.u.NotificationProcessorImpl - Found 0 scheduled notifications to process
2026-01-17 04:08:35 [websocket-heartbeat-1] INFO  c.z.n.s.i.o.p.p.NotificationRepositoryAdapter - finding notifications with status: FAILED and retryCount less than: 3
2026-01-17 04:08:35 [websocket-heartbeat-1] INFO  c.z.n.s.d.u.NotificationProcessorImpl - Found 0 failed notifications to retry
2026-01-17 04:08:35 [websocket-heartbeat-1] INFO  c.z.n.s.i.o.p.p.NotificationRepositoryAdapter - finding notifications with status: PENDING and scheduledAt before: 2026-01-17T04:08:35.028451200
2026-01-17 04:08:35 [websocket-heartbeat-1] INFO  c.z.n.s.d.u.NotificationProcessorImpl - Found 0 scheduled notifications to process
2026-01-17 04:08:35 [websocket-heartbeat-1] INFO  c.z.n.s.i.o.p.p.NotificationRepositoryAdapter - finding notifications with status: PENDING and scheduledAt before: 2026-01-17T04:08:35.033451800
2026-01-17 04:08:35 [websocket-heartbeat-1] INFO  c.z.n.s.d.u.NotificationProcessorImpl - Found 0 scheduled notifications to process
2026-01-17 04:08:35 [websocket-heartbeat-1] INFO  c.z.n.s.i.o.p.p.NotificationRepositoryAdapter - finding notifications with status: PENDING and scheduledAt before: 2026-01-17T04:08:35.042824
2026-01-17 04:08:35 [websocket-heartbeat-1] INFO  c.z.n.s.d.u.NotificationProcessorImpl - Found 0 scheduled notifications to process
2026-01-17 04:08:35 [websocket-heartbeat-1] INFO  c.z.n.s.i.o.p.p.NotificationRepositoryAdapter - finding notifications with status: PENDING and scheduledAt before: 2026-01-17T04:08:35.055349500
2026-01-17 04:08:35 [websocket-heartbeat-1] INFO  c.z.n.s.d.u.NotificationProcessorImpl - Found 0 scheduled notifications to process
2026-01-17 04:08:35 [websocket-heartbeat-1] INFO  c.z.n.s.i.o.p.p.NotificationRepositoryAdapter - finding notifications with status: PENDING and scheduledAt before: 2026-01-17T04:08:35.078261600
2026-01-17 04:08:35 [websocket-heartbeat-1] INFO  c.z.n.s.d.u.NotificationProcessorImpl - Found 0 scheduled notifications to process
2026-01-17 04:08:35 [websocket-heartbeat-1] INFO  c.z.n.s.i.o.p.p.NotificationRepositoryAdapter - finding notifications with status: FAILED and retryCount less than: 3
2026-01-17 04:08:35 [websocket-heartbeat-1] INFO  c.z.n.s.d.u.NotificationProcessorImpl - Found 0 failed notifications to retry
2026-01-17 04:08:35 [websocket-heartbeat-1] INFO  c.z.n.s.i.o.p.p.NotificationRepositoryAdapter - finding notifications with status: PENDING and scheduledAt before: 2026-01-17T04:08:35.122344900
2026-01-17 04:08:35 [websocket-heartbeat-1] INFO  c.z.n.s.d.u.NotificationProcessorImpl - Found 0 scheduled notifications to process
2026-01-17 04:08:35 [websocket-heartbeat-1] INFO  c.z.n.s.i.o.p.p.NotificationRepositoryAdapter - finding notifications with status: PENDING and scheduledAt before: 2026-01-17T04:08:35.144894
2026-01-17 04:08:35 [websocket-heartbeat-1] INFO  c.z.n.s.d.u.NotificationProcessorImpl - Found 0 scheduled notifications to process
2026-01-17 04:08:35 [websocket-heartbeat-1] INFO  c.z.n.s.i.o.p.p.NotificationRepositoryAdapter - finding notifications with status: PENDING and scheduledAt before: 2026-01-17T04:08:35.175451800
2026-01-17 04:08:35 [websocket-heartbeat-1] INFO  c.z.n.s.d.u.NotificationProcessorImpl - Found 0 scheduled notifications to process
2026-01-17 04:08:35 [websocket-heartbeat-1] INFO  c.z.n.s.i.o.p.p.NotificationRepositoryAdapter - finding notifications with status: PENDING and scheduledAt before: 2026-01-17T04:08:35.179452900
2026-01-17 04:08:35 [websocket-heartbeat-1] INFO  c.z.n.s.d.u.NotificationProcessorImpl - Found 0 scheduled notifications to process
2026-01-17 04:08:35 [websocket-heartbeat-1] INFO  c.z.n.s.i.o.p.p.NotificationRepositoryAdapter - finding notifications with status: PENDING and scheduledAt before: 2026-01-17T04:08:35.193479800
2026-01-17 04:08:35 [websocket-heartbeat-1] INFO  c.z.n.s.d.u.NotificationProcessorImpl - Found 0 scheduled notifications to process
2026-01-17 04:08:35 [websocket-heartbeat-1] INFO  c.z.n.s.i.o.p.p.NotificationRepositoryAdapter - finding notifications with status: FAILED and retryCount less than: 3
2026-01-17 04:08:35 [websocket-heartbeat-1] INFO  c.z.n.s.d.u.NotificationProcessorImpl - Found 0 failed notifications to retry
2026-01-17 04:08:35 [websocket-heartbeat-1] INFO  c.z.n.s.i.o.p.p.NotificationRepositoryAdapter - finding notifications with status: PENDING and scheduledAt before: 2026-01-17T04:08:35.200294300
2026-01-17 04:08:35 [websocket-heartbeat-1] INFO  c.z.n.s.d.u.NotificationProcessorImpl - Found 0 scheduled notifications to process
2026-01-17 04:08:35 [websocket-heartbeat-1] INFO  c.z.n.s.i.o.p.p.NotificationRepositoryAdapter - finding notifications with status: PENDING and scheduledAt before: 2026-01-17T04:08:35.203838600
2026-01-17 04:08:35 [websocket-heartbeat-1] INFO  c.z.n.s.d.u.NotificationProcessorImpl - Found 0 scheduled notifications to process
2026-01-17 04:08:35 [websocket-heartbeat-1] INFO  c.z.n.s.i.o.p.p.NotificationRepositoryAdapter - finding notifications with status: PENDING and scheduledAt before: 2026-01-17T04:08:35.207589200
2026-01-17 04:08:35 [websocket-heartbeat-1] INFO  c.z.n.s.d.u.NotificationProcessorImpl - Found 0 scheduled notifications to process
2026-01-17 04:08:35 [websocket-heartbeat-1] INFO  c.z.n.s.i.o.p.p.NotificationRepositoryAdapter - finding notifications with status: PENDING and scheduledAt before: 2026-01-17T04:08:35.212732500
2026-01-17 04:08:35 [websocket-heartbeat-1] INFO  c.z.n.s.d.u.NotificationProcessorImpl - Found 0 scheduled notifications to process
2026-01-17 04:08:35 [websocket-heartbeat-1] INFO  c.z.n.s.i.o.p.p.NotificationRepositoryAdapter - finding notifications with status: PENDING and scheduledAt before: 2026-01-17T04:08:35.217254300
2026-01-17 04:08:35 [websocket-heartbeat-1] INFO  c.z.n.s.d.u.NotificationProcessorImpl - Found 0 scheduled notifications to process
2026-01-17 04:08:35 [websocket-heartbeat-1] INFO  c.z.n.s.i.o.p.p.NotificationRepositoryAdapter - finding notifications with status: FAILED and retryCount less than: 3
2026-01-17 04:08:35 [websocket-heartbeat-1] INFO  c.z.n.s.d.u.NotificationProcessorImpl - Found 0 failed notifications to retry
2026-01-17 04:08:35 [websocket-heartbeat-1] INFO  c.z.n.s.i.o.p.p.NotificationRepositoryAdapter - finding notifications with status: PENDING and scheduledAt before: 2026-01-17T04:08:35.226176900
2026-01-17 04:08:35 [websocket-heartbeat-1] INFO  c.z.n.s.d.u.NotificationProcessorImpl - Found 0 scheduled notifications to process
2026-01-17 04:08:35 [websocket-heartbeat-1] INFO  c.z.n.s.i.o.p.p.NotificationRepositoryAdapter - finding notifications with status: PENDING and scheduledAt before: 2026-01-17T04:08:35.230651700
2026-01-17 04:08:35 [websocket-heartbeat-1] INFO  c.z.n.s.d.u.NotificationProcessorImpl - Found 0 scheduled notifications to process
2026-01-17 04:08:35 [websocket-heartbeat-1] INFO  c.z.n.s.i.o.p.p.NotificationRepositoryAdapter - finding notifications with status: PENDING and scheduledAt before: 2026-01-17T04:08:35.234169900
2026-01-17 04:08:35 [websocket-heartbeat-1] INFO  c.z.n.s.d.u.NotificationProcessorImpl - Found 0 scheduled notifications to process
2026-01-17 04:08:35 [websocket-heartbeat-1] INFO  c.z.n.s.i.o.p.p.NotificationRepositoryAdapter - finding notifications with status: PENDING and scheduledAt before: 2026-01-17T04:08:35.238000200
2026-01-17 04:08:35 [websocket-heartbeat-1] INFO  c.z.n.s.d.u.NotificationProcessorImpl - Found 0 scheduled notifications to process
2026-01-17 04:08:35 [websocket-heartbeat-1] INFO  c.z.n.s.i.o.p.p.NotificationRepositoryAdapter - finding notifications with status: PENDING and scheduledAt before: 2026-01-17T04:08:35.241725500
2026-01-17 04:08:35 [websocket-heartbeat-1] INFO  c.z.n.s.d.u.NotificationProcessorImpl - Found 0 scheduled notifications to process
2026-01-17 04:08:35 [websocket-heartbeat-1] INFO  c.z.n.s.i.o.p.p.NotificationRepositoryAdapter - finding notifications with status: FAILED and retryCount less than: 3
2026-01-17 04:08:35 [websocket-heartbeat-1] INFO  c.z.n.s.d.u.NotificationProcessorImpl - Found 0 failed notifications to retry
2026-01-17 04:08:35 [websocket-heartbeat-1] INFO  c.z.n.s.i.o.p.p.NotificationRepositoryAdapter - finding notifications with status: PENDING and scheduledAt before: 2026-01-17T04:08:35.247969800
2026-01-17 04:08:35 [websocket-heartbeat-1] INFO  c.z.n.s.d.u.NotificationProcessorImpl - Found 0 scheduled notifications to process
2026-01-17 04:08:35 [websocket-heartbeat-1] INFO  c.z.n.s.i.o.p.p.NotificationRepositoryAdapter - finding notifications with status: PENDING and scheduledAt before: 2026-01-17T04:08:35.251666100
2026-01-17 04:08:35 [websocket-heartbeat-1] INFO  c.z.n.s.d.u.NotificationProcessorImpl - Found 0 scheduled notifications to process
2026-01-17 04:08:35 [websocket-heartbeat-1] INFO  c.z.n.s.i.o.p.p.NotificationRepositoryAdapter - finding notifications with status: PENDING and scheduledAt before: 2026-01-17T04:08:35.254674200
2026-01-17 04:08:35 [websocket-heartbeat-1] INFO  c.z.n.s.d.u.NotificationProcessorImpl - Found 0 scheduled notifications to process
2026-01-17 04:08:35 [websocket-heartbeat-1] INFO  c.z.n.s.i.o.p.p.NotificationRepositoryAdapter - finding notifications with status: PENDING and scheduledAt before: 2026-01-17T04:08:35.258674900
2026-01-17 04:08:35 [websocket-heartbeat-1] INFO  c.z.n.s.d.u.NotificationProcessorImpl - Found 0 scheduled notifications to process
2026-01-17 04:08:35 [websocket-heartbeat-1] INFO  c.z.n.s.i.o.p.p.NotificationRepositoryAdapter - finding notifications with status: PENDING and scheduledAt before: 2026-01-17T04:08:35.262187300
2026-01-17 04:08:35 [websocket-heartbeat-1] INFO  c.z.n.s.d.u.NotificationProcessorImpl - Found 0 scheduled notifications to process
2026-01-17 04:08:35 [websocket-heartbeat-1] INFO  c.z.n.s.i.o.p.p.NotificationRepositoryAdapter - finding notifications with status: FAILED and retryCount less than: 3
2026-01-17 04:08:35 [websocket-heartbeat-1] INFO  c.z.n.s.d.u.NotificationProcessorImpl - Found 0 failed notifications to retry
2026-01-17 04:08:35 [websocket-heartbeat-1] INFO  c.z.n.s.i.o.p.p.NotificationRepositoryAdapter - finding notifications with status: PENDING and scheduledAt before: 2026-01-17T04:08:35.269186900
2026-01-17 04:08:35 [websocket-heartbeat-1] INFO  c.z.n.s.d.u.NotificationProcessorImpl - Found 0 scheduled notifications to process
2026-01-17 04:08:35 [websocket-heartbeat-1] INFO  c.z.n.s.i.o.p.p.NotificationRepositoryAdapter - finding notifications with status: PENDING and scheduledAt before: 2026-01-17T04:08:35.272187200
2026-01-17 04:08:35 [websocket-heartbeat-1] INFO  c.z.n.s.d.u.NotificationProcessorImpl - Found 0 scheduled notifications to process
2026-01-17 04:08:35 [websocket-heartbeat-1] INFO  c.z.n.s.i.o.p.p.NotificationRepositoryAdapter - finding notifications with status: PENDING and scheduledAt before: 2026-01-17T04:08:35.276187300
2026-01-17 04:08:35 [websocket-heartbeat-1] INFO  c.z.n.s.d.u.NotificationProcessorImpl - Found 0 scheduled notifications to process
2026-01-17 04:08:35 [websocket-heartbeat-1] INFO  c.z.n.s.i.o.p.p.NotificationRepositoryAdapter - finding notifications with status: PENDING and scheduledAt before: 2026-01-17T04:08:35.279187200
2026-01-17 04:08:35 [websocket-heartbeat-1] INFO  c.z.n.s.d.u.NotificationProcessorImpl - Found 0 scheduled notifications to process
2026-01-17 04:08:35 [websocket-heartbeat-1] INFO  c.z.n.s.i.o.p.p.NotificationRepositoryAdapter - finding notifications with status: PENDING and scheduledAt before: 2026-01-17T04:08:35.283188
2026-01-17 04:08:35 [websocket-heartbeat-1] INFO  c.z.n.s.d.u.NotificationProcessorImpl - Found 0 scheduled notifications to process
2026-01-17 04:08:35 [websocket-heartbeat-1] INFO  c.z.n.s.i.o.p.p.NotificationRepositoryAdapter - finding notifications with status: FAILED and retryCount less than: 3
2026-01-17 04:08:35 [websocket-heartbeat-1] INFO  c.z.n.s.d.u.NotificationProcessorImpl - Found 0 failed notifications to retry
2026-01-17 04:08:35 [websocket-heartbeat-1] INFO  c.z.n.s.i.o.p.p.NotificationRepositoryAdapter - finding notifications with status: PENDING and scheduledAt before: 2026-01-17T04:08:35.294694900
2026-01-17 04:08:35 [websocket-heartbeat-1] INFO  c.z.n.s.d.u.NotificationProcessorImpl - Found 0 scheduled notifications to process
2026-01-17 04:08:35 [websocket-heartbeat-1] INFO  c.z.n.s.i.o.p.p.NotificationRepositoryAdapter - finding notifications with status: PENDING and scheduledAt before: 2026-01-17T04:08:35.298228700
2026-01-17 04:08:35 [websocket-heartbeat-1] INFO  c.z.n.s.d.u.NotificationProcessorImpl - Found 0 scheduled notifications to process
2026-01-17 04:08:35 [websocket-heartbeat-1] INFO  c.z.n.s.i.o.p.p.NotificationRepositoryAdapter - finding notifications with status: PENDING and scheduledAt before: 2026-01-17T04:08:35.301230300
2026-01-17 04:08:35 [websocket-heartbeat-1] INFO  c.z.n.s.d.u.NotificationProcessorImpl - Found 0 scheduled notifications to process
2026-01-17 04:08:35 [websocket-heartbeat-1] INFO  c.z.n.s.i.o.p.p.NotificationRepositoryAdapter - finding notifications with status: PENDING and scheduledAt before: 2026-01-17T04:08:35.306229900
2026-01-17 04:08:35 [websocket-heartbeat-1] INFO  c.z.n.s.d.u.NotificationProcessorImpl - Found 0 scheduled notifications to process
2026-01-17 04:08:35 [websocket-heartbeat-1] INFO  c.z.n.s.i.o.p.p.NotificationRepositoryAdapter - finding notifications with status: PENDING and scheduledAt before: 2026-01-17T04:08:35.316253600
2026-01-17 04:08:35 [websocket-heartbeat-1] INFO  c.z.n.s.d.u.NotificationProcessorImpl - Found 0 scheduled notifications to process
2026-01-17 04:08:35 [websocket-heartbeat-1] INFO  c.z.n.s.i.o.p.p.NotificationRepositoryAdapter - finding notifications with status: FAILED and retryCount less than: 3
2026-01-17 04:08:35 [websocket-heartbeat-1] INFO  c.z.n.s.d.u.NotificationProcessorImpl - Found 0 failed notifications to retry
2026-01-17 04:08:35 [websocket-heartbeat-1] INFO  c.z.n.s.i.o.p.p.NotificationRepositoryAdapter - finding notifications with status: PENDING and scheduledAt before: 2026-01-17T04:08:35.328260600
2026-01-17 04:08:35 [websocket-heartbeat-1] INFO  c.z.n.s.d.u.NotificationProcessorImpl - Found 0 scheduled notifications to process
2026-01-17 04:08:35 [websocket-heartbeat-1] INFO  c.z.n.s.i.o.p.p.NotificationRepositoryAdapter - finding notifications with status: PENDING and scheduledAt before: 2026-01-17T04:08:35.338261200
2026-01-17 04:08:35 [websocket-heartbeat-1] INFO  c.z.n.s.d.u.NotificationProcessorImpl - Found 0 scheduled notifications to process
2026-01-17 04:08:35 [websocket-heartbeat-1] INFO  c.z.n.s.i.o.p.p.NotificationRepositoryAdapter - finding notifications with status: PENDING and scheduledAt before: 2026-01-17T04:08:35.346260400
2026-01-17 04:08:35 [websocket-heartbeat-1] INFO  c.z.n.s.d.u.NotificationProcessorImpl - Found 0 scheduled notifications to process
2026-01-17 04:08:35 [websocket-heartbeat-1] INFO  c.z.n.s.i.o.p.p.NotificationRepositoryAdapter - finding notifications with status: PENDING and scheduledAt before: 2026-01-17T04:08:35.353260600
2026-01-17 04:08:35 [websocket-heartbeat-1] INFO  c.z.n.s.d.u.NotificationProcessorImpl - Found 0 scheduled notifications to process
2026-01-17 04:08:35 [websocket-heartbeat-1] INFO  c.z.n.s.i.o.p.p.NotificationRepositoryAdapter - finding notifications with status: PENDING and scheduledAt before: 2026-01-17T04:08:35.357261300
2026-01-17 04:08:35 [websocket-heartbeat-1] INFO  c.z.n.s.d.u.NotificationProcessorImpl - Found 0 scheduled notifications to process
2026-01-17 04:08:35 [websocket-heartbeat-1] INFO  c.z.n.s.i.o.p.p.NotificationRepositoryAdapter - finding notifications with status: FAILED and retryCount less than: 3
2026-01-17 04:08:35 [websocket-heartbeat-1] INFO  c.z.n.s.d.u.NotificationProcessorImpl - Found 0 failed notifications to retry
2026-01-17 04:08:35 [websocket-heartbeat-1] INFO  c.z.n.s.i.o.p.p.NotificationRepositoryAdapter - finding notifications with status: PENDING and scheduledAt before: 2026-01-17T04:08:35.365815400
2026-01-17 04:08:35 [websocket-heartbeat-1] INFO  c.z.n.s.d.u.NotificationProcessorImpl - Found 0 scheduled notifications to process
2026-01-17 04:08:35 [websocket-heartbeat-1] INFO  c.z.n.s.i.o.p.p.NotificationRepositoryAdapter - finding notifications with status: PENDING and scheduledAt before: 2026-01-17T04:08:35.376330500
2026-01-17 04:08:35 [websocket-heartbeat-1] INFO  c.z.n.s.d.u.NotificationProcessorImpl - Found 0 scheduled notifications to process
2026-01-17 04:08:35 [websocket-heartbeat-1] INFO  c.z.n.s.i.o.p.p.NotificationRepositoryAdapter - finding notifications with status: PENDING and scheduledAt before: 2026-01-17T04:08:35.380345400
2026-01-17 04:08:35 [websocket-heartbeat-1] INFO  c.z.n.s.d.u.NotificationProcessorImpl - Found 0 scheduled notifications to process
2026-01-17 04:08:35 [websocket-heartbeat-1] INFO  c.z.n.s.i.o.p.p.NotificationRepositoryAdapter - finding notifications with status: PENDING and scheduledAt before: 2026-01-17T04:08:35.384345700
2026-01-17 04:08:35 [websocket-heartbeat-1] INFO  c.z.n.s.d.u.NotificationProcessorImpl - Found 0 scheduled notifications to process
2026-01-17 04:08:35 [websocket-heartbeat-1] INFO  c.z.n.s.i.o.p.p.NotificationRepositoryAdapter - finding notifications with status: PENDING and scheduledAt before: 2026-01-17T04:08:35.388345600
2026-01-17 04:08:35 [websocket-heartbeat-1] INFO  c.z.n.s.d.u.NotificationProcessorImpl - Found 0 scheduled notifications to process
2026-01-17 04:08:35 [websocket-heartbeat-1] INFO  c.z.n.s.i.o.p.p.NotificationRepositoryAdapter - finding notifications with status: FAILED and retryCount less than: 3
2026-01-17 04:08:35 [websocket-heartbeat-1] INFO  c.z.n.s.d.u.NotificationProcessorImpl - Found 0 failed notifications to retry
2026-01-17 04:08:35 [websocket-heartbeat-1] INFO  c.z.n.s.i.o.p.p.NotificationRepositoryAdapter - finding notifications with status: PENDING and scheduledAt before: 2026-01-17T04:08:35.406353600
2026-01-17 04:08:35 [websocket-heartbeat-1] INFO  c.z.n.s.d.u.NotificationProcessorImpl - Found 0 scheduled notifications to process
2026-01-17 04:08:35 [websocket-heartbeat-1] INFO  c.z.n.s.i.o.p.p.NotificationRepositoryAdapter - finding notifications with status: PENDING and scheduledAt before: 2026-01-17T04:08:35.412862100
2026-01-17 04:08:35 [websocket-heartbeat-1] INFO  c.z.n.s.d.u.NotificationProcessorImpl - Found 0 scheduled notifications to process
2026-01-17 04:08:35 [websocket-heartbeat-1] INFO  c.z.n.s.i.o.p.p.NotificationRepositoryAdapter - finding notifications with status: PENDING and scheduledAt before: 2026-01-17T04:08:35.435108600
2026-01-17 04:08:35 [websocket-heartbeat-1] INFO  c.z.n.s.d.u.NotificationProcessorImpl - Found 0 scheduled notifications to process
2026-01-17 04:08:35 [websocket-heartbeat-1] INFO  c.z.n.s.i.o.p.p.NotificationRepositoryAdapter - finding notifications with status: PENDING and scheduledAt before: 2026-01-17T04:08:35.495549700
2026-01-17 04:08:35 [websocket-heartbeat-1] INFO  c.z.n.s.d.u.NotificationProcessorImpl - Found 0 scheduled notifications to process
2026-01-17 04:08:35 [websocket-heartbeat-1] INFO  c.z.n.s.i.o.p.p.NotificationRepositoryAdapter - finding notifications with status: PENDING and scheduledAt before: 2026-01-17T04:08:35.505068200
2026-01-17 04:08:35 [websocket-heartbeat-1] INFO  c.z.n.s.d.u.NotificationProcessorImpl - Found 0 scheduled notifications to process
2026-01-17 04:08:35 [websocket-heartbeat-1] INFO  c.z.n.s.i.o.p.p.NotificationRepositoryAdapter - finding notifications with status: FAILED and retryCount less than: 3
2026-01-17 04:08:35 [websocket-heartbeat-1] INFO  c.z.n.s.d.u.NotificationProcessorImpl - Found 0 failed notifications to retry
2026-01-17 04:08:35 [websocket-heartbeat-1] INFO  c.z.n.s.i.o.p.p.NotificationRepositoryAdapter - finding notifications with status: PENDING and scheduledAt before: 2026-01-17T04:08:35.524092700
2026-01-17 04:08:35 [websocket-heartbeat-1] INFO  c.z.n.s.d.u.NotificationProcessorImpl - Found 0 scheduled notifications to process
2026-01-17 04:08:35 [websocket-heartbeat-1] INFO  c.z.n.s.i.o.p.p.NotificationRepositoryAdapter - finding notifications with status: PENDING and scheduledAt before: 2026-01-17T04:08:35.946125400
2026-01-17 04:08:35 [websocket-heartbeat-1] INFO  c.z.n.s.d.u.NotificationProcessorImpl - Found 0 scheduled notifications to process
2026-01-17 04:08:35 [websocket-heartbeat-1] INFO  c.z.n.s.i.o.p.p.NotificationRepositoryAdapter - finding notifications with status: PENDING and scheduledAt before: 2026-01-17T04:08:35.950124700
2026-01-17 04:08:35 [websocket-heartbeat-1] INFO  c.z.n.s.d.u.NotificationProcessorImpl - Found 0 scheduled notifications to process
2026-01-17 04:08:35 [websocket-heartbeat-1] INFO  c.z.n.s.i.o.p.p.NotificationRepositoryAdapter - finding notifications with status: PENDING and scheduledAt before: 2026-01-17T04:08:35.958124300
2026-01-17 04:08:35 [websocket-heartbeat-1] INFO  c.z.n.s.d.u.NotificationProcessorImpl - Found 0 scheduled notifications to process
2026-01-17 04:08:35 [websocket-heartbeat-1] INFO  c.z.n.s.i.o.p.p.NotificationRepositoryAdapter - finding notifications with status: PENDING and scheduledAt before: 2026-01-17T04:08:35.966124800
2026-01-17 04:08:36 [websocket-heartbeat-1] INFO  c.z.n.s.d.u.NotificationProcessorImpl - Found 0 scheduled notifications to process
2026-01-17 04:08:36 [websocket-heartbeat-1] INFO  c.z.n.s.i.o.p.p.NotificationRepositoryAdapter - finding notifications with status: FAILED and retryCount less than: 3
2026-01-17 04:08:36 [websocket-heartbeat-1] INFO  c.z.n.s.d.u.NotificationProcessorImpl - Found 0 failed notifications to retry
2026-01-17 04:08:36 [websocket-heartbeat-1] INFO  c.z.n.s.i.o.p.p.NotificationRepositoryAdapter - finding notifications with status: PENDING and scheduledAt before: 2026-01-17T04:08:36.022773600
2026-01-17 04:08:36 [websocket-heartbeat-1] INFO  c.z.n.s.d.u.NotificationProcessorImpl - Found 0 scheduled notifications to process
2026-01-17 04:08:36 [websocket-heartbeat-1] INFO  c.z.n.s.i.o.p.p.NotificationRepositoryAdapter - finding notifications with status: PENDING and scheduledAt before: 2026-01-17T04:08:36.027774200
2026-01-17 04:08:36 [websocket-heartbeat-1] INFO  c.z.n.s.d.u.NotificationProcessorImpl - Found 0 scheduled notifications to process
2026-01-17 04:08:36 [websocket-heartbeat-1] INFO  c.z.n.s.i.o.p.p.NotificationRepositoryAdapter - finding notifications with status: PENDING and scheduledAt before: 2026-01-17T04:08:36.036774200
2026-01-17 04:08:36 [websocket-heartbeat-1] INFO  c.z.n.s.d.u.NotificationProcessorImpl - Found 0 scheduled notifications to process
2026-01-17 04:08:36 [websocket-heartbeat-1] INFO  c.z.n.s.i.o.p.p.NotificationRepositoryAdapter - finding notifications with status: PENDING and scheduledAt before: 2026-01-17T04:08:36.062286300
2026-01-17 04:08:36 [websocket-heartbeat-1] INFO  c.z.n.s.d.u.NotificationProcessorImpl - Found 0 scheduled notifications to process
2026-01-17 04:08:36 [websocket-heartbeat-1] INFO  c.z.n.s.i.o.p.p.NotificationRepositoryAdapter - finding notifications with status: PENDING and scheduledAt before: 2026-01-17T04:08:36.071285900
2026-01-17 04:08:36 [websocket-heartbeat-1] INFO  c.z.n.s.d.u.NotificationProcessorImpl - Found 0 scheduled notifications to process
2026-01-17 04:08:36 [websocket-heartbeat-1] INFO  c.z.n.s.i.o.p.p.NotificationRepositoryAdapter - finding notifications with status: FAILED and retryCount less than: 3
2026-01-17 04:08:36 [websocket-heartbeat-1] INFO  c.z.n.s.d.u.NotificationProcessorImpl - Found 0 failed notifications to retry
2026-01-17 04:08:36 [websocket-heartbeat-1] INFO  c.z.n.s.i.o.p.p.NotificationRepositoryAdapter - finding notifications with status: PENDING and scheduledAt before: 2026-01-17T04:08:36.080699900
2026-01-17 04:08:36 [websocket-heartbeat-1] INFO  c.z.n.s.d.u.NotificationProcessorImpl - Found 0 scheduled notifications to process
2026-01-17 04:08:36 [websocket-heartbeat-1] INFO  c.z.n.s.i.o.p.p.NotificationRepositoryAdapter - finding notifications with status: PENDING and scheduledAt before: 2026-01-17T04:08:36.086846
2026-01-17 04:08:36 [websocket-heartbeat-1] INFO  c.z.n.s.d.u.NotificationProcessorImpl - Found 0 scheduled notifications to process
2026-01-17 04:08:36 [websocket-heartbeat-1] INFO  c.z.n.s.i.o.p.p.NotificationRepositoryAdapter - finding notifications with status: PENDING and scheduledAt before: 2026-01-17T04:08:36.096935700
2026-01-17 04:08:36 [websocket-heartbeat-1] INFO  c.z.n.s.d.u.NotificationProcessorImpl - Found 0 scheduled notifications to process
2026-01-17 04:08:36 [websocket-heartbeat-1] INFO  c.z.n.s.i.o.p.p.NotificationRepositoryAdapter - finding notifications with status: PENDING and scheduledAt before: 2026-01-17T04:08:36.100936300
2026-01-17 04:08:36 [websocket-heartbeat-1] INFO  c.z.n.s.d.u.NotificationProcessorImpl - Found 0 scheduled notifications to process
2026-01-17 04:08:36 [websocket-heartbeat-1] INFO  c.z.n.s.i.o.p.p.NotificationRepositoryAdapter - finding notifications with status: PENDING and scheduledAt before: 2026-01-17T04:08:36.104937200
2026-01-17 04:08:36 [websocket-heartbeat-1] INFO  c.z.n.s.d.u.NotificationProcessorImpl - Found 0 scheduled notifications to process
2026-01-17 04:08:36 [websocket-heartbeat-1] INFO  c.z.n.s.i.o.p.p.NotificationRepositoryAdapter - finding notifications with status: FAILED and retryCount less than: 3
2026-01-17 04:08:36 [websocket-heartbeat-1] INFO  c.z.n.s.d.u.NotificationProcessorImpl - Found 0 failed notifications to retry
2026-01-17 04:08:36 [websocket-heartbeat-1] INFO  c.z.n.s.i.o.p.p.NotificationRepositoryAdapter - finding notifications with status: PENDING and scheduledAt before: 2026-01-17T04:08:36.115967
2026-01-17 04:08:36 [websocket-heartbeat-1] INFO  c.z.n.s.d.u.NotificationProcessorImpl - Found 0 scheduled notifications to process
2026-01-17 04:08:36 [websocket-heartbeat-1] INFO  c.z.n.s.i.o.p.p.NotificationRepositoryAdapter - finding notifications with status: PENDING and scheduledAt before: 2026-01-17T04:08:36.120967200
2026-01-17 04:08:36 [websocket-heartbeat-1] INFO  c.z.n.s.d.u.NotificationProcessorImpl - Found 0 scheduled notifications to process
2026-01-17 04:08:36 [websocket-heartbeat-1] INFO  c.z.n.s.i.o.p.p.NotificationRepositoryAdapter - finding notifications with status: PENDING and scheduledAt before: 2026-01-17T04:08:36.125971200
2026-01-17 04:08:36 [websocket-heartbeat-1] INFO  c.z.n.s.d.u.NotificationProcessorImpl - Found 0 scheduled notifications to process
2026-01-17 04:08:36 [websocket-heartbeat-1] INFO  c.z.n.s.i.o.p.p.NotificationRepositoryAdapter - finding notifications with status: PENDING and scheduledAt before: 2026-01-17T04:08:36.131800100
2026-01-17 04:08:36 [websocket-heartbeat-1] INFO  c.z.n.s.d.u.NotificationProcessorImpl - Found 0 scheduled notifications to process
2026-01-17 04:08:36 [websocket-heartbeat-1] INFO  c.z.n.s.i.o.p.p.NotificationRepositoryAdapter - finding notifications with status: PENDING and scheduledAt before: 2026-01-17T04:08:36.134799400
2026-01-17 04:08:36 [websocket-heartbeat-1] INFO  c.z.n.s.d.u.NotificationProcessorImpl - Found 0 scheduled notifications to process
2026-01-17 04:08:36 [websocket-heartbeat-1] INFO  c.z.n.s.i.o.p.p.NotificationRepositoryAdapter - finding notifications with status: FAILED and retryCount less than: 3
2026-01-17 04:08:36 [websocket-heartbeat-1] INFO  c.z.n.s.d.u.NotificationProcessorImpl - Found 0 failed notifications to retry
2026-01-17 04:08:36 [websocket-heartbeat-1] INFO  c.z.n.s.i.o.p.p.NotificationRepositoryAdapter - finding notifications with status: PENDING and scheduledAt before: 2026-01-17T04:08:36.147241700
2026-01-17 04:08:36 [websocket-heartbeat-1] INFO  c.z.n.s.d.u.NotificationProcessorImpl - Found 0 scheduled notifications to process
2026-01-17 04:08:36 [websocket-heartbeat-1] INFO  c.z.n.s.i.o.p.p.NotificationRepositoryAdapter - finding notifications with status: PENDING and scheduledAt before: 2026-01-17T04:08:36.150749300
2026-01-17 04:08:36 [websocket-heartbeat-1] INFO  c.z.n.s.d.u.NotificationProcessorImpl - Found 0 scheduled notifications to process
2026-01-17 04:08:36 [websocket-heartbeat-1] INFO  c.z.n.s.i.o.p.p.NotificationRepositoryAdapter - finding notifications with status: PENDING and scheduledAt before: 2026-01-17T04:08:36.153756100
2026-01-17 04:08:36 [websocket-heartbeat-1] INFO  c.z.n.s.d.u.NotificationProcessorImpl - Found 0 scheduled notifications to process
2026-01-17 04:08:36 [websocket-heartbeat-1] INFO  c.z.n.s.i.o.p.p.NotificationRepositoryAdapter - finding notifications with status: PENDING and scheduledAt before: 2026-01-17T04:08:36.157755700
2026-01-17 04:08:36 [websocket-heartbeat-1] INFO  c.z.n.s.d.u.NotificationProcessorImpl - Found 0 scheduled notifications to process
2026-01-17 04:08:36 [websocket-heartbeat-1] INFO  c.z.n.s.i.o.p.p.NotificationRepositoryAdapter - finding notifications with status: PENDING and scheduledAt before: 2026-01-17T04:08:36.160756100
2026-01-17 04:08:36 [websocket-heartbeat-1] INFO  c.z.n.s.d.u.NotificationProcessorImpl - Found 0 scheduled notifications to process
2026-01-17 04:08:36 [websocket-heartbeat-1] INFO  c.z.n.s.i.o.p.p.NotificationRepositoryAdapter - finding notifications with status: FAILED and retryCount less than: 3
2026-01-17 04:08:36 [websocket-heartbeat-1] INFO  c.z.n.s.d.u.NotificationProcessorImpl - Found 0 failed notifications to retry
2026-01-17 04:08:36 [websocket-heartbeat-1] INFO  c.z.n.s.i.o.p.p.NotificationRepositoryAdapter - finding notifications with status: PENDING and scheduledAt before: 2026-01-17T04:08:36.176523
2026-01-17 04:08:36 [websocket-heartbeat-1] INFO  c.z.n.s.d.u.NotificationProcessorImpl - Found 0 scheduled notifications to process
2026-01-17 04:08:36 [websocket-heartbeat-1] INFO  c.z.n.s.i.o.p.p.NotificationRepositoryAdapter - finding notifications with status: PENDING and scheduledAt before: 2026-01-17T04:08:36.181042900
2026-01-17 04:08:36 [websocket-heartbeat-1] INFO  c.z.n.s.d.u.NotificationProcessorImpl - Found 0 scheduled notifications to process
2026-01-17 04:08:36 [websocket-heartbeat-1] INFO  c.z.n.s.i.o.p.p.NotificationRepositoryAdapter - finding notifications with status: PENDING and scheduledAt before: 2026-01-17T04:08:36.187039400
2026-01-17 04:08:36 [websocket-heartbeat-1] INFO  c.z.n.s.d.u.NotificationProcessorImpl - Found 0 scheduled notifications to process
2026-01-17 04:08:36 [websocket-heartbeat-1] INFO  c.z.n.s.i.o.p.p.NotificationRepositoryAdapter - finding notifications with status: PENDING and scheduledAt before: 2026-01-17T04:08:36.195416700
2026-01-17 04:08:36 [websocket-heartbeat-1] INFO  c.z.n.s.d.u.NotificationProcessorImpl - Found 0 scheduled notifications to process
2026-01-17 04:08:36 [websocket-heartbeat-1] INFO  c.z.n.s.i.o.p.p.NotificationRepositoryAdapter - finding notifications with status: PENDING and scheduledAt before: 2026-01-17T04:08:36.210372300
2026-01-17 04:08:36 [websocket-heartbeat-1] INFO  c.z.n.s.d.u.NotificationProcessorImpl - Found 0 scheduled notifications to process
2026-01-17 04:08:36 [websocket-heartbeat-1] INFO  c.z.n.s.i.o.p.p.NotificationRepositoryAdapter - finding notifications with status: FAILED and retryCount less than: 3
2026-01-17 04:08:36 [websocket-heartbeat-1] INFO  c.z.n.s.d.u.NotificationProcessorImpl - Found 0 failed notifications to retry
2026-01-17 04:08:36 [websocket-heartbeat-1] INFO  c.z.n.s.i.o.p.p.NotificationRepositoryAdapter - finding notifications with status: PENDING and scheduledAt before: 2026-01-17T04:08:36.217893500
2026-01-17 04:08:36 [websocket-heartbeat-1] INFO  c.z.n.s.d.u.NotificationProcessorImpl - Found 0 scheduled notifications to process
2026-01-17 04:08:36 [websocket-heartbeat-1] INFO  c.z.n.s.i.o.p.p.NotificationRepositoryAdapter - finding notifications with status: PENDING and scheduledAt before: 2026-01-17T04:08:36.221892900
2026-01-17 04:08:36 [websocket-heartbeat-1] INFO  c.z.n.s.d.u.NotificationProcessorImpl - Found 0 scheduled notifications to process
2026-01-17 04:08:36 [websocket-heartbeat-1] INFO  c.z.n.s.i.o.p.p.NotificationRepositoryAdapter - finding notifications with status: PENDING and scheduledAt before: 2026-01-17T04:08:36.224892400
2026-01-17 04:08:36 [websocket-heartbeat-1] INFO  c.z.n.s.d.u.NotificationProcessorImpl - Found 0 scheduled notifications to process
2026-01-17 04:08:36 [websocket-heartbeat-1] INFO  c.z.n.s.i.o.p.p.NotificationRepositoryAdapter - finding notifications with status: PENDING and scheduledAt before: 2026-01-17T04:08:36.227893300
2026-01-17 04:08:36 [websocket-heartbeat-1] INFO  c.z.n.s.d.u.NotificationProcessorImpl - Found 0 scheduled notifications to process
2026-01-17 04:08:36 [websocket-heartbeat-1] INFO  c.z.n.s.i.o.p.p.NotificationRepositoryAdapter - finding notifications with status: PENDING and scheduledAt before: 2026-01-17T04:08:36.230897500
2026-01-17 04:08:36 [websocket-heartbeat-1] INFO  c.z.n.s.d.u.NotificationProcessorImpl - Found 0 scheduled notifications to process
2026-01-17 04:08:36 [websocket-heartbeat-1] INFO  c.z.n.s.i.o.p.p.NotificationRepositoryAdapter - finding notifications with status: FAILED and retryCount less than: 3
2026-01-17 04:08:36 [websocket-heartbeat-1] INFO  c.z.n.s.d.u.NotificationProcessorImpl - Found 0 failed notifications to retry
2026-01-17 04:08:36 [websocket-heartbeat-1] INFO  c.z.n.s.i.o.p.p.NotificationRepositoryAdapter - finding notifications with status: PENDING and scheduledAt before: 2026-01-17T04:08:36.237899300
2026-01-17 04:08:36 [websocket-heartbeat-1] INFO  c.z.n.s.d.u.NotificationProcessorImpl - Found 0 scheduled notifications to process
2026-01-17 04:08:36 [websocket-heartbeat-1] INFO  c.z.n.s.i.o.p.p.NotificationRepositoryAdapter - finding notifications with status: PENDING and scheduledAt before: 2026-01-17T04:08:36.240898200
2026-01-17 04:08:36 [websocket-heartbeat-1] INFO  c.z.n.s.d.u.NotificationProcessorImpl - Found 0 scheduled notifications to process
2026-01-17 04:08:36 [websocket-heartbeat-1] INFO  c.z.n.s.i.o.p.p.NotificationRepositoryAdapter - finding notifications with status: PENDING and scheduledAt before: 2026-01-17T04:08:36.248139400
2026-01-17 04:08:36 [websocket-heartbeat-1] INFO  c.z.n.s.d.u.NotificationProcessorImpl - Found 0 scheduled notifications to process
2026-01-17 04:08:36 [websocket-heartbeat-1] INFO  c.z.n.s.i.o.p.p.NotificationRepositoryAdapter - finding notifications with status: PENDING and scheduledAt before: 2026-01-17T04:08:36.254915400
2026-01-17 04:08:36 [websocket-heartbeat-1] INFO  c.z.n.s.d.u.NotificationProcessorImpl - Found 0 scheduled notifications to process
2026-01-17 04:08:36 [websocket-heartbeat-1] INFO  c.z.n.s.i.o.p.p.NotificationRepositoryAdapter - finding notifications with status: PENDING and scheduledAt before: 2026-01-17T04:08:36.260531700
2026-01-17 04:08:36 [websocket-heartbeat-1] INFO  c.z.n.s.d.u.NotificationProcessorImpl - Found 0 scheduled notifications to process
2026-01-17 04:08:36 [websocket-heartbeat-1] INFO  c.z.n.s.i.o.p.p.NotificationRepositoryAdapter - finding notifications with status: FAILED and retryCount less than: 3
2026-01-17 04:08:36 [websocket-heartbeat-1] INFO  c.z.n.s.d.u.NotificationProcessorImpl - Found 0 failed notifications to retry
2026-01-17 04:08:36 [websocket-heartbeat-1] INFO  c.z.n.s.i.o.p.p.NotificationRepositoryAdapter - finding notifications with status: PENDING and scheduledAt before: 2026-01-17T04:08:36.266859
2026-01-17 04:08:36 [websocket-heartbeat-1] INFO  c.z.n.s.d.u.NotificationProcessorImpl - Found 0 scheduled notifications to process
2026-01-17 04:08:36 [websocket-heartbeat-1] INFO  c.z.n.s.i.o.p.p.NotificationRepositoryAdapter - finding notifications with status: PENDING and scheduledAt before: 2026-01-17T04:08:36.270020400
2026-01-17 04:08:36 [websocket-heartbeat-1] INFO  c.z.n.s.d.u.NotificationProcessorImpl - Found 0 scheduled notifications to process
2026-01-17 04:08:36 [websocket-heartbeat-1] INFO  c.z.n.s.i.o.p.p.NotificationRepositoryAdapter - finding notifications with status: PENDING and scheduledAt before: 2026-01-17T04:08:36.273148900
2026-01-17 04:08:36 [websocket-heartbeat-1] INFO  c.z.n.s.d.u.NotificationProcessorImpl - Found 0 scheduled notifications to process
2026-01-17 04:08:36 [websocket-heartbeat-1] INFO  c.z.n.s.i.o.p.p.NotificationRepositoryAdapter - finding notifications with status: PENDING and scheduledAt before: 2026-01-17T04:08:36.275806500
2026-01-17 04:08:36 [websocket-heartbeat-1] INFO  c.z.n.s.d.u.NotificationProcessorImpl - Found 0 scheduled notifications to process
2026-01-17 04:08:36 [websocket-heartbeat-1] INFO  c.z.n.s.i.o.p.p.NotificationRepositoryAdapter - finding notifications with status: PENDING and scheduledAt before: 2026-01-17T04:08:36.278576700
2026-01-17 04:08:36 [websocket-heartbeat-1] INFO  c.z.n.s.d.u.NotificationProcessorImpl - Found 0 scheduled notifications to process
2026-01-17 19:52:55 [MessageBroker-3] INFO  o.s.w.s.c.WebSocketMessageBrokerStats - WebSocketSession[0 current WS(0)-HttpStream(0)-HttpPoll(0), 2 total, 0 closed abnormally (0 connect failure, 0 send limit, 0 transport error)], stompSubProtocol[processed CONNECT(2)-CONNECTED(2)-DISCONNECT(0)], stompBrokerRelay[null], inboundChannel[pool size = 0, active threads = 0, queued tasks = 0, completed tasks = 57], outboundChannel[pool size = 0, active threads = 0, queued tasks = 0, completed tasks = 26], sockJsScheduler[pool size = 6, active threads = 1, queued tasks = 1, completed tasks = 3024]
2026-01-17 19:53:02 [HikariPool-1 housekeeper] WARN  com.zaxxer.hikari.pool.HikariPool - HikariPool-1 - Thread starvation or clock leap detected (housekeeper delta=15h44m48s999ms284µs200ns).
2026-01-17 19:53:27 [websocket-heartbeat-1] INFO  c.z.n.s.i.o.p.p.NotificationRepositoryAdapter - finding notifications with status: FAILED and retryCount less than: 3
2026-01-17 19:53:27 [websocket-heartbeat-1] INFO  c.z.n.s.d.u.NotificationProcessorImpl - Found 0 failed notifications to retry
2026-01-17 19:53:27 [websocket-heartbeat-1] INFO  c.z.n.s.i.o.p.p.NotificationRepositoryAdapter - finding notifications with status: PENDING and scheduledAt before: 2026-01-17T19:53:27.113269300
2026-01-17 19:53:27 [websocket-heartbeat-1] INFO  c.z.n.s.d.u.NotificationProcessorImpl - Found 0 scheduled notifications to process
2026-01-17 19:53:27 [websocket-heartbeat-1] INFO  c.z.n.s.i.o.p.p.NotificationRepositoryAdapter - finding notifications with status: PENDING and scheduledAt before: 2026-01-17T19:53:27.120286700
2026-01-17 19:53:27 [websocket-heartbeat-1] INFO  c.z.n.s.d.u.NotificationProcessorImpl - Found 0 scheduled notifications to process
2026-01-17 19:53:27 [websocket-heartbeat-1] INFO  c.z.n.s.i.o.p.p.NotificationRepositoryAdapter - finding notifications with status: PENDING and scheduledAt before: 2026-01-17T19:53:27.124286800
2026-01-17 19:53:27 [websocket-heartbeat-1] INFO  c.z.n.s.d.u.NotificationProcessorImpl - Found 0 scheduled notifications to process
2026-01-17 19:53:27 [websocket-heartbeat-1] INFO  c.z.n.s.i.o.p.p.NotificationRepositoryAdapter - finding notifications with status: PENDING and scheduledAt before: 2026-01-17T19:53:27.131286700
2026-01-17 19:53:27 [websocket-heartbeat-1] INFO  c.z.n.s.d.u.NotificationProcessorImpl - Found 0 scheduled notifications to process
2026-01-17 19:53:27 [websocket-heartbeat-1] INFO  c.z.n.s.i.o.p.p.NotificationRepositoryAdapter - finding notifications with status: PENDING and scheduledAt before: 2026-01-17T19:53:27.142796900
2026-01-17 19:53:27 [websocket-heartbeat-1] INFO  c.z.n.s.d.u.NotificationProcessorImpl - Found 0 scheduled notifications to process
2026-01-17 19:53:27 [websocket-heartbeat-1] INFO  c.z.n.s.i.o.p.p.NotificationRepositoryAdapter - finding notifications with status: FAILED and retryCount less than: 3
2026-01-17 19:53:27 [websocket-heartbeat-1] INFO  c.z.n.s.d.u.NotificationProcessorImpl - Found 0 failed notifications to retry
2026-01-17 19:53:27 [websocket-heartbeat-1] INFO  c.z.n.s.i.o.p.p.NotificationRepositoryAdapter - finding notifications with status: PENDING and scheduledAt before: 2026-01-17T19:53:27.169799
2026-01-17 19:53:27 [websocket-heartbeat-1] INFO  c.z.n.s.d.u.NotificationProcessorImpl - Found 0 scheduled notifications to process
2026-01-17 19:53:27 [websocket-heartbeat-1] INFO  c.z.n.s.i.o.p.p.NotificationRepositoryAdapter - finding notifications with status: PENDING and scheduledAt before: 2026-01-17T19:53:27.182332900
2026-01-17 19:53:27 [websocket-heartbeat-1] INFO  c.z.n.s.d.u.NotificationProcessorImpl - Found 0 scheduled notifications to process
2026-01-17 19:53:27 [websocket-heartbeat-1] INFO  c.z.n.s.i.o.p.p.NotificationRepositoryAdapter - finding notifications with status: PENDING and scheduledAt before: 2026-01-17T19:53:27.189341100
2026-01-17 19:53:27 [websocket-heartbeat-1] INFO  c.z.n.s.d.u.NotificationProcessorImpl - Found 0 scheduled notifications to process
2026-01-17 19:53:27 [websocket-heartbeat-1] INFO  c.z.n.s.i.o.p.p.NotificationRepositoryAdapter - finding notifications with status: PENDING and scheduledAt before: 2026-01-17T19:53:27.193367200
2026-01-17 19:53:27 [websocket-heartbeat-1] INFO  c.z.n.s.d.u.NotificationProcessorImpl - Found 0 scheduled notifications to process
2026-01-17 19:53:27 [websocket-heartbeat-1] INFO  c.z.n.s.i.o.p.p.NotificationRepositoryAdapter - finding notifications with status: PENDING and scheduledAt before: 2026-01-17T19:53:27.198366200
2026-01-17 19:53:27 [websocket-heartbeat-1] INFO  c.z.n.s.d.u.NotificationProcessorImpl - Found 0 scheduled notifications to process
2026-01-17 19:53:27 [websocket-heartbeat-1] INFO  c.z.n.s.i.o.p.p.NotificationRepositoryAdapter - finding notifications with status: FAILED and retryCount less than: 3
2026-01-17 19:53:27 [websocket-heartbeat-1] INFO  c.z.n.s.d.u.NotificationProcessorImpl - Found 0 failed notifications to retry
2026-01-17 19:53:27 [websocket-heartbeat-1] INFO  c.z.n.s.i.o.p.p.NotificationRepositoryAdapter - finding notifications with status: PENDING and scheduledAt before: 2026-01-17T19:53:27.214392
2026-01-17 19:53:27 [websocket-heartbeat-1] INFO  c.z.n.s.d.u.NotificationProcessorImpl - Found 0 scheduled notifications to process
2026-01-17 19:53:27 [websocket-heartbeat-1] INFO  c.z.n.s.i.o.p.p.NotificationRepositoryAdapter - finding notifications with status: PENDING and scheduledAt before: 2026-01-17T19:53:27.814544900
2026-01-17 19:53:27 [websocket-heartbeat-1] INFO  c.z.n.s.d.u.NotificationProcessorImpl - Found 0 scheduled notifications to process
2026-01-17 19:53:27 [websocket-heartbeat-1] INFO  c.z.n.s.i.o.p.p.NotificationRepositoryAdapter - finding notifications with status: PENDING and scheduledAt before: 2026-01-17T19:53:27.826060300
2026-01-17 19:53:27 [websocket-heartbeat-1] INFO  c.z.n.s.d.u.NotificationProcessorImpl - Found 0 scheduled notifications to process
2026-01-17 19:53:27 [websocket-heartbeat-1] INFO  c.z.n.s.i.o.p.p.NotificationRepositoryAdapter - finding notifications with status: PENDING and scheduledAt before: 2026-01-17T19:53:27.839089300
2026-01-17 19:53:27 [websocket-heartbeat-1] INFO  c.z.n.s.d.u.NotificationProcessorImpl - Found 0 scheduled notifications to process
2026-01-17 19:53:27 [websocket-heartbeat-1] INFO  c.z.n.s.i.o.p.p.NotificationRepositoryAdapter - finding notifications with status: PENDING and scheduledAt before: 2026-01-17T19:53:27.866188800
2026-01-17 19:53:27 [websocket-heartbeat-1] INFO  c.z.n.s.d.u.NotificationProcessorImpl - Found 0 scheduled notifications to process
2026-01-17 19:53:27 [websocket-heartbeat-1] INFO  c.z.n.s.i.o.p.p.NotificationRepositoryAdapter - finding notifications with status: FAILED and retryCount less than: 3
2026-01-17 19:53:27 [websocket-heartbeat-1] INFO  c.z.n.s.d.u.NotificationProcessorImpl - Found 0 failed notifications to retry
2026-01-17 19:53:27 [websocket-heartbeat-1] INFO  c.z.n.s.i.o.p.p.NotificationRepositoryAdapter - finding notifications with status: PENDING and scheduledAt before: 2026-01-17T19:53:27.915509500
2026-01-17 19:53:27 [websocket-heartbeat-1] INFO  c.z.n.s.d.u.NotificationProcessorImpl - Found 0 scheduled notifications to process
2026-01-17 19:53:27 [websocket-heartbeat-1] INFO  c.z.n.s.i.o.p.p.NotificationRepositoryAdapter - finding notifications with status: PENDING and scheduledAt before: 2026-01-17T19:53:27.933502500
2026-01-17 19:53:27 [websocket-heartbeat-1] INFO  c.z.n.s.d.u.NotificationProcessorImpl - Found 0 scheduled notifications to process
2026-01-17 19:53:27 [websocket-heartbeat-1] INFO  c.z.n.s.i.o.p.p.NotificationRepositoryAdapter - finding notifications with status: PENDING and scheduledAt before: 2026-01-17T19:53:27.943504900
2026-01-17 19:53:27 [websocket-heartbeat-1] INFO  c.z.n.s.d.u.NotificationProcessorImpl - Found 0 scheduled notifications to process
2026-01-17 19:53:27 [websocket-heartbeat-1] INFO  c.z.n.s.i.o.p.p.NotificationRepositoryAdapter - finding notifications with status: PENDING and scheduledAt before: 2026-01-17T19:53:27.953037600
2026-01-17 19:53:27 [websocket-heartbeat-1] INFO  c.z.n.s.d.u.NotificationProcessorImpl - Found 0 scheduled notifications to process
2026-01-17 19:53:27 [websocket-heartbeat-1] INFO  c.z.n.s.i.o.p.p.NotificationRepositoryAdapter - finding notifications with status: PENDING and scheduledAt before: 2026-01-17T19:53:27.964035300
2026-01-17 19:53:27 [websocket-heartbeat-1] INFO  c.z.n.s.d.u.NotificationProcessorImpl - Found 0 scheduled notifications to process
2026-01-17 19:53:27 [websocket-heartbeat-1] INFO  c.z.n.s.i.o.p.p.NotificationRepositoryAdapter - finding notifications with status: FAILED and retryCount less than: 3
2026-01-17 19:53:27 [websocket-heartbeat-1] INFO  c.z.n.s.d.u.NotificationProcessorImpl - Found 0 failed notifications to retry
2026-01-17 19:53:27 [websocket-heartbeat-1] INFO  c.z.n.s.i.o.p.p.NotificationRepositoryAdapter - finding notifications with status: PENDING and scheduledAt before: 2026-01-17T19:53:27.980570100
2026-01-17 19:53:27 [websocket-heartbeat-1] INFO  c.z.n.s.d.u.NotificationProcessorImpl - Found 0 scheduled notifications to process
2026-01-17 19:53:27 [websocket-heartbeat-1] INFO  c.z.n.s.i.o.p.p.NotificationRepositoryAdapter - finding notifications with status: PENDING and scheduledAt before: 2026-01-17T19:53:27.986568800
2026-01-17 19:53:27 [websocket-heartbeat-1] INFO  c.z.n.s.d.u.NotificationProcessorImpl - Found 0 scheduled notifications to process
2026-01-17 19:53:27 [websocket-heartbeat-1] INFO  c.z.n.s.i.o.p.p.NotificationRepositoryAdapter - finding notifications with status: PENDING and scheduledAt before: 2026-01-17T19:53:27.994104900
2026-01-17 19:53:27 [websocket-heartbeat-1] INFO  c.z.n.s.d.u.NotificationProcessorImpl - Found 0 scheduled notifications to process
2026-01-17 19:53:28 [websocket-heartbeat-1] INFO  c.z.n.s.i.o.p.p.NotificationRepositoryAdapter - finding notifications with status: PENDING and scheduledAt before: 2026-01-17T19:53:28.001106200
2026-01-17 19:53:28 [websocket-heartbeat-1] INFO  c.z.n.s.d.u.NotificationProcessorImpl - Found 0 scheduled notifications to process
2026-01-17 19:53:28 [websocket-heartbeat-1] INFO  c.z.n.s.i.o.p.p.NotificationRepositoryAdapter - finding notifications with status: PENDING and scheduledAt before: 2026-01-17T19:53:28.010112100
2026-01-17 19:53:28 [websocket-heartbeat-1] INFO  c.z.n.s.d.u.NotificationProcessorImpl - Found 0 scheduled notifications to process
2026-01-17 19:53:28 [websocket-heartbeat-1] INFO  c.z.n.s.i.o.p.p.NotificationRepositoryAdapter - finding notifications with status: FAILED and retryCount less than: 3
2026-01-17 19:53:28 [websocket-heartbeat-1] INFO  c.z.n.s.d.u.NotificationProcessorImpl - Found 0 failed notifications to retry
2026-01-17 19:53:28 [websocket-heartbeat-1] INFO  c.z.n.s.i.o.p.p.NotificationRepositoryAdapter - finding notifications with status: PENDING and scheduledAt before: 2026-01-17T19:53:28.033109500
2026-01-17 19:53:28 [websocket-heartbeat-1] INFO  c.z.n.s.d.u.NotificationProcessorImpl - Found 0 scheduled notifications to process
2026-01-17 19:53:28 [websocket-heartbeat-1] INFO  c.z.n.s.i.o.p.p.NotificationRepositoryAdapter - finding notifications with status: PENDING and scheduledAt before: 2026-01-17T19:53:28.040107500
2026-01-17 19:53:28 [websocket-heartbeat-1] INFO  c.z.n.s.d.u.NotificationProcessorImpl - Found 0 scheduled notifications to process
2026-01-17 19:53:28 [websocket-heartbeat-1] INFO  c.z.n.s.i.o.p.p.NotificationRepositoryAdapter - finding notifications with status: PENDING and scheduledAt before: 2026-01-17T19:53:28.048106300
2026-01-17 19:53:28 [websocket-heartbeat-1] INFO  c.z.n.s.d.u.NotificationProcessorImpl - Found 0 scheduled notifications to process
2026-01-17 19:53:28 [websocket-heartbeat-1] INFO  c.z.n.s.i.o.p.p.NotificationRepositoryAdapter - finding notifications with status: PENDING and scheduledAt before: 2026-01-17T19:53:28.056104200
2026-01-17 19:53:28 [websocket-heartbeat-1] INFO  c.z.n.s.d.u.NotificationProcessorImpl - Found 0 scheduled notifications to process
2026-01-17 19:53:28 [websocket-heartbeat-1] INFO  c.z.n.s.i.o.p.p.NotificationRepositoryAdapter - finding notifications with status: PENDING and scheduledAt before: 2026-01-17T19:53:28.065124700
2026-01-17 19:53:28 [websocket-heartbeat-1] INFO  c.z.n.s.d.u.NotificationProcessorImpl - Found 0 scheduled notifications to process
2026-01-17 19:53:28 [websocket-heartbeat-1] INFO  c.z.n.s.i.o.p.p.NotificationRepositoryAdapter - finding notifications with status: FAILED and retryCount less than: 3
2026-01-17 19:53:28 [websocket-heartbeat-1] INFO  c.z.n.s.d.u.NotificationProcessorImpl - Found 0 failed notifications to retry
2026-01-17 19:53:28 [websocket-heartbeat-1] INFO  c.z.n.s.i.o.p.p.NotificationRepositoryAdapter - finding notifications with status: PENDING and scheduledAt before: 2026-01-17T19:53:28.126160800
2026-01-17 19:53:28 [websocket-heartbeat-1] INFO  c.z.n.s.d.u.NotificationProcessorImpl - Found 0 scheduled notifications to process
2026-01-17 19:53:28 [websocket-heartbeat-1] INFO  c.z.n.s.i.o.p.p.NotificationRepositoryAdapter - finding notifications with status: PENDING and scheduledAt before: 2026-01-17T19:53:28.135159100
2026-01-17 19:53:28 [websocket-heartbeat-1] INFO  c.z.n.s.d.u.NotificationProcessorImpl - Found 0 scheduled notifications to process
2026-01-17 19:53:28 [websocket-heartbeat-1] INFO  c.z.n.s.i.o.p.p.NotificationRepositoryAdapter - finding notifications with status: PENDING and scheduledAt before: 2026-01-17T19:53:28.146155600
2026-01-17 19:53:28 [websocket-heartbeat-1] INFO  c.z.n.s.d.u.NotificationProcessorImpl - Found 0 scheduled notifications to process
2026-01-17 19:53:28 [websocket-heartbeat-1] INFO  c.z.n.s.i.o.p.p.NotificationRepositoryAdapter - finding notifications with status: PENDING and scheduledAt before: 2026-01-17T19:53:28.154697700
2026-01-17 19:53:28 [websocket-heartbeat-1] INFO  c.z.n.s.d.u.NotificationProcessorImpl - Found 0 scheduled notifications to process
2026-01-17 19:53:28 [websocket-heartbeat-1] INFO  c.z.n.s.i.o.p.p.NotificationRepositoryAdapter - finding notifications with status: PENDING and scheduledAt before: 2026-01-17T19:53:28.162696400
2026-01-17 19:53:28 [websocket-heartbeat-1] INFO  c.z.n.s.d.u.NotificationProcessorImpl - Found 0 scheduled notifications to process
2026-01-17 19:53:28 [websocket-heartbeat-1] INFO  c.z.n.s.i.o.p.p.NotificationRepositoryAdapter - finding notifications with status: FAILED and retryCount less than: 3
2026-01-17 19:53:28 [websocket-heartbeat-1] INFO  c.z.n.s.d.u.NotificationProcessorImpl - Found 0 failed notifications to retry
2026-01-17 19:53:28 [websocket-heartbeat-1] INFO  c.z.n.s.i.o.p.p.NotificationRepositoryAdapter - finding notifications with status: PENDING and scheduledAt before: 2026-01-17T19:53:28.177209600
2026-01-17 19:53:28 [websocket-heartbeat-1] INFO  c.z.n.s.d.u.NotificationProcessorImpl - Found 0 scheduled notifications to process
2026-01-17 19:53:28 [websocket-heartbeat-1] INFO  c.z.n.s.i.o.p.p.NotificationRepositoryAdapter - finding notifications with status: PENDING and scheduledAt before: 2026-01-17T19:53:28.185211800
2026-01-17 19:53:28 [websocket-heartbeat-1] INFO  c.z.n.s.d.u.NotificationProcessorImpl - Found 0 scheduled notifications to process
2026-01-17 19:53:28 [websocket-heartbeat-1] INFO  c.z.n.s.i.o.p.p.NotificationRepositoryAdapter - finding notifications with status: PENDING and scheduledAt before: 2026-01-17T19:53:28.197736800
2026-01-17 19:53:28 [websocket-heartbeat-1] INFO  c.z.n.s.d.u.NotificationProcessorImpl - Found 0 scheduled notifications to process
2026-01-17 19:53:28 [websocket-heartbeat-1] INFO  c.z.n.s.i.o.p.p.NotificationRepositoryAdapter - finding notifications with status: PENDING and scheduledAt before: 2026-01-17T19:53:28.205738400
2026-01-17 19:53:28 [websocket-heartbeat-1] INFO  c.z.n.s.d.u.NotificationProcessorImpl - Found 0 scheduled notifications to process
2026-01-17 19:53:28 [websocket-heartbeat-1] INFO  c.z.n.s.i.o.p.p.NotificationRepositoryAdapter - finding notifications with status: PENDING and scheduledAt before: 2026-01-17T19:53:28.210727700
2026-01-17 19:53:28 [websocket-heartbeat-1] INFO  c.z.n.s.d.u.NotificationProcessorImpl - Found 0 scheduled notifications to process
2026-01-17 19:53:28 [websocket-heartbeat-1] INFO  c.z.n.s.i.o.p.p.NotificationRepositoryAdapter - finding notifications with status: FAILED and retryCount less than: 3
2026-01-17 19:53:28 [websocket-heartbeat-1] INFO  c.z.n.s.d.u.NotificationProcessorImpl - Found 0 failed notifications to retry
2026-01-17 19:53:28 [websocket-heartbeat-1] INFO  c.z.n.s.i.o.p.p.NotificationRepositoryAdapter - finding notifications with status: PENDING and scheduledAt before: 2026-01-17T19:53:28.225732600
2026-01-17 19:53:28 [websocket-heartbeat-1] INFO  c.z.n.s.d.u.NotificationProcessorImpl - Found 0 scheduled notifications to process
2026-01-17 19:53:28 [websocket-heartbeat-1] INFO  c.z.n.s.i.o.p.p.NotificationRepositoryAdapter - finding notifications with status: PENDING and scheduledAt before: 2026-01-17T19:53:28.231726300
2026-01-17 19:53:28 [websocket-heartbeat-1] INFO  c.z.n.s.d.u.NotificationProcessorImpl - Found 0 scheduled notifications to process
2026-01-17 19:53:28 [websocket-heartbeat-1] INFO  c.z.n.s.i.o.p.p.NotificationRepositoryAdapter - finding notifications with status: PENDING and scheduledAt before: 2026-01-17T19:53:28.239727400
2026-01-17 19:53:28 [websocket-heartbeat-1] INFO  c.z.n.s.d.u.NotificationProcessorImpl - Found 0 scheduled notifications to process
2026-01-17 19:53:28 [websocket-heartbeat-1] INFO  c.z.n.s.i.o.p.p.NotificationRepositoryAdapter - finding notifications with status: PENDING and scheduledAt before: 2026-01-17T19:53:28.258728
2026-01-17 19:53:28 [websocket-heartbeat-1] INFO  c.z.n.s.d.u.NotificationProcessorImpl - Found 0 scheduled notifications to process
2026-01-17 19:53:28 [websocket-heartbeat-1] INFO  c.z.n.s.i.o.p.p.NotificationRepositoryAdapter - finding notifications with status: PENDING and scheduledAt before: 2026-01-17T19:53:28.263728300
2026-01-17 19:53:28 [websocket-heartbeat-1] INFO  c.z.n.s.d.u.NotificationProcessorImpl - Found 0 scheduled notifications to process
2026-01-17 19:53:28 [websocket-heartbeat-1] INFO  c.z.n.s.i.o.p.p.NotificationRepositoryAdapter - finding notifications with status: FAILED and retryCount less than: 3
2026-01-17 19:53:28 [websocket-heartbeat-1] INFO  c.z.n.s.d.u.NotificationProcessorImpl - Found 0 failed notifications to retry
2026-01-17 19:53:28 [websocket-heartbeat-1] INFO  c.z.n.s.i.o.p.p.NotificationRepositoryAdapter - finding notifications with status: PENDING and scheduledAt before: 2026-01-17T19:53:28.280242400
2026-01-17 19:53:28 [websocket-heartbeat-1] INFO  c.z.n.s.d.u.NotificationProcessorImpl - Found 0 scheduled notifications to process
2026-01-17 19:53:28 [websocket-heartbeat-1] INFO  c.z.n.s.i.o.p.p.NotificationRepositoryAdapter - finding notifications with status: PENDING and scheduledAt before: 2026-01-17T19:53:28.285246300
2026-01-17 19:53:28 [websocket-heartbeat-1] INFO  c.z.n.s.d.u.NotificationProcessorImpl - Found 0 scheduled notifications to process
2026-01-17 19:53:28 [websocket-heartbeat-1] INFO  c.z.n.s.i.o.p.p.NotificationRepositoryAdapter - finding notifications with status: PENDING and scheduledAt before: 2026-01-17T19:53:28.289750600
2026-01-17 19:53:28 [websocket-heartbeat-1] INFO  c.z.n.s.d.u.NotificationProcessorImpl - Found 0 scheduled notifications to process
2026-01-17 19:53:28 [websocket-heartbeat-1] INFO  c.z.n.s.i.o.p.p.NotificationRepositoryAdapter - finding notifications with status: PENDING and scheduledAt before: 2026-01-17T19:53:28.294757300
2026-01-17 19:53:28 [websocket-heartbeat-1] INFO  c.z.n.s.d.u.NotificationProcessorImpl - Found 0 scheduled notifications to process
2026-01-17 19:53:28 [websocket-heartbeat-1] INFO  c.z.n.s.i.o.p.p.NotificationRepositoryAdapter - finding notifications with status: PENDING and scheduledAt before: 2026-01-17T19:53:28.300758500
2026-01-17 19:53:28 [websocket-heartbeat-1] INFO  c.z.n.s.d.u.NotificationProcessorImpl - Found 0 scheduled notifications to process
2026-01-17 19:53:28 [websocket-heartbeat-1] INFO  c.z.n.s.i.o.p.p.NotificationRepositoryAdapter - finding notifications with status: FAILED and retryCount less than: 3
2026-01-17 19:53:28 [websocket-heartbeat-1] INFO  c.z.n.s.d.u.NotificationProcessorImpl - Found 0 failed notifications to retry
2026-01-17 19:53:28 [websocket-heartbeat-1] INFO  c.z.n.s.i.o.p.p.NotificationRepositoryAdapter - finding notifications with status: PENDING and scheduledAt before: 2026-01-17T19:53:28.313764700
2026-01-17 19:53:28 [websocket-heartbeat-1] INFO  c.z.n.s.d.u.NotificationProcessorImpl - Found 0 scheduled notifications to process
2026-01-17 19:53:28 [websocket-heartbeat-1] INFO  c.z.n.s.i.o.p.p.NotificationRepositoryAdapter - finding notifications with status: PENDING and scheduledAt before: 2026-01-17T19:53:28.320757
2026-01-17 19:53:28 [websocket-heartbeat-1] INFO  c.z.n.s.d.u.NotificationProcessorImpl - Found 0 scheduled notifications to process
2026-01-17 19:53:28 [websocket-heartbeat-1] INFO  c.z.n.s.i.o.p.p.NotificationRepositoryAdapter - finding notifications with status: PENDING and scheduledAt before: 2026-01-17T19:53:28.333308
2026-01-17 19:53:28 [websocket-heartbeat-1] INFO  c.z.n.s.d.u.NotificationProcessorImpl - Found 0 scheduled notifications to process
2026-01-17 19:53:28 [websocket-heartbeat-1] INFO  c.z.n.s.i.o.p.p.NotificationRepositoryAdapter - finding notifications with status: PENDING and scheduledAt before: 2026-01-17T19:53:28.343310500
2026-01-17 19:53:28 [websocket-heartbeat-1] INFO  c.z.n.s.d.u.NotificationProcessorImpl - Found 0 scheduled notifications to process
2026-01-17 19:53:28 [websocket-heartbeat-1] INFO  c.z.n.s.i.o.p.p.NotificationRepositoryAdapter - finding notifications with status: PENDING and scheduledAt before: 2026-01-17T19:53:28.349309200
2026-01-17 19:53:28 [websocket-heartbeat-1] INFO  c.z.n.s.d.u.NotificationProcessorImpl - Found 0 scheduled notifications to process
2026-01-17 19:53:28 [websocket-heartbeat-1] INFO  c.z.n.s.i.o.p.p.NotificationRepositoryAdapter - finding notifications with status: FAILED and retryCount less than: 3
2026-01-17 19:53:28 [websocket-heartbeat-1] INFO  c.z.n.s.d.u.NotificationProcessorImpl - Found 0 failed notifications to retry
2026-01-17 19:53:28 [websocket-heartbeat-1] INFO  c.z.n.s.i.o.p.p.NotificationRepositoryAdapter - finding notifications with status: PENDING and scheduledAt before: 2026-01-17T19:53:28.361821700
2026-01-17 19:53:28 [websocket-heartbeat-1] INFO  c.z.n.s.d.u.NotificationProcessorImpl - Found 0 scheduled notifications to process
2026-01-17 19:53:28 [websocket-heartbeat-1] INFO  c.z.n.s.i.o.p.p.NotificationRepositoryAdapter - finding notifications with status: PENDING and scheduledAt before: 2026-01-17T19:53:28.366821400
2026-01-17 19:53:28 [websocket-heartbeat-1] INFO  c.z.n.s.d.u.NotificationProcessorImpl - Found 0 scheduled notifications to process
2026-01-17 19:53:28 [websocket-heartbeat-1] INFO  c.z.n.s.i.o.p.p.NotificationRepositoryAdapter - finding notifications with status: PENDING and scheduledAt before: 2026-01-17T19:53:28.372334
2026-01-17 19:53:28 [websocket-heartbeat-1] INFO  c.z.n.s.d.u.NotificationProcessorImpl - Found 0 scheduled notifications to process
2026-01-17 19:53:28 [websocket-heartbeat-1] INFO  c.z.n.s.i.o.p.p.NotificationRepositoryAdapter - finding notifications with status: PENDING and scheduledAt before: 2026-01-17T19:53:28.387849
2026-01-17 19:53:28 [websocket-heartbeat-1] INFO  c.z.n.s.d.u.NotificationProcessorImpl - Found 0 scheduled notifications to process
2026-01-17 19:53:28 [websocket-heartbeat-1] INFO  c.z.n.s.i.o.p.p.NotificationRepositoryAdapter - finding notifications with status: PENDING and scheduledAt before: 2026-01-17T19:53:28.397878400
2026-01-17 19:53:28 [websocket-heartbeat-1] INFO  c.z.n.s.d.u.NotificationProcessorImpl - Found 0 scheduled notifications to process
2026-01-17 19:53:28 [websocket-heartbeat-1] INFO  c.z.n.s.i.o.p.p.NotificationRepositoryAdapter - finding notifications with status: FAILED and retryCount less than: 3
2026-01-17 19:53:28 [websocket-heartbeat-1] INFO  c.z.n.s.d.u.NotificationProcessorImpl - Found 0 failed notifications to retry
2026-01-17 19:53:28 [websocket-heartbeat-1] INFO  c.z.n.s.i.o.p.p.NotificationRepositoryAdapter - finding notifications with status: PENDING and scheduledAt before: 2026-01-17T19:53:28.410690400
2026-01-17 19:53:28 [websocket-heartbeat-1] INFO  c.z.n.s.d.u.NotificationProcessorImpl - Found 0 scheduled notifications to process
2026-01-17 19:53:28 [websocket-heartbeat-1] INFO  c.z.n.s.i.o.p.p.NotificationRepositoryAdapter - finding notifications with status: PENDING and scheduledAt before: 2026-01-17T19:53:28.417690100
2026-01-17 19:53:28 [websocket-heartbeat-1] INFO  c.z.n.s.d.u.NotificationProcessorImpl - Found 0 scheduled notifications to process
2026-01-17 19:53:28 [websocket-heartbeat-1] INFO  c.z.n.s.i.o.p.p.NotificationRepositoryAdapter - finding notifications with status: PENDING and scheduledAt before: 2026-01-17T19:53:28.427204700
2026-01-17 19:53:28 [websocket-heartbeat-1] INFO  c.z.n.s.d.u.NotificationProcessorImpl - Found 0 scheduled notifications to process
2026-01-17 19:53:28 [websocket-heartbeat-1] INFO  c.z.n.s.i.o.p.p.NotificationRepositoryAdapter - finding notifications with status: PENDING and scheduledAt before: 2026-01-17T19:53:28.434745500
2026-01-17 19:53:28 [websocket-heartbeat-1] INFO  c.z.n.s.d.u.NotificationProcessorImpl - Found 0 scheduled notifications to process
2026-01-17 19:53:28 [websocket-heartbeat-1] INFO  c.z.n.s.i.o.p.p.NotificationRepositoryAdapter - finding notifications with status: PENDING and scheduledAt before: 2026-01-17T19:53:28.441744900
2026-01-17 19:53:28 [websocket-heartbeat-1] INFO  c.z.n.s.d.u.NotificationProcessorImpl - Found 0 scheduled notifications to process
2026-01-17 19:53:28 [websocket-heartbeat-1] INFO  c.z.n.s.i.o.p.p.NotificationRepositoryAdapter - finding notifications with status: FAILED and retryCount less than: 3
2026-01-17 19:53:28 [websocket-heartbeat-1] INFO  c.z.n.s.d.u.NotificationProcessorImpl - Found 0 failed notifications to retry
2026-01-17 19:53:28 [websocket-heartbeat-1] INFO  c.z.n.s.i.o.p.p.NotificationRepositoryAdapter - finding notifications with status: PENDING and scheduledAt before: 2026-01-17T19:53:28.457260700
2026-01-17 19:53:28 [websocket-heartbeat-1] INFO  c.z.n.s.d.u.NotificationProcessorImpl - Found 0 scheduled notifications to process
2026-01-17 19:53:28 [websocket-heartbeat-1] INFO  c.z.n.s.i.o.p.p.NotificationRepositoryAdapter - finding notifications with status: PENDING and scheduledAt before: 2026-01-17T19:53:28.495286600
2026-01-17 19:53:28 [websocket-heartbeat-1] INFO  c.z.n.s.d.u.NotificationProcessorImpl - Found 0 scheduled notifications to process
2026-01-17 19:53:28 [websocket-heartbeat-1] INFO  c.z.n.s.i.o.p.p.NotificationRepositoryAdapter - finding notifications with status: PENDING and scheduledAt before: 2026-01-17T19:53:28.520797800
2026-01-17 19:53:28 [websocket-heartbeat-1] INFO  c.z.n.s.d.u.NotificationProcessorImpl - Found 0 scheduled notifications to process
2026-01-17 19:53:28 [websocket-heartbeat-1] INFO  c.z.n.s.i.o.p.p.NotificationRepositoryAdapter - finding notifications with status: PENDING and scheduledAt before: 2026-01-17T19:53:28.562245500
2026-01-17 19:53:28 [websocket-heartbeat-1] INFO  c.z.n.s.d.u.NotificationProcessorImpl - Found 0 scheduled notifications to process
2026-01-17 19:53:28 [websocket-heartbeat-1] INFO  c.z.n.s.i.o.p.p.NotificationRepositoryAdapter - finding notifications with status: PENDING and scheduledAt before: 2026-01-17T19:53:28.588245500
2026-01-17 19:53:28 [websocket-heartbeat-1] INFO  c.z.n.s.d.u.NotificationProcessorImpl - Found 0 scheduled notifications to process
2026-01-17 19:53:28 [websocket-heartbeat-1] INFO  c.z.n.s.i.o.p.p.NotificationRepositoryAdapter - finding notifications with status: FAILED and retryCount less than: 3
2026-01-17 19:53:28 [websocket-heartbeat-1] INFO  c.z.n.s.d.u.NotificationProcessorImpl - Found 0 failed notifications to retry
2026-01-17 19:53:28 [websocket-heartbeat-1] INFO  c.z.n.s.i.o.p.p.NotificationRepositoryAdapter - finding notifications with status: PENDING and scheduledAt before: 2026-01-17T19:53:28.625120
2026-01-17 19:53:28 [websocket-heartbeat-1] INFO  c.z.n.s.d.u.NotificationProcessorImpl - Found 0 scheduled notifications to process
2026-01-17 19:53:28 [websocket-heartbeat-1] INFO  c.z.n.s.i.o.p.p.NotificationRepositoryAdapter - finding notifications with status: PENDING and scheduledAt before: 2026-01-17T19:53:28.632116400
2026-01-17 19:53:28 [websocket-heartbeat-1] INFO  c.z.n.s.d.u.NotificationProcessorImpl - Found 0 scheduled notifications to process
2026-01-17 19:53:28 [websocket-heartbeat-1] INFO  c.z.n.s.i.o.p.p.NotificationRepositoryAdapter - finding notifications with status: PENDING and scheduledAt before: 2026-01-17T19:53:28.635636700
2026-01-17 19:53:28 [websocket-heartbeat-1] INFO  c.z.n.s.d.u.NotificationProcessorImpl - Found 0 scheduled notifications to process
2026-01-17 19:53:28 [websocket-heartbeat-1] INFO  c.z.n.s.i.o.p.p.NotificationRepositoryAdapter - finding notifications with status: PENDING and scheduledAt before: 2026-01-17T19:53:28.644636400
2026-01-17 19:53:28 [websocket-heartbeat-1] INFO  c.z.n.s.d.u.NotificationProcessorImpl - Found 0 scheduled notifications to process
2026-01-17 19:53:28 [websocket-heartbeat-1] INFO  c.z.n.s.i.o.p.p.NotificationRepositoryAdapter - finding notifications with status: PENDING and scheduledAt before: 2026-01-17T19:53:28.648652700
2026-01-17 19:53:28 [websocket-heartbeat-1] INFO  c.z.n.s.d.u.NotificationProcessorImpl - Found 0 scheduled notifications to process
2026-01-17 19:53:28 [websocket-heartbeat-1] INFO  c.z.n.s.i.o.p.p.NotificationRepositoryAdapter - finding notifications with status: FAILED and retryCount less than: 3
2026-01-17 19:53:28 [websocket-heartbeat-1] INFO  c.z.n.s.d.u.NotificationProcessorImpl - Found 0 failed notifications to retry
2026-01-17 19:53:28 [websocket-heartbeat-1] INFO  c.z.n.s.i.o.p.p.NotificationRepositoryAdapter - finding notifications with status: PENDING and scheduledAt before: 2026-01-17T19:53:28.657135200
2026-01-17 19:53:28 [websocket-heartbeat-1] INFO  c.z.n.s.d.u.NotificationProcessorImpl - Found 0 scheduled notifications to process
2026-01-17 19:53:28 [websocket-heartbeat-1] INFO  c.z.n.s.i.o.p.p.NotificationRepositoryAdapter - finding notifications with status: PENDING and scheduledAt before: 2026-01-17T19:53:28.664647400
2026-01-17 19:53:28 [websocket-heartbeat-1] INFO  c.z.n.s.d.u.NotificationProcessorImpl - Found 0 scheduled notifications to process
2026-01-17 19:53:28 [websocket-heartbeat-1] INFO  c.z.n.s.i.o.p.p.NotificationRepositoryAdapter - finding notifications with status: PENDING and scheduledAt before: 2026-01-17T19:53:28.670648500
2026-01-17 19:53:28 [websocket-heartbeat-1] INFO  c.z.n.s.d.u.NotificationProcessorImpl - Found 0 scheduled notifications to process
2026-01-17 19:53:28 [websocket-heartbeat-1] INFO  c.z.n.s.i.o.p.p.NotificationRepositoryAdapter - finding notifications with status: PENDING and scheduledAt before: 2026-01-17T19:53:28.679652300
2026-01-17 19:53:28 [websocket-heartbeat-1] INFO  c.z.n.s.d.u.NotificationProcessorImpl - Found 0 scheduled notifications to process
2026-01-17 19:53:28 [websocket-heartbeat-1] INFO  c.z.n.s.i.o.p.p.NotificationRepositoryAdapter - finding notifications with status: PENDING and scheduledAt before: 2026-01-17T19:53:28.685647700
2026-01-17 19:53:28 [websocket-heartbeat-1] INFO  c.z.n.s.d.u.NotificationProcessorImpl - Found 0 scheduled notifications to process
2026-01-17 19:53:28 [websocket-heartbeat-1] INFO  c.z.n.s.i.o.p.p.NotificationRepositoryAdapter - finding notifications with status: FAILED and retryCount less than: 3
2026-01-17 19:53:28 [websocket-heartbeat-1] INFO  c.z.n.s.d.u.NotificationProcessorImpl - Found 0 failed notifications to retry
2026-01-17 19:53:28 [websocket-heartbeat-1] INFO  c.z.n.s.i.o.p.p.NotificationRepositoryAdapter - finding notifications with status: PENDING and scheduledAt before: 2026-01-17T19:53:28.702164700
2026-01-17 19:53:28 [websocket-heartbeat-1] INFO  c.z.n.s.d.u.NotificationProcessorImpl - Found 0 scheduled notifications to process
2026-01-17 19:53:28 [websocket-heartbeat-1] INFO  c.z.n.s.i.o.p.p.NotificationRepositoryAdapter - finding notifications with status: PENDING and scheduledAt before: 2026-01-17T19:53:28.707166100
2026-01-17 19:53:28 [websocket-heartbeat-1] INFO  c.z.n.s.d.u.NotificationProcessorImpl - Found 0 scheduled notifications to process
2026-01-17 19:53:28 [websocket-heartbeat-1] INFO  c.z.n.s.i.o.p.p.NotificationRepositoryAdapter - finding notifications with status: PENDING and scheduledAt before: 2026-01-17T19:53:28.711231600
2026-01-17 19:53:28 [websocket-heartbeat-1] INFO  c.z.n.s.d.u.NotificationProcessorImpl - Found 0 scheduled notifications to process
2026-01-17 19:53:28 [websocket-heartbeat-1] INFO  c.z.n.s.i.o.p.p.NotificationRepositoryAdapter - finding notifications with status: PENDING and scheduledAt before: 2026-01-17T19:53:28.716224200
2026-01-17 19:53:28 [websocket-heartbeat-1] INFO  c.z.n.s.d.u.NotificationProcessorImpl - Found 0 scheduled notifications to process
2026-01-17 19:53:28 [websocket-heartbeat-1] INFO  c.z.n.s.i.o.p.p.NotificationRepositoryAdapter - finding notifications with status: PENDING and scheduledAt before: 2026-01-17T19:53:28.721730700
2026-01-17 19:53:28 [websocket-heartbeat-1] INFO  c.z.n.s.d.u.NotificationProcessorImpl - Found 0 scheduled notifications to process
2026-01-17 19:53:28 [websocket-heartbeat-1] INFO  c.z.n.s.i.o.p.p.NotificationRepositoryAdapter - finding notifications with status: FAILED and retryCount less than: 3
2026-01-17 19:53:28 [websocket-heartbeat-1] INFO  c.z.n.s.d.u.NotificationProcessorImpl - Found 0 failed notifications to retry
2026-01-17 19:53:28 [websocket-heartbeat-1] INFO  c.z.n.s.i.o.p.p.NotificationRepositoryAdapter - finding notifications with status: PENDING and scheduledAt before: 2026-01-17T19:53:28.736254900
2026-01-17 19:53:28 [websocket-heartbeat-1] INFO  c.z.n.s.d.u.NotificationProcessorImpl - Found 0 scheduled notifications to process
2026-01-17 19:53:28 [websocket-heartbeat-1] INFO  c.z.n.s.i.o.p.p.NotificationRepositoryAdapter - finding notifications with status: PENDING and scheduledAt before: 2026-01-17T19:53:28.742252700
2026-01-17 19:53:28 [websocket-heartbeat-1] INFO  c.z.n.s.d.u.NotificationProcessorImpl - Found 0 scheduled notifications to process
2026-01-17 19:53:28 [websocket-heartbeat-1] INFO  c.z.n.s.i.o.p.p.NotificationRepositoryAdapter - finding notifications with status: PENDING and scheduledAt before: 2026-01-17T19:53:28.753252300
2026-01-17 19:53:28 [websocket-heartbeat-1] INFO  c.z.n.s.d.u.NotificationProcessorImpl - Found 0 scheduled notifications to process
2026-01-17 19:53:28 [websocket-heartbeat-1] INFO  c.z.n.s.i.o.p.p.NotificationRepositoryAdapter - finding notifications with status: PENDING and scheduledAt before: 2026-01-17T19:53:28.758255200
2026-01-17 19:53:28 [websocket-heartbeat-1] INFO  c.z.n.s.d.u.NotificationProcessorImpl - Found 0 scheduled notifications to process
2026-01-17 19:53:28 [websocket-heartbeat-1] INFO  c.z.n.s.i.o.p.p.NotificationRepositoryAdapter - finding notifications with status: PENDING and scheduledAt before: 2026-01-17T19:53:28.764765700
2026-01-17 19:53:28 [websocket-heartbeat-1] INFO  c.z.n.s.d.u.NotificationProcessorImpl - Found 0 scheduled notifications to process
2026-01-17 19:53:28 [websocket-heartbeat-1] INFO  c.z.n.s.i.o.p.p.NotificationRepositoryAdapter - finding notifications with status: FAILED and retryCount less than: 3
2026-01-17 19:53:28 [websocket-heartbeat-1] INFO  c.z.n.s.d.u.NotificationProcessorImpl - Found 0 failed notifications to retry
2026-01-17 19:53:28 [websocket-heartbeat-1] INFO  c.z.n.s.i.o.p.p.NotificationRepositoryAdapter - finding notifications with status: PENDING and scheduledAt before: 2026-01-17T19:53:28.780279100
2026-01-17 19:53:28 [websocket-heartbeat-1] INFO  c.z.n.s.d.u.NotificationProcessorImpl - Found 0 scheduled notifications to process
2026-01-17 19:53:28 [websocket-heartbeat-1] INFO  c.z.n.s.i.o.p.p.NotificationRepositoryAdapter - finding notifications with status: PENDING and scheduledAt before: 2026-01-17T19:53:28.784278900
2026-01-17 19:53:28 [websocket-heartbeat-1] INFO  c.z.n.s.d.u.NotificationProcessorImpl - Found 0 scheduled notifications to process
2026-01-17 19:53:28 [websocket-heartbeat-1] INFO  c.z.n.s.i.o.p.p.NotificationRepositoryAdapter - finding notifications with status: PENDING and scheduledAt before: 2026-01-17T19:53:28.789280
2026-01-17 19:53:28 [websocket-heartbeat-1] INFO  c.z.n.s.d.u.NotificationProcessorImpl - Found 0 scheduled notifications to process
2026-01-17 19:53:28 [websocket-heartbeat-1] INFO  c.z.n.s.i.o.p.p.NotificationRepositoryAdapter - finding notifications with status: PENDING and scheduledAt before: 2026-01-17T19:53:28.794792200
2026-01-17 19:53:28 [websocket-heartbeat-1] INFO  c.z.n.s.d.u.NotificationProcessorImpl - Found 0 scheduled notifications to process
2026-01-17 19:53:28 [websocket-heartbeat-1] INFO  c.z.n.s.i.o.p.p.NotificationRepositoryAdapter - finding notifications with status: PENDING and scheduledAt before: 2026-01-17T19:53:28.800795300
2026-01-17 19:53:28 [websocket-heartbeat-1] INFO  c.z.n.s.d.u.NotificationProcessorImpl - Found 0 scheduled notifications to process
2026-01-17 19:53:28 [websocket-heartbeat-1] INFO  c.z.n.s.i.o.p.p.NotificationRepositoryAdapter - finding notifications with status: FAILED and retryCount less than: 3
2026-01-17 19:53:28 [websocket-heartbeat-1] INFO  c.z.n.s.d.u.NotificationProcessorImpl - Found 0 failed notifications to retry
2026-01-17 19:53:28 [websocket-heartbeat-1] INFO  c.z.n.s.i.o.p.p.NotificationRepositoryAdapter - finding notifications with status: PENDING and scheduledAt before: 2026-01-17T19:53:28.813485
2026-01-17 19:53:28 [websocket-heartbeat-1] INFO  c.z.n.s.d.u.NotificationProcessorImpl - Found 0 scheduled notifications to process
2026-01-17 19:53:28 [websocket-heartbeat-1] INFO  c.z.n.s.i.o.p.p.NotificationRepositoryAdapter - finding notifications with status: PENDING and scheduledAt before: 2026-01-17T19:53:28.818485600
2026-01-17 19:53:28 [websocket-heartbeat-1] INFO  c.z.n.s.d.u.NotificationProcessorImpl - Found 0 scheduled notifications to process
2026-01-17 19:53:28 [websocket-heartbeat-1] INFO  c.z.n.s.i.o.p.p.NotificationRepositoryAdapter - finding notifications with status: PENDING and scheduledAt before: 2026-01-17T19:53:28.824485500
2026-01-17 19:53:28 [websocket-heartbeat-1] INFO  c.z.n.s.d.u.NotificationProcessorImpl - Found 0 scheduled notifications to process
2026-01-17 19:53:28 [websocket-heartbeat-1] INFO  c.z.n.s.i.o.p.p.NotificationRepositoryAdapter - finding notifications with status: PENDING and scheduledAt before: 2026-01-17T19:53:28.832023200
2026-01-17 19:53:28 [websocket-heartbeat-1] INFO  c.z.n.s.d.u.NotificationProcessorImpl - Found 0 scheduled notifications to process
2026-01-17 19:53:28 [websocket-heartbeat-1] INFO  c.z.n.s.i.o.p.p.NotificationRepositoryAdapter - finding notifications with status: PENDING and scheduledAt before: 2026-01-17T19:53:28.838020700
2026-01-17 19:53:28 [websocket-heartbeat-1] INFO  c.z.n.s.d.u.NotificationProcessorImpl - Found 0 scheduled notifications to process
2026-01-17 19:53:28 [websocket-heartbeat-1] INFO  c.z.n.s.i.o.p.p.NotificationRepositoryAdapter - finding notifications with status: FAILED and retryCount less than: 3
2026-01-17 19:53:28 [websocket-heartbeat-1] INFO  c.z.n.s.d.u.NotificationProcessorImpl - Found 0 failed notifications to retry
2026-01-17 19:53:28 [websocket-heartbeat-1] INFO  c.z.n.s.i.o.p.p.NotificationRepositoryAdapter - finding notifications with status: PENDING and scheduledAt before: 2026-01-17T19:53:28.851021700
2026-01-17 19:53:28 [websocket-heartbeat-1] INFO  c.z.n.s.d.u.NotificationProcessorImpl - Found 0 scheduled notifications to process
2026-01-17 19:53:28 [websocket-heartbeat-1] INFO  c.z.n.s.i.o.p.p.NotificationRepositoryAdapter - finding notifications with status: PENDING and scheduledAt before: 2026-01-17T19:53:28.860023100
2026-01-17 19:53:28 [websocket-heartbeat-1] INFO  c.z.n.s.d.u.NotificationProcessorImpl - Found 0 scheduled notifications to process
2026-01-17 19:53:28 [websocket-heartbeat-1] INFO  c.z.n.s.i.o.p.p.NotificationRepositoryAdapter - finding notifications with status: PENDING and scheduledAt before: 2026-01-17T19:53:28.869022800
2026-01-17 19:53:28 [websocket-heartbeat-1] INFO  c.z.n.s.d.u.NotificationProcessorImpl - Found 0 scheduled notifications to process
2026-01-17 19:53:28 [websocket-heartbeat-1] INFO  c.z.n.s.i.o.p.p.NotificationRepositoryAdapter - finding notifications with status: PENDING and scheduledAt before: 2026-01-17T19:53:28.873022300
2026-01-17 19:53:28 [websocket-heartbeat-1] INFO  c.z.n.s.d.u.NotificationProcessorImpl - Found 0 scheduled notifications to process
2026-01-17 19:53:28 [websocket-heartbeat-1] INFO  c.z.n.s.i.o.p.p.NotificationRepositoryAdapter - finding notifications with status: PENDING and scheduledAt before: 2026-01-17T19:53:28.883024800
2026-01-17 19:53:28 [websocket-heartbeat-1] INFO  c.z.n.s.d.u.NotificationProcessorImpl - Found 0 scheduled notifications to process
2026-01-17 19:53:28 [websocket-heartbeat-1] INFO  c.z.n.s.i.o.p.p.NotificationRepositoryAdapter - finding notifications with status: FAILED and retryCount less than: 3
2026-01-17 19:53:28 [websocket-heartbeat-1] INFO  c.z.n.s.d.u.NotificationProcessorImpl - Found 0 failed notifications to retry
2026-01-17 19:53:28 [websocket-heartbeat-1] INFO  c.z.n.s.i.o.p.p.NotificationRepositoryAdapter - finding notifications with status: PENDING and scheduledAt before: 2026-01-17T19:53:28.900062600
2026-01-17 19:53:28 [websocket-heartbeat-1] INFO  c.z.n.s.d.u.NotificationProcessorImpl - Found 0 scheduled notifications to process
2026-01-17 19:53:28 [websocket-heartbeat-1] INFO  c.z.n.s.i.o.p.p.NotificationRepositoryAdapter - finding notifications with status: PENDING and scheduledAt before: 2026-01-17T19:53:28.905061600
2026-01-17 19:53:28 [websocket-heartbeat-1] INFO  c.z.n.s.d.u.NotificationProcessorImpl - Found 0 scheduled notifications to process
2026-01-17 19:53:28 [websocket-heartbeat-1] INFO  c.z.n.s.i.o.p.p.NotificationRepositoryAdapter - finding notifications with status: PENDING and scheduledAt before: 2026-01-17T19:53:28.913063500
2026-01-17 19:53:28 [websocket-heartbeat-1] INFO  c.z.n.s.d.u.NotificationProcessorImpl - Found 0 scheduled notifications to process
2026-01-17 19:53:28 [websocket-heartbeat-1] INFO  c.z.n.s.i.o.p.p.NotificationRepositoryAdapter - finding notifications with status: PENDING and scheduledAt before: 2026-01-17T19:53:28.919060200
2026-01-17 19:53:28 [websocket-heartbeat-1] INFO  c.z.n.s.d.u.NotificationProcessorImpl - Found 0 scheduled notifications to process
2026-01-17 19:53:28 [websocket-heartbeat-1] INFO  c.z.n.s.i.o.p.p.NotificationRepositoryAdapter - finding notifications with status: PENDING and scheduledAt before: 2026-01-17T19:53:28.925064200
2026-01-17 19:53:28 [websocket-heartbeat-1] INFO  c.z.n.s.d.u.NotificationProcessorImpl - Found 0 scheduled notifications to process
2026-01-17 19:53:28 [websocket-heartbeat-1] INFO  c.z.n.s.i.o.p.p.NotificationRepositoryAdapter - finding notifications with status: FAILED and retryCount less than: 3
2026-01-17 19:53:28 [websocket-heartbeat-1] INFO  c.z.n.s.d.u.NotificationProcessorImpl - Found 0 failed notifications to retry
2026-01-17 19:53:28 [websocket-heartbeat-1] INFO  c.z.n.s.i.o.p.p.NotificationRepositoryAdapter - finding notifications with status: PENDING and scheduledAt before: 2026-01-17T19:53:28.937764200
2026-01-17 19:53:28 [websocket-heartbeat-1] INFO  c.z.n.s.d.u.NotificationProcessorImpl - Found 0 scheduled notifications to process
2026-01-17 19:53:28 [websocket-heartbeat-1] INFO  c.z.n.s.d.u.NotificationProcessorImpl - Starting DLQ reprocessing
2026-01-17 19:53:28 [websocket-heartbeat-1] INFO  c.z.n.s.i.o.p.p.DeadLetterQueueRepositoryAdapter - finding dead letter queue items with processed false and scheduledRetryAt before: 2026-01-17T19:53:28.953275700
2026-01-17 19:53:29 [websocket-heartbeat-1] INFO  c.z.n.s.d.u.NotificationProcessorImpl - Found 0 DLQ items to reprocess
2026-01-17 19:53:29 [websocket-heartbeat-1] INFO  c.z.n.s.i.o.p.p.NotificationRepositoryAdapter - finding notifications with status: PENDING and scheduledAt before: 2026-01-17T19:53:29.025259900
2026-01-17 19:53:29 [websocket-heartbeat-1] INFO  c.z.n.s.d.u.NotificationProcessorImpl - Found 0 scheduled notifications to process
2026-01-17 19:53:29 [websocket-heartbeat-1] INFO  c.z.n.s.i.o.p.p.NotificationRepositoryAdapter - finding notifications with status: PENDING and scheduledAt before: 2026-01-17T19:53:29.038258500
2026-01-17 19:53:29 [websocket-heartbeat-1] INFO  c.z.n.s.d.u.NotificationProcessorImpl - Found 0 scheduled notifications to process
2026-01-17 19:53:29 [websocket-heartbeat-1] INFO  c.z.n.s.i.o.p.p.NotificationRepositoryAdapter - finding notifications with status: PENDING and scheduledAt before: 2026-01-17T19:53:29.047259700
2026-01-17 19:53:29 [websocket-heartbeat-1] INFO  c.z.n.s.d.u.NotificationProcessorImpl - Found 0 scheduled notifications to process
2026-01-17 19:53:29 [websocket-heartbeat-1] INFO  c.z.n.s.i.o.p.p.NotificationRepositoryAdapter - finding notifications with status: PENDING and scheduledAt before: 2026-01-17T19:53:29.063259800
2026-01-17 19:53:29 [websocket-heartbeat-1] INFO  c.z.n.s.d.u.NotificationProcessorImpl - Found 0 scheduled notifications to process
2026-01-17 19:53:29 [websocket-heartbeat-1] INFO  c.z.n.s.i.o.p.p.NotificationRepositoryAdapter - finding notifications with status: FAILED and retryCount less than: 3
2026-01-17 19:53:29 [websocket-heartbeat-1] INFO  c.z.n.s.d.u.NotificationProcessorImpl - Found 0 failed notifications to retry
2026-01-17 19:53:29 [websocket-heartbeat-1] INFO  c.z.n.s.i.o.p.p.NotificationRepositoryAdapter - finding notifications with status: PENDING and scheduledAt before: 2026-01-17T19:53:29.080258900
2026-01-17 19:53:29 [websocket-heartbeat-1] INFO  c.z.n.s.d.u.NotificationProcessorImpl - Found 0 scheduled notifications to process
2026-01-17 19:53:29 [websocket-heartbeat-1] INFO  c.z.n.s.i.o.p.p.NotificationRepositoryAdapter - finding notifications with status: PENDING and scheduledAt before: 2026-01-17T19:53:29.100016500
2026-01-17 19:53:29 [websocket-heartbeat-1] INFO  c.z.n.s.d.u.NotificationProcessorImpl - Found 0 scheduled notifications to process
2026-01-17 19:53:29 [websocket-heartbeat-1] INFO  c.z.n.s.i.o.p.p.NotificationRepositoryAdapter - finding notifications with status: PENDING and scheduledAt before: 2026-01-17T19:53:29.107538500
2026-01-17 19:53:29 [websocket-heartbeat-1] INFO  c.z.n.s.d.u.NotificationProcessorImpl - Found 0 scheduled notifications to process
2026-01-17 19:53:29 [websocket-heartbeat-1] INFO  c.z.n.s.i.o.p.p.NotificationRepositoryAdapter - finding notifications with status: PENDING and scheduledAt before: 2026-01-17T19:53:29.113537800
2026-01-17 19:53:29 [websocket-heartbeat-1] INFO  c.z.n.s.d.u.NotificationProcessorImpl - Found 0 scheduled notifications to process
2026-01-17 19:53:29 [websocket-heartbeat-1] INFO  c.z.n.s.i.o.p.p.NotificationRepositoryAdapter - finding notifications with status: PENDING and scheduledAt before: 2026-01-17T19:53:29.119537800
2026-01-17 19:53:29 [websocket-heartbeat-1] INFO  c.z.n.s.d.u.NotificationProcessorImpl - Found 0 scheduled notifications to process
2026-01-17 19:53:29 [websocket-heartbeat-1] INFO  c.z.n.s.i.o.p.p.NotificationRepositoryAdapter - finding notifications with status: FAILED and retryCount less than: 3
2026-01-17 19:53:29 [websocket-heartbeat-1] INFO  c.z.n.s.d.u.NotificationProcessorImpl - Found 0 failed notifications to retry
2026-01-17 19:53:29 [websocket-heartbeat-1] INFO  c.z.n.s.i.o.p.p.NotificationRepositoryAdapter - finding notifications with status: PENDING and scheduledAt before: 2026-01-17T19:53:29.141108800
2026-01-17 19:53:29 [websocket-heartbeat-1] INFO  c.z.n.s.d.u.NotificationProcessorImpl - Found 0 scheduled notifications to process
2026-01-17 19:53:29 [websocket-heartbeat-1] INFO  c.z.n.s.i.o.p.p.NotificationRepositoryAdapter - finding notifications with status: PENDING and scheduledAt before: 2026-01-17T19:53:29.147108400
2026-01-17 19:53:29 [websocket-heartbeat-1] INFO  c.z.n.s.d.u.NotificationProcessorImpl - Found 0 scheduled notifications to process
2026-01-17 19:53:29 [websocket-heartbeat-1] INFO  c.z.n.s.i.o.p.p.NotificationRepositoryAdapter - finding notifications with status: PENDING and scheduledAt before: 2026-01-17T19:53:29.151110100
2026-01-17 19:53:29 [websocket-heartbeat-1] INFO  c.z.n.s.d.u.NotificationProcessorImpl - Found 0 scheduled notifications to process
2026-01-17 19:53:29 [websocket-heartbeat-1] INFO  c.z.n.s.i.o.p.p.NotificationRepositoryAdapter - finding notifications with status: PENDING and scheduledAt before: 2026-01-17T19:53:29.155414200
2026-01-17 19:53:29 [websocket-heartbeat-1] INFO  c.z.n.s.d.u.NotificationProcessorImpl - Found 0 scheduled notifications to process
2026-01-17 19:53:29 [websocket-heartbeat-1] INFO  c.z.n.s.i.o.p.p.NotificationRepositoryAdapter - finding notifications with status: PENDING and scheduledAt before: 2026-01-17T19:53:29.161421800
2026-01-17 19:53:29 [websocket-heartbeat-1] INFO  c.z.n.s.d.u.NotificationProcessorImpl - Found 0 scheduled notifications to process
2026-01-17 19:53:29 [websocket-heartbeat-1] INFO  c.z.n.s.i.o.p.p.NotificationRepositoryAdapter - finding notifications with status: FAILED and retryCount less than: 3
2026-01-17 19:53:29 [websocket-heartbeat-1] INFO  c.z.n.s.d.u.NotificationProcessorImpl - Found 0 failed notifications to retry
2026-01-17 19:53:29 [websocket-heartbeat-1] INFO  c.z.n.s.i.o.p.p.NotificationRepositoryAdapter - finding notifications with status: PENDING and scheduledAt before: 2026-01-17T19:53:29.172421600
2026-01-17 19:53:29 [websocket-heartbeat-1] INFO  c.z.n.s.d.u.NotificationProcessorImpl - Found 0 scheduled notifications to process
2026-01-17 19:53:29 [websocket-heartbeat-1] INFO  c.z.n.s.i.o.p.p.NotificationRepositoryAdapter - finding notifications with status: PENDING and scheduledAt before: 2026-01-17T19:53:29.176930300
2026-01-17 19:53:29 [websocket-heartbeat-1] INFO  c.z.n.s.d.u.NotificationProcessorImpl - Found 0 scheduled notifications to process
2026-01-17 19:53:29 [websocket-heartbeat-1] INFO  c.z.n.s.i.o.p.p.NotificationRepositoryAdapter - finding notifications with status: PENDING and scheduledAt before: 2026-01-17T19:53:29.185937900
2026-01-17 19:53:29 [websocket-heartbeat-1] INFO  c.z.n.s.d.u.NotificationProcessorImpl - Found 0 scheduled notifications to process
2026-01-17 19:53:29 [websocket-heartbeat-1] INFO  c.z.n.s.i.o.p.p.NotificationRepositoryAdapter - finding notifications with status: PENDING and scheduledAt before: 2026-01-17T19:53:29.191461900
2026-01-17 19:53:29 [websocket-heartbeat-1] INFO  c.z.n.s.d.u.NotificationProcessorImpl - Found 0 scheduled notifications to process
2026-01-17 19:53:29 [websocket-heartbeat-1] INFO  c.z.n.s.i.o.p.p.NotificationRepositoryAdapter - finding notifications with status: PENDING and scheduledAt before: 2026-01-17T19:53:29.196458800
2026-01-17 19:53:29 [websocket-heartbeat-1] INFO  c.z.n.s.d.u.NotificationProcessorImpl - Found 0 scheduled notifications to process
2026-01-17 19:53:29 [websocket-heartbeat-1] INFO  c.z.n.s.i.o.p.p.NotificationRepositoryAdapter - finding notifications with status: FAILED and retryCount less than: 3
2026-01-17 19:53:29 [websocket-heartbeat-1] INFO  c.z.n.s.d.u.NotificationProcessorImpl - Found 0 failed notifications to retry
2026-01-17 19:53:29 [websocket-heartbeat-1] INFO  c.z.n.s.i.o.p.p.NotificationRepositoryAdapter - finding notifications with status: PENDING and scheduledAt before: 2026-01-17T19:53:29.210462700
2026-01-17 19:53:29 [websocket-heartbeat-1] INFO  c.z.n.s.d.u.NotificationProcessorImpl - Found 0 scheduled notifications to process
2026-01-17 19:53:29 [websocket-heartbeat-1] INFO  c.z.n.s.i.o.p.p.NotificationRepositoryAdapter - finding notifications with status: PENDING and scheduledAt before: 2026-01-17T19:53:29.217458400
2026-01-17 19:53:29 [websocket-heartbeat-1] INFO  c.z.n.s.d.u.NotificationProcessorImpl - Found 0 scheduled notifications to process
2026-01-17 19:53:29 [websocket-heartbeat-1] INFO  c.z.n.s.i.o.p.p.NotificationRepositoryAdapter - finding notifications with status: PENDING and scheduledAt before: 2026-01-17T19:53:29.222460300
2026-01-17 19:53:29 [websocket-heartbeat-1] INFO  c.z.n.s.d.u.NotificationProcessorImpl - Found 0 scheduled notifications to process
2026-01-17 19:53:29 [websocket-heartbeat-1] INFO  c.z.n.s.i.o.p.p.NotificationRepositoryAdapter - finding notifications with status: PENDING and scheduledAt before: 2026-01-17T19:53:29.229459200
2026-01-17 19:53:29 [websocket-heartbeat-1] INFO  c.z.n.s.d.u.NotificationProcessorImpl - Found 0 scheduled notifications to process
2026-01-17 19:53:29 [websocket-heartbeat-1] INFO  c.z.n.s.i.o.p.p.NotificationRepositoryAdapter - finding notifications with status: PENDING and scheduledAt before: 2026-01-17T19:53:29.248459700
2026-01-17 19:53:29 [websocket-heartbeat-1] INFO  c.z.n.s.d.u.NotificationProcessorImpl - Found 0 scheduled notifications to process
2026-01-17 19:53:29 [websocket-heartbeat-1] INFO  c.z.n.s.i.o.p.p.NotificationRepositoryAdapter - finding notifications with status: FAILED and retryCount less than: 3
2026-01-17 19:53:29 [websocket-heartbeat-1] INFO  c.z.n.s.d.u.NotificationProcessorImpl - Found 0 failed notifications to retry
2026-01-17 19:53:29 [websocket-heartbeat-1] INFO  c.z.n.s.i.o.p.p.NotificationRepositoryAdapter - finding notifications with status: PENDING and scheduledAt before: 2026-01-17T19:53:29.268465300
2026-01-17 19:53:29 [websocket-heartbeat-1] INFO  c.z.n.s.d.u.NotificationProcessorImpl - Found 0 scheduled notifications to process
2026-01-17 19:53:29 [websocket-heartbeat-1] INFO  c.z.n.s.i.o.p.p.NotificationRepositoryAdapter - finding notifications with status: PENDING and scheduledAt before: 2026-01-17T19:53:29.272458400
2026-01-17 19:53:29 [websocket-heartbeat-1] INFO  c.z.n.s.d.u.NotificationProcessorImpl - Found 0 scheduled notifications to process
2026-01-17 19:53:29 [websocket-heartbeat-1] INFO  c.z.n.s.i.o.p.p.NotificationRepositoryAdapter - finding notifications with status: PENDING and scheduledAt before: 2026-01-17T19:53:29.279465500
2026-01-17 19:53:29 [websocket-heartbeat-1] INFO  c.z.n.s.d.u.NotificationProcessorImpl - Found 0 scheduled notifications to process
2026-01-17 19:53:29 [websocket-heartbeat-1] INFO  c.z.n.s.i.o.p.p.NotificationRepositoryAdapter - finding notifications with status: PENDING and scheduledAt before: 2026-01-17T19:53:29.284460100
2026-01-17 19:53:29 [websocket-heartbeat-1] INFO  c.z.n.s.d.u.NotificationProcessorImpl - Found 0 scheduled notifications to process
2026-01-17 19:53:29 [websocket-heartbeat-1] INFO  c.z.n.s.i.o.p.p.NotificationRepositoryAdapter - finding notifications with status: PENDING and scheduledAt before: 2026-01-17T19:53:29.289888900
2026-01-17 19:53:29 [websocket-heartbeat-1] INFO  c.z.n.s.d.u.NotificationProcessorImpl - Found 0 scheduled notifications to process
2026-01-17 19:53:29 [websocket-heartbeat-1] INFO  c.z.n.s.i.o.p.p.NotificationRepositoryAdapter - finding notifications with status: FAILED and retryCount less than: 3
2026-01-17 19:53:29 [websocket-heartbeat-1] INFO  c.z.n.s.d.u.NotificationProcessorImpl - Found 0 failed notifications to retry
2026-01-17 19:53:29 [websocket-heartbeat-1] INFO  c.z.n.s.i.o.p.p.NotificationRepositoryAdapter - finding notifications with status: PENDING and scheduledAt before: 2026-01-17T19:53:29.309405600
2026-01-17 19:53:29 [websocket-heartbeat-1] INFO  c.z.n.s.d.u.NotificationProcessorImpl - Found 0 scheduled notifications to process
2026-01-17 19:53:29 [websocket-heartbeat-1] INFO  c.z.n.s.i.o.p.p.NotificationRepositoryAdapter - finding notifications with status: PENDING and scheduledAt before: 2026-01-17T19:53:29.314405900
2026-01-17 19:53:29 [websocket-heartbeat-1] INFO  c.z.n.s.d.u.NotificationProcessorImpl - Found 0 scheduled notifications to process
2026-01-17 19:53:29 [websocket-heartbeat-1] INFO  c.z.n.s.i.o.p.p.NotificationRepositoryAdapter - finding notifications with status: PENDING and scheduledAt before: 2026-01-17T19:53:29.320359900
2026-01-17 19:53:29 [websocket-heartbeat-1] INFO  c.z.n.s.d.u.NotificationProcessorImpl - Found 0 scheduled notifications to process
2026-01-17 19:53:29 [websocket-heartbeat-1] INFO  c.z.n.s.i.o.p.p.NotificationRepositoryAdapter - finding notifications with status: PENDING and scheduledAt before: 2026-01-17T19:53:29.324875100
2026-01-17 19:53:29 [websocket-heartbeat-1] INFO  c.z.n.s.d.u.NotificationProcessorImpl - Found 0 scheduled notifications to process
2026-01-17 19:53:29 [websocket-heartbeat-1] INFO  c.z.n.s.i.o.p.p.NotificationRepositoryAdapter - finding notifications with status: PENDING and scheduledAt before: 2026-01-17T19:53:29.334409500
2026-01-17 19:53:29 [websocket-heartbeat-1] INFO  c.z.n.s.d.u.NotificationProcessorImpl - Found 0 scheduled notifications to process
2026-01-17 19:53:29 [websocket-heartbeat-1] INFO  c.z.n.s.i.o.p.p.NotificationRepositoryAdapter - finding notifications with status: FAILED and retryCount less than: 3
2026-01-17 19:53:29 [websocket-heartbeat-1] INFO  c.z.n.s.d.u.NotificationProcessorImpl - Found 0 failed notifications to retry
2026-01-17 19:53:29 [websocket-heartbeat-1] INFO  c.z.n.s.i.o.p.p.NotificationRepositoryAdapter - finding notifications with status: PENDING and scheduledAt before: 2026-01-17T19:53:29.343409
2026-01-17 19:53:29 [websocket-heartbeat-1] INFO  c.z.n.s.d.u.NotificationProcessorImpl - Found 0 scheduled notifications to process
2026-01-17 19:53:29 [websocket-heartbeat-1] INFO  c.z.n.s.i.o.p.p.NotificationRepositoryAdapter - finding notifications with status: PENDING and scheduledAt before: 2026-01-17T19:53:29.350383800
2026-01-17 19:53:29 [websocket-heartbeat-1] INFO  c.z.n.s.d.u.NotificationProcessorImpl - Found 0 scheduled notifications to process
2026-01-17 19:53:29 [websocket-heartbeat-1] INFO  c.z.n.s.i.o.p.p.NotificationRepositoryAdapter - finding notifications with status: PENDING and scheduledAt before: 2026-01-17T19:53:29.355384800
2026-01-17 19:53:29 [websocket-heartbeat-1] INFO  c.z.n.s.d.u.NotificationProcessorImpl - Found 0 scheduled notifications to process
2026-01-17 19:53:29 [websocket-heartbeat-1] INFO  c.z.n.s.i.o.p.p.NotificationRepositoryAdapter - finding notifications with status: PENDING and scheduledAt before: 2026-01-17T19:53:29.362881800
2026-01-17 19:53:29 [websocket-heartbeat-1] INFO  c.z.n.s.d.u.NotificationProcessorImpl - Found 0 scheduled notifications to process
2026-01-17 19:53:29 [websocket-heartbeat-1] INFO  c.z.n.s.i.o.p.p.NotificationRepositoryAdapter - finding notifications with status: PENDING and scheduledAt before: 2026-01-17T19:53:29.366882200
2026-01-17 19:53:29 [websocket-heartbeat-1] INFO  c.z.n.s.d.u.NotificationProcessorImpl - Found 0 scheduled notifications to process
2026-01-17 19:53:29 [websocket-heartbeat-1] INFO  c.z.n.s.i.o.p.p.NotificationRepositoryAdapter - finding notifications with status: FAILED and retryCount less than: 3
2026-01-17 19:53:29 [websocket-heartbeat-1] INFO  c.z.n.s.d.u.NotificationProcessorImpl - Found 0 failed notifications to retry
2026-01-17 19:53:29 [websocket-heartbeat-1] INFO  c.z.n.s.i.o.p.p.NotificationRepositoryAdapter - finding notifications with status: PENDING and scheduledAt before: 2026-01-17T19:53:29.377235200
2026-01-17 19:53:29 [websocket-heartbeat-1] INFO  c.z.n.s.d.u.NotificationProcessorImpl - Found 0 scheduled notifications to process
2026-01-17 19:53:29 [websocket-heartbeat-1] INFO  c.z.n.s.i.o.p.p.NotificationRepositoryAdapter - finding notifications with status: PENDING and scheduledAt before: 2026-01-17T19:53:29.383235800
2026-01-17 19:53:29 [websocket-heartbeat-1] INFO  c.z.n.s.d.u.NotificationProcessorImpl - Found 0 scheduled notifications to process
2026-01-17 19:53:29 [websocket-heartbeat-1] INFO  c.z.n.s.i.o.p.p.NotificationRepositoryAdapter - finding notifications with status: PENDING and scheduledAt before: 2026-01-17T19:53:29.389132100
2026-01-17 19:53:29 [websocket-heartbeat-1] INFO  c.z.n.s.d.u.NotificationProcessorImpl - Found 0 scheduled notifications to process
2026-01-17 19:53:29 [websocket-heartbeat-1] INFO  c.z.n.s.i.o.p.p.NotificationRepositoryAdapter - finding notifications with status: PENDING and scheduledAt before: 2026-01-17T19:53:29.393650900
2026-01-17 19:53:29 [websocket-heartbeat-1] INFO  c.z.n.s.d.u.NotificationProcessorImpl - Found 0 scheduled notifications to process
2026-01-17 19:53:29 [websocket-heartbeat-1] INFO  c.z.n.s.i.o.p.p.NotificationRepositoryAdapter - finding notifications with status: PENDING and scheduledAt before: 2026-01-17T19:53:29.401739900
2026-01-17 19:53:29 [websocket-heartbeat-1] INFO  c.z.n.s.d.u.NotificationProcessorImpl - Found 0 scheduled notifications to process
2026-01-17 19:53:29 [websocket-heartbeat-1] INFO  c.z.n.s.i.o.p.p.NotificationRepositoryAdapter - finding notifications with status: FAILED and retryCount less than: 3
2026-01-17 19:53:29 [websocket-heartbeat-1] INFO  c.z.n.s.d.u.NotificationProcessorImpl - Found 0 failed notifications to retry
2026-01-17 19:53:29 [websocket-heartbeat-1] INFO  c.z.n.s.i.o.p.p.NotificationRepositoryAdapter - finding notifications with status: PENDING and scheduledAt before: 2026-01-17T19:53:29.414418700
2026-01-17 19:53:29 [websocket-heartbeat-1] INFO  c.z.n.s.d.u.NotificationProcessorImpl - Found 0 scheduled notifications to process
2026-01-17 19:53:29 [websocket-heartbeat-1] INFO  c.z.n.s.i.o.p.p.NotificationRepositoryAdapter - finding notifications with status: PENDING and scheduledAt before: 2026-01-17T19:53:29.420421400
2026-01-17 19:53:29 [websocket-heartbeat-1] INFO  c.z.n.s.d.u.NotificationProcessorImpl - Found 0 scheduled notifications to process
2026-01-17 19:53:29 [websocket-heartbeat-1] INFO  c.z.n.s.i.o.p.p.NotificationRepositoryAdapter - finding notifications with status: PENDING and scheduledAt before: 2026-01-17T19:53:29.427433300
2026-01-17 19:53:29 [websocket-heartbeat-1] INFO  c.z.n.s.d.u.NotificationProcessorImpl - Found 0 scheduled notifications to process
2026-01-17 19:53:29 [websocket-heartbeat-1] INFO  c.z.n.s.i.o.p.p.NotificationRepositoryAdapter - finding notifications with status: PENDING and scheduledAt before: 2026-01-17T19:53:29.433418200
2026-01-17 19:53:29 [websocket-heartbeat-1] INFO  c.z.n.s.d.u.NotificationProcessorImpl - Found 0 scheduled notifications to process
2026-01-17 19:53:29 [websocket-heartbeat-1] INFO  c.z.n.s.i.o.p.p.NotificationRepositoryAdapter - finding notifications with status: PENDING and scheduledAt before: 2026-01-17T19:53:29.437418400
2026-01-17 19:53:29 [websocket-heartbeat-1] INFO  c.z.n.s.d.u.NotificationProcessorImpl - Found 0 scheduled notifications to process
2026-01-17 19:53:29 [websocket-heartbeat-1] INFO  c.z.n.s.i.o.p.p.NotificationRepositoryAdapter - finding notifications with status: FAILED and retryCount less than: 3
2026-01-17 19:53:29 [websocket-heartbeat-1] INFO  c.z.n.s.d.u.NotificationProcessorImpl - Found 0 failed notifications to retry
2026-01-17 19:53:29 [websocket-heartbeat-1] INFO  c.z.n.s.i.o.p.p.NotificationRepositoryAdapter - finding notifications with status: PENDING and scheduledAt before: 2026-01-17T19:53:29.447078300
2026-01-17 19:53:29 [websocket-heartbeat-1] INFO  c.z.n.s.d.u.NotificationProcessorImpl - Found 0 scheduled notifications to process
2026-01-17 19:53:29 [websocket-heartbeat-1] INFO  c.z.n.s.i.o.p.p.NotificationRepositoryAdapter - finding notifications with status: PENDING and scheduledAt before: 2026-01-17T19:53:29.451078400
2026-01-17 19:53:29 [websocket-heartbeat-1] INFO  c.z.n.s.d.u.NotificationProcessorImpl - Found 0 scheduled notifications to process
2026-01-17 19:53:29 [websocket-heartbeat-1] INFO  c.z.n.s.i.o.p.p.NotificationRepositoryAdapter - finding notifications with status: PENDING and scheduledAt before: 2026-01-17T19:53:29.458080800
2026-01-17 19:53:29 [websocket-heartbeat-1] INFO  c.z.n.s.d.u.NotificationProcessorImpl - Found 0 scheduled notifications to process
2026-01-17 19:53:29 [websocket-heartbeat-1] INFO  c.z.n.s.i.o.p.p.NotificationRepositoryAdapter - finding notifications with status: PENDING and scheduledAt before: 2026-01-17T19:53:29.491764700
2026-01-17 19:53:29 [websocket-heartbeat-1] INFO  c.z.n.s.d.u.NotificationProcessorImpl - Found 0 scheduled notifications to process
2026-01-17 19:53:29 [websocket-heartbeat-1] INFO  c.z.n.s.i.o.p.p.NotificationRepositoryAdapter - finding notifications with status: PENDING and scheduledAt before: 2026-01-17T19:53:29.499765
2026-01-17 19:53:29 [websocket-heartbeat-1] INFO  c.z.n.s.d.u.NotificationProcessorImpl - Found 0 scheduled notifications to process
2026-01-17 19:53:29 [websocket-heartbeat-1] INFO  c.z.n.s.i.o.p.p.NotificationRepositoryAdapter - finding notifications with status: FAILED and retryCount less than: 3
2026-01-17 19:53:29 [websocket-heartbeat-1] INFO  c.z.n.s.d.u.NotificationProcessorImpl - Found 0 failed notifications to retry
2026-01-17 19:53:29 [websocket-heartbeat-1] INFO  c.z.n.s.i.o.p.p.NotificationRepositoryAdapter - finding notifications with status: PENDING and scheduledAt before: 2026-01-17T19:53:29.511362200
2026-01-17 19:53:29 [websocket-heartbeat-1] INFO  c.z.n.s.d.u.NotificationProcessorImpl - Found 0 scheduled notifications to process
2026-01-17 19:53:29 [websocket-heartbeat-1] INFO  c.z.n.s.i.o.p.p.NotificationRepositoryAdapter - finding notifications with status: PENDING and scheduledAt before: 2026-01-17T19:53:29.516361
2026-01-17 19:53:29 [websocket-heartbeat-1] INFO  c.z.n.s.d.u.NotificationProcessorImpl - Found 0 scheduled notifications to process
2026-01-17 19:53:29 [websocket-heartbeat-1] INFO  c.z.n.s.i.o.p.p.NotificationRepositoryAdapter - finding notifications with status: PENDING and scheduledAt before: 2026-01-17T19:53:29.521362800
2026-01-17 19:53:29 [websocket-heartbeat-1] INFO  c.z.n.s.d.u.NotificationProcessorImpl - Found 0 scheduled notifications to process
2026-01-17 19:53:29 [websocket-heartbeat-1] INFO  c.z.n.s.i.o.p.p.NotificationRepositoryAdapter - finding notifications with status: PENDING and scheduledAt before: 2026-01-17T19:53:29.529360900
2026-01-17 19:53:29 [websocket-heartbeat-1] INFO  c.z.n.s.d.u.NotificationProcessorImpl - Found 0 scheduled notifications to process
2026-01-17 19:53:29 [websocket-heartbeat-1] INFO  c.z.n.s.i.o.p.p.NotificationRepositoryAdapter - finding notifications with status: PENDING and scheduledAt before: 2026-01-17T19:53:29.533362500
2026-01-17 19:53:29 [websocket-heartbeat-1] INFO  c.z.n.s.d.u.NotificationProcessorImpl - Found 0 scheduled notifications to process
2026-01-17 19:53:29 [websocket-heartbeat-1] INFO  c.z.n.s.i.o.p.p.NotificationRepositoryAdapter - finding notifications with status: FAILED and retryCount less than: 3
2026-01-17 19:53:29 [websocket-heartbeat-1] INFO  c.z.n.s.d.u.NotificationProcessorImpl - Found 0 failed notifications to retry
2026-01-17 19:53:29 [websocket-heartbeat-1] INFO  c.z.n.s.i.o.p.p.NotificationRepositoryAdapter - finding notifications with status: PENDING and scheduledAt before: 2026-01-17T19:53:29.602704800
2026-01-17 19:53:29 [websocket-heartbeat-1] INFO  c.z.n.s.d.u.NotificationProcessorImpl - Found 0 scheduled notifications to process
2026-01-17 19:53:29 [websocket-heartbeat-1] INFO  c.z.n.s.i.o.p.p.NotificationRepositoryAdapter - finding notifications with status: PENDING and scheduledAt before: 2026-01-17T19:53:29.610704700
2026-01-17 19:53:29 [websocket-heartbeat-1] INFO  c.z.n.s.d.u.NotificationProcessorImpl - Found 0 scheduled notifications to process
2026-01-17 19:53:29 [websocket-heartbeat-1] INFO  c.z.n.s.i.o.p.p.NotificationRepositoryAdapter - finding notifications with status: PENDING and scheduledAt before: 2026-01-17T19:53:29.617706100
2026-01-17 19:53:29 [websocket-heartbeat-1] INFO  c.z.n.s.d.u.NotificationProcessorImpl - Found 0 scheduled notifications to process
2026-01-17 19:53:29 [websocket-heartbeat-1] INFO  c.z.n.s.i.o.p.p.NotificationRepositoryAdapter - finding notifications with status: PENDING and scheduledAt before: 2026-01-17T19:53:29.623705200
2026-01-17 19:53:29 [websocket-heartbeat-1] INFO  c.z.n.s.d.u.NotificationProcessorImpl - Found 0 scheduled notifications to process
2026-01-17 19:53:29 [websocket-heartbeat-1] INFO  c.z.n.s.i.o.p.p.NotificationRepositoryAdapter - finding notifications with status: PENDING and scheduledAt before: 2026-01-17T19:53:29.628704400
2026-01-17 19:53:29 [websocket-heartbeat-1] INFO  c.z.n.s.d.u.NotificationProcessorImpl - Found 0 scheduled notifications to process
2026-01-17 19:53:29 [websocket-heartbeat-1] INFO  c.z.n.s.i.o.p.p.NotificationRepositoryAdapter - finding notifications with status: FAILED and retryCount less than: 3
2026-01-17 19:53:29 [websocket-heartbeat-1] INFO  c.z.n.s.d.u.NotificationProcessorImpl - Found 0 failed notifications to retry
2026-01-17 19:53:29 [websocket-heartbeat-1] INFO  c.z.n.s.i.o.p.p.NotificationRepositoryAdapter - finding notifications with status: PENDING and scheduledAt before: 2026-01-17T19:53:29.640705900
2026-01-17 19:53:29 [websocket-heartbeat-1] INFO  c.z.n.s.d.u.NotificationProcessorImpl - Found 0 scheduled notifications to process
2026-01-17 19:53:29 [websocket-heartbeat-1] INFO  c.z.n.s.i.o.p.p.NotificationRepositoryAdapter - finding notifications with status: PENDING and scheduledAt before: 2026-01-17T19:53:29.646704800
2026-01-17 19:53:29 [websocket-heartbeat-1] INFO  c.z.n.s.d.u.NotificationProcessorImpl - Found 0 scheduled notifications to process
2026-01-17 19:53:29 [websocket-heartbeat-1] INFO  c.z.n.s.i.o.p.p.NotificationRepositoryAdapter - finding notifications with status: PENDING and scheduledAt before: 2026-01-17T19:53:29.655121100
2026-01-17 19:53:29 [websocket-heartbeat-1] INFO  c.z.n.s.d.u.NotificationProcessorImpl - Found 0 scheduled notifications to process
2026-01-17 19:53:29 [websocket-heartbeat-1] INFO  c.z.n.s.i.o.p.p.NotificationRepositoryAdapter - finding notifications with status: PENDING and scheduledAt before: 2026-01-17T19:53:29.660120300
2026-01-17 19:53:29 [websocket-heartbeat-1] INFO  c.z.n.s.d.u.NotificationProcessorImpl - Found 0 scheduled notifications to process
2026-01-17 19:53:29 [websocket-heartbeat-1] INFO  c.z.n.s.i.o.p.p.NotificationRepositoryAdapter - finding notifications with status: PENDING and scheduledAt before: 2026-01-17T19:53:29.677122900
2026-01-17 19:53:29 [websocket-heartbeat-1] INFO  c.z.n.s.d.u.NotificationProcessorImpl - Found 0 scheduled notifications to process
2026-01-17 19:53:29 [websocket-heartbeat-1] INFO  c.z.n.s.i.o.p.p.NotificationRepositoryAdapter - finding notifications with status: FAILED and retryCount less than: 3
2026-01-17 19:53:29 [websocket-heartbeat-1] INFO  c.z.n.s.d.u.NotificationProcessorImpl - Found 0 failed notifications to retry
2026-01-17 19:53:29 [websocket-heartbeat-1] INFO  c.z.n.s.i.o.p.p.NotificationRepositoryAdapter - finding notifications with status: PENDING and scheduledAt before: 2026-01-17T19:53:29.688641800
2026-01-17 19:53:29 [websocket-heartbeat-1] INFO  c.z.n.s.d.u.NotificationProcessorImpl - Found 0 scheduled notifications to process
2026-01-17 19:53:29 [websocket-heartbeat-1] INFO  c.z.n.s.i.o.p.p.NotificationRepositoryAdapter - finding notifications with status: PENDING and scheduledAt before: 2026-01-17T19:53:29.694157600
2026-01-17 19:53:29 [websocket-heartbeat-1] INFO  c.z.n.s.d.u.NotificationProcessorImpl - Found 0 scheduled notifications to process
2026-01-17 19:53:29 [websocket-heartbeat-1] INFO  c.z.n.s.i.o.p.p.NotificationRepositoryAdapter - finding notifications with status: PENDING and scheduledAt before: 2026-01-17T19:53:29.699157300
2026-01-17 19:53:29 [websocket-heartbeat-1] INFO  c.z.n.s.d.u.NotificationProcessorImpl - Found 0 scheduled notifications to process
2026-01-17 19:53:29 [websocket-heartbeat-1] INFO  c.z.n.s.i.o.p.p.NotificationRepositoryAdapter - finding notifications with status: PENDING and scheduledAt before: 2026-01-17T19:53:29.703156100
2026-01-17 19:53:29 [websocket-heartbeat-1] INFO  c.z.n.s.d.u.NotificationProcessorImpl - Found 0 scheduled notifications to process
2026-01-17 19:53:29 [websocket-heartbeat-1] INFO  c.z.n.s.i.o.p.p.NotificationRepositoryAdapter - finding notifications with status: PENDING and scheduledAt before: 2026-01-17T19:53:29.709158400
2026-01-17 19:53:29 [websocket-heartbeat-1] INFO  c.z.n.s.d.u.NotificationProcessorImpl - Found 0 scheduled notifications to process
2026-01-17 19:53:29 [websocket-heartbeat-1] INFO  c.z.n.s.i.o.p.p.NotificationRepositoryAdapter - finding notifications with status: FAILED and retryCount less than: 3
2026-01-17 19:53:29 [websocket-heartbeat-1] INFO  c.z.n.s.d.u.NotificationProcessorImpl - Found 0 failed notifications to retry
2026-01-17 19:53:29 [websocket-heartbeat-1] INFO  c.z.n.s.i.o.p.p.NotificationRepositoryAdapter - finding notifications with status: PENDING and scheduledAt before: 2026-01-17T19:53:29.724156100
2026-01-17 19:53:29 [websocket-heartbeat-1] INFO  c.z.n.s.d.u.NotificationProcessorImpl - Found 0 scheduled notifications to process
2026-01-17 19:53:29 [websocket-heartbeat-1] INFO  c.z.n.s.i.o.p.p.NotificationRepositoryAdapter - finding notifications with status: PENDING and scheduledAt before: 2026-01-17T19:53:29.730157100
2026-01-17 19:53:29 [websocket-heartbeat-1] INFO  c.z.n.s.d.u.NotificationProcessorImpl - Found 0 scheduled notifications to process
2026-01-17 19:53:29 [websocket-heartbeat-1] INFO  c.z.n.s.i.o.p.p.NotificationRepositoryAdapter - finding notifications with status: PENDING and scheduledAt before: 2026-01-17T19:53:29.736160100
2026-01-17 19:53:29 [websocket-heartbeat-1] INFO  c.z.n.s.d.u.NotificationProcessorImpl - Found 0 scheduled notifications to process
2026-01-17 19:53:29 [websocket-heartbeat-1] INFO  c.z.n.s.i.o.p.p.NotificationRepositoryAdapter - finding notifications with status: PENDING and scheduledAt before: 2026-01-17T19:53:29.745157100
2026-01-17 19:53:29 [websocket-heartbeat-1] INFO  c.z.n.s.d.u.NotificationProcessorImpl - Found 0 scheduled notifications to process
2026-01-17 19:53:29 [websocket-heartbeat-1] INFO  c.z.n.s.i.o.p.p.NotificationRepositoryAdapter - finding notifications with status: PENDING and scheduledAt before: 2026-01-17T19:53:29.756157900
2026-01-17 19:53:29 [websocket-heartbeat-1] INFO  c.z.n.s.d.u.NotificationProcessorImpl - Found 0 scheduled notifications to process
2026-01-17 19:53:29 [websocket-heartbeat-1] INFO  c.z.n.s.i.o.p.p.NotificationRepositoryAdapter - finding notifications with status: FAILED and retryCount less than: 3
2026-01-17 19:53:29 [websocket-heartbeat-1] INFO  c.z.n.s.d.u.NotificationProcessorImpl - Found 0 failed notifications to retry
2026-01-17 19:53:29 [websocket-heartbeat-1] INFO  c.z.n.s.i.o.p.p.NotificationRepositoryAdapter - finding notifications with status: PENDING and scheduledAt before: 2026-01-17T19:53:29.776162600
2026-01-17 19:53:29 [websocket-heartbeat-1] INFO  c.z.n.s.d.u.NotificationProcessorImpl - Found 0 scheduled notifications to process
2026-01-17 19:53:29 [websocket-heartbeat-1] INFO  c.z.n.s.i.o.p.p.NotificationRepositoryAdapter - finding notifications with status: PENDING and scheduledAt before: 2026-01-17T19:53:29.785156600
2026-01-17 19:53:29 [websocket-heartbeat-1] INFO  c.z.n.s.d.u.NotificationProcessorImpl - Found 0 scheduled notifications to process
2026-01-17 19:53:29 [websocket-heartbeat-1] INFO  c.z.n.s.i.o.p.p.NotificationRepositoryAdapter - finding notifications with status: PENDING and scheduledAt before: 2026-01-17T19:53:29.790661900
2026-01-17 19:53:29 [websocket-heartbeat-1] INFO  c.z.n.s.d.u.NotificationProcessorImpl - Found 0 scheduled notifications to process
2026-01-17 19:53:29 [websocket-heartbeat-1] INFO  c.z.n.s.i.o.p.p.NotificationRepositoryAdapter - finding notifications with status: PENDING and scheduledAt before: 2026-01-17T19:53:29.795670400
2026-01-17 19:53:29 [websocket-heartbeat-1] INFO  c.z.n.s.d.u.NotificationProcessorImpl - Found 0 scheduled notifications to process
2026-01-17 19:53:29 [websocket-heartbeat-1] INFO  c.z.n.s.i.o.p.p.NotificationRepositoryAdapter - finding notifications with status: PENDING and scheduledAt before: 2026-01-17T19:53:29.801187300
2026-01-17 19:53:29 [websocket-heartbeat-1] INFO  c.z.n.s.d.u.NotificationProcessorImpl - Found 0 scheduled notifications to process
2026-01-17 19:53:29 [websocket-heartbeat-1] INFO  c.z.n.s.i.o.p.p.NotificationRepositoryAdapter - finding notifications with status: FAILED and retryCount less than: 3
2026-01-17 19:53:29 [websocket-heartbeat-1] INFO  c.z.n.s.d.u.NotificationProcessorImpl - Found 0 failed notifications to retry
2026-01-17 19:53:29 [websocket-heartbeat-1] INFO  c.z.n.s.i.o.p.p.NotificationRepositoryAdapter - finding notifications with status: PENDING and scheduledAt before: 2026-01-17T19:53:29.810187600
2026-01-17 19:53:29 [websocket-heartbeat-1] INFO  c.z.n.s.d.u.NotificationProcessorImpl - Found 0 scheduled notifications to process
2026-01-17 19:53:29 [websocket-heartbeat-1] INFO  c.z.n.s.i.o.p.p.NotificationRepositoryAdapter - finding notifications with status: PENDING and scheduledAt before: 2026-01-17T19:53:29.814189400
2026-01-17 19:53:29 [websocket-heartbeat-1] INFO  c.z.n.s.d.u.NotificationProcessorImpl - Found 0 scheduled notifications to process
2026-01-17 19:53:29 [websocket-heartbeat-1] INFO  c.z.n.s.i.o.p.p.NotificationRepositoryAdapter - finding notifications with status: PENDING and scheduledAt before: 2026-01-17T19:53:29.819187900
2026-01-17 19:53:29 [websocket-heartbeat-1] INFO  c.z.n.s.d.u.NotificationProcessorImpl - Found 0 scheduled notifications to process
2026-01-17 19:53:29 [websocket-heartbeat-1] INFO  c.z.n.s.i.o.p.p.NotificationRepositoryAdapter - finding notifications with status: PENDING and scheduledAt before: 2026-01-17T19:53:29.823700200
2026-01-17 19:53:29 [websocket-heartbeat-1] INFO  c.z.n.s.d.u.NotificationProcessorImpl - Found 0 scheduled notifications to process
2026-01-17 19:53:29 [websocket-heartbeat-1] INFO  c.z.n.s.i.o.p.p.NotificationRepositoryAdapter - finding notifications with status: PENDING and scheduledAt before: 2026-01-17T19:53:29.830711900
2026-01-17 19:53:29 [websocket-heartbeat-1] INFO  c.z.n.s.d.u.NotificationProcessorImpl - Found 0 scheduled notifications to process
2026-01-17 19:53:29 [websocket-heartbeat-1] INFO  c.z.n.s.i.o.p.p.NotificationRepositoryAdapter - finding notifications with status: FAILED and retryCount less than: 3
2026-01-17 19:53:29 [websocket-heartbeat-1] INFO  c.z.n.s.d.u.NotificationProcessorImpl - Found 0 failed notifications to retry
2026-01-17 19:53:29 [websocket-heartbeat-1] INFO  c.z.n.s.i.o.p.p.NotificationRepositoryAdapter - finding notifications with status: PENDING and scheduledAt before: 2026-01-17T19:53:29.840701400
2026-01-17 19:53:29 [websocket-heartbeat-1] INFO  c.z.n.s.d.u.NotificationProcessorImpl - Found 0 scheduled notifications to process
2026-01-17 19:53:29 [websocket-heartbeat-1] INFO  c.z.n.s.i.o.p.p.NotificationRepositoryAdapter - finding notifications with status: PENDING and scheduledAt before: 2026-01-17T19:53:29.847700600
2026-01-17 19:53:29 [websocket-heartbeat-1] INFO  c.z.n.s.d.u.NotificationProcessorImpl - Found 0 scheduled notifications to process
2026-01-17 19:53:29 [websocket-heartbeat-1] INFO  c.z.n.s.i.o.p.p.NotificationRepositoryAdapter - finding notifications with status: PENDING and scheduledAt before: 2026-01-17T19:53:29.852699600
2026-01-17 19:53:29 [websocket-heartbeat-1] INFO  c.z.n.s.d.u.NotificationProcessorImpl - Found 0 scheduled notifications to process
2026-01-17 19:53:29 [websocket-heartbeat-1] INFO  c.z.n.s.i.o.p.p.NotificationRepositoryAdapter - finding notifications with status: PENDING and scheduledAt before: 2026-01-17T19:53:29.857217200
2026-01-17 19:53:29 [websocket-heartbeat-1] INFO  c.z.n.s.d.u.NotificationProcessorImpl - Found 0 scheduled notifications to process
2026-01-17 19:53:29 [websocket-heartbeat-1] INFO  c.z.n.s.i.o.p.p.NotificationRepositoryAdapter - finding notifications with status: PENDING and scheduledAt before: 2026-01-17T19:53:29.861217900
2026-01-17 19:53:29 [websocket-heartbeat-1] INFO  c.z.n.s.d.u.NotificationProcessorImpl - Found 0 scheduled notifications to process
2026-01-17 19:53:29 [websocket-heartbeat-1] INFO  c.z.n.s.i.o.p.p.NotificationRepositoryAdapter - finding notifications with status: FAILED and retryCount less than: 3
2026-01-17 19:53:29 [websocket-heartbeat-1] INFO  c.z.n.s.d.u.NotificationProcessorImpl - Found 0 failed notifications to retry
2026-01-17 19:53:29 [websocket-heartbeat-1] INFO  c.z.n.s.i.o.p.p.NotificationRepositoryAdapter - finding notifications with status: PENDING and scheduledAt before: 2026-01-17T19:53:29.870219400
2026-01-17 19:53:29 [websocket-heartbeat-1] INFO  c.z.n.s.d.u.NotificationProcessorImpl - Found 0 scheduled notifications to process
2026-01-17 19:53:29 [websocket-heartbeat-1] INFO  c.z.n.s.i.o.p.p.NotificationRepositoryAdapter - finding notifications with status: PENDING and scheduledAt before: 2026-01-17T19:53:29.876224200
2026-01-17 19:53:29 [websocket-heartbeat-1] INFO  c.z.n.s.d.u.NotificationProcessorImpl - Found 0 scheduled notifications to process
2026-01-17 19:53:29 [websocket-heartbeat-1] INFO  c.z.n.s.i.o.p.p.NotificationRepositoryAdapter - finding notifications with status: PENDING and scheduledAt before: 2026-01-17T19:53:29.886732200
2026-01-17 19:53:29 [websocket-heartbeat-1] INFO  c.z.n.s.d.u.NotificationProcessorImpl - Found 0 scheduled notifications to process
2026-01-17 19:53:29 [websocket-heartbeat-1] INFO  c.z.n.s.i.o.p.p.NotificationRepositoryAdapter - finding notifications with status: PENDING and scheduledAt before: 2026-01-17T19:53:29.891249200
2026-01-17 19:53:29 [websocket-heartbeat-1] INFO  c.z.n.s.d.u.NotificationProcessorImpl - Found 0 scheduled notifications to process
2026-01-17 19:53:29 [websocket-heartbeat-1] INFO  c.z.n.s.i.o.p.p.NotificationRepositoryAdapter - finding notifications with status: PENDING and scheduledAt before: 2026-01-17T19:53:29.895254500
2026-01-17 19:53:29 [websocket-heartbeat-1] INFO  c.z.n.s.d.u.NotificationProcessorImpl - Found 0 scheduled notifications to process
2026-01-17 19:53:29 [websocket-heartbeat-1] INFO  c.z.n.s.i.o.p.p.NotificationRepositoryAdapter - finding notifications with status: FAILED and retryCount less than: 3
2026-01-17 19:53:29 [websocket-heartbeat-1] INFO  c.z.n.s.d.u.NotificationProcessorImpl - Found 0 failed notifications to retry
2026-01-17 19:53:29 [websocket-heartbeat-1] INFO  c.z.n.s.i.o.p.p.NotificationRepositoryAdapter - finding notifications with status: PENDING and scheduledAt before: 2026-01-17T19:53:29.903760900
2026-01-17 19:53:29 [websocket-heartbeat-1] INFO  c.z.n.s.d.u.NotificationProcessorImpl - Found 0 scheduled notifications to process
2026-01-17 19:53:29 [websocket-heartbeat-1] INFO  c.z.n.s.i.o.p.p.NotificationRepositoryAdapter - finding notifications with status: PENDING and scheduledAt before: 2026-01-17T19:53:29.907765
2026-01-17 19:53:29 [websocket-heartbeat-1] INFO  c.z.n.s.d.u.NotificationProcessorImpl - Found 0 scheduled notifications to process
2026-01-17 19:53:29 [websocket-heartbeat-1] INFO  c.z.n.s.i.o.p.p.NotificationRepositoryAdapter - finding notifications with status: PENDING and scheduledAt before: 2026-01-17T19:53:29.911763100
2026-01-17 19:53:29 [websocket-heartbeat-1] INFO  c.z.n.s.d.u.NotificationProcessorImpl - Found 0 scheduled notifications to process
2026-01-17 19:53:29 [websocket-heartbeat-1] INFO  c.z.n.s.i.o.p.p.NotificationRepositoryAdapter - finding notifications with status: PENDING and scheduledAt before: 2026-01-17T19:53:29.916760700
2026-01-17 19:53:29 [websocket-heartbeat-1] INFO  c.z.n.s.d.u.NotificationProcessorImpl - Found 0 scheduled notifications to process
2026-01-17 19:53:29 [websocket-heartbeat-1] INFO  c.z.n.s.i.o.p.p.NotificationRepositoryAdapter - finding notifications with status: PENDING and scheduledAt before: 2026-01-17T19:53:29.921760
2026-01-17 19:53:29 [websocket-heartbeat-1] INFO  c.z.n.s.d.u.NotificationProcessorImpl - Found 0 scheduled notifications to process
2026-01-17 19:53:29 [websocket-heartbeat-1] INFO  c.z.n.s.i.o.p.p.NotificationRepositoryAdapter - finding notifications with status: FAILED and retryCount less than: 3
2026-01-17 19:53:29 [websocket-heartbeat-1] INFO  c.z.n.s.d.u.NotificationProcessorImpl - Found 0 failed notifications to retry
2026-01-17 19:53:29 [websocket-heartbeat-1] INFO  c.z.n.s.i.o.p.p.NotificationRepositoryAdapter - finding notifications with status: PENDING and scheduledAt before: 2026-01-17T19:53:29.933278800
2026-01-17 19:53:29 [websocket-heartbeat-1] INFO  c.z.n.s.d.u.NotificationProcessorImpl - Found 0 scheduled notifications to process
2026-01-17 19:53:29 [websocket-heartbeat-1] INFO  c.z.n.s.i.o.p.p.NotificationRepositoryAdapter - finding notifications with status: PENDING and scheduledAt before: 2026-01-17T19:53:29.938272300
2026-01-17 19:53:29 [websocket-heartbeat-1] INFO  c.z.n.s.d.u.NotificationProcessorImpl - Found 0 scheduled notifications to process
2026-01-17 19:53:29 [websocket-heartbeat-1] INFO  c.z.n.s.i.o.p.p.NotificationRepositoryAdapter - finding notifications with status: PENDING and scheduledAt before: 2026-01-17T19:53:29.941789100
2026-01-17 19:53:29 [websocket-heartbeat-1] INFO  c.z.n.s.d.u.NotificationProcessorImpl - Found 0 scheduled notifications to process
2026-01-17 19:53:29 [websocket-heartbeat-1] INFO  c.z.n.s.i.o.p.p.NotificationRepositoryAdapter - finding notifications with status: PENDING and scheduledAt before: 2026-01-17T19:53:29.946791500
2026-01-17 19:53:29 [websocket-heartbeat-1] INFO  c.z.n.s.d.u.NotificationProcessorImpl - Found 0 scheduled notifications to process
2026-01-17 19:53:29 [websocket-heartbeat-1] INFO  c.z.n.s.i.o.p.p.NotificationRepositoryAdapter - finding notifications with status: PENDING and scheduledAt before: 2026-01-17T19:53:29.950790700
2026-01-17 19:53:29 [websocket-heartbeat-1] INFO  c.z.n.s.d.u.NotificationProcessorImpl - Found 0 scheduled notifications to process
2026-01-17 19:53:29 [websocket-heartbeat-1] INFO  c.z.n.s.i.o.p.p.NotificationRepositoryAdapter - finding notifications with status: FAILED and retryCount less than: 3
2026-01-17 19:53:29 [websocket-heartbeat-1] INFO  c.z.n.s.d.u.NotificationProcessorImpl - Found 0 failed notifications to retry
2026-01-17 19:53:29 [websocket-heartbeat-1] INFO  c.z.n.s.i.o.p.p.NotificationRepositoryAdapter - finding notifications with status: PENDING and scheduledAt before: 2026-01-17T19:53:29.959812600
2026-01-17 19:53:29 [websocket-heartbeat-1] INFO  c.z.n.s.d.u.NotificationProcessorImpl - Found 0 scheduled notifications to process
2026-01-17 19:53:29 [websocket-heartbeat-1] INFO  c.z.n.s.i.o.p.p.NotificationRepositoryAdapter - finding notifications with status: PENDING and scheduledAt before: 2026-01-17T19:53:29.964821
2026-01-17 19:53:29 [websocket-heartbeat-1] INFO  c.z.n.s.d.u.NotificationProcessorImpl - Found 0 scheduled notifications to process
2026-01-17 19:53:29 [websocket-heartbeat-1] INFO  c.z.n.s.i.o.p.p.NotificationRepositoryAdapter - finding notifications with status: PENDING and scheduledAt before: 2026-01-17T19:53:29.969328500
2026-01-17 19:53:29 [websocket-heartbeat-1] INFO  c.z.n.s.d.u.NotificationProcessorImpl - Found 0 scheduled notifications to process
2026-01-17 19:53:29 [websocket-heartbeat-1] INFO  c.z.n.s.i.o.p.p.NotificationRepositoryAdapter - finding notifications with status: PENDING and scheduledAt before: 2026-01-17T19:53:29.978336
2026-01-17 19:53:29 [websocket-heartbeat-1] INFO  c.z.n.s.d.u.NotificationProcessorImpl - Found 0 scheduled notifications to process
2026-01-17 19:53:29 [websocket-heartbeat-1] INFO  c.z.n.s.i.o.p.p.NotificationRepositoryAdapter - finding notifications with status: PENDING and scheduledAt before: 2026-01-17T19:53:29.982336800
2026-01-17 19:53:29 [websocket-heartbeat-1] INFO  c.z.n.s.d.u.NotificationProcessorImpl - Found 0 scheduled notifications to process
2026-01-17 19:53:29 [websocket-heartbeat-1] INFO  c.z.n.s.i.o.p.p.NotificationRepositoryAdapter - finding notifications with status: FAILED and retryCount less than: 3
2026-01-17 19:53:29 [websocket-heartbeat-1] INFO  c.z.n.s.d.u.NotificationProcessorImpl - Found 0 failed notifications to retry
2026-01-17 19:53:29 [websocket-heartbeat-1] INFO  c.z.n.s.i.o.p.p.NotificationRepositoryAdapter - finding notifications with status: PENDING and scheduledAt before: 2026-01-17T19:53:29.991851200
2026-01-17 19:53:29 [websocket-heartbeat-1] INFO  c.z.n.s.d.u.NotificationProcessorImpl - Found 0 scheduled notifications to process
2026-01-17 19:53:29 [websocket-heartbeat-1] INFO  c.z.n.s.i.o.p.p.NotificationRepositoryAdapter - finding notifications with status: PENDING and scheduledAt before: 2026-01-17T19:53:29.997851
2026-01-17 19:53:29 [websocket-heartbeat-1] INFO  c.z.n.s.d.u.NotificationProcessorImpl - Found 0 scheduled notifications to process
2026-01-17 19:53:30 [websocket-heartbeat-1] INFO  c.z.n.s.i.o.p.p.NotificationRepositoryAdapter - finding notifications with status: PENDING and scheduledAt before: 2026-01-17T19:53:30.000852
2026-01-17 19:53:30 [websocket-heartbeat-1] INFO  c.z.n.s.d.u.NotificationProcessorImpl - Found 0 scheduled notifications to process
2026-01-17 19:53:30 [websocket-heartbeat-1] INFO  c.z.n.s.i.o.p.p.NotificationRepositoryAdapter - finding notifications with status: PENDING and scheduledAt before: 2026-01-17T19:53:30.006853
2026-01-17 19:53:30 [websocket-heartbeat-1] INFO  c.z.n.s.d.u.NotificationProcessorImpl - Found 0 scheduled notifications to process
2026-01-17 19:53:30 [websocket-heartbeat-1] INFO  c.z.n.s.i.o.p.p.NotificationRepositoryAdapter - finding notifications with status: PENDING and scheduledAt before: 2026-01-17T19:53:30.013371700
2026-01-17 19:53:30 [websocket-heartbeat-1] INFO  c.z.n.s.d.u.NotificationProcessorImpl - Found 0 scheduled notifications to process
2026-01-17 19:53:30 [websocket-heartbeat-1] INFO  c.z.n.s.i.o.p.p.NotificationRepositoryAdapter - finding notifications with status: FAILED and retryCount less than: 3
2026-01-17 19:53:30 [websocket-heartbeat-1] INFO  c.z.n.s.d.u.NotificationProcessorImpl - Found 0 failed notifications to retry
2026-01-17 19:53:30 [websocket-heartbeat-1] INFO  c.z.n.s.i.o.p.p.NotificationRepositoryAdapter - finding notifications with status: PENDING and scheduledAt before: 2026-01-17T19:53:30.026372300
2026-01-17 19:53:30 [websocket-heartbeat-1] INFO  c.z.n.s.d.u.NotificationProcessorImpl - Found 0 scheduled notifications to process
2026-01-17 19:53:30 [websocket-heartbeat-1] INFO  c.z.n.s.i.o.p.p.NotificationRepositoryAdapter - finding notifications with status: PENDING and scheduledAt before: 2026-01-17T19:53:30.031876700
2026-01-17 19:53:30 [websocket-heartbeat-1] INFO  c.z.n.s.d.u.NotificationProcessorImpl - Found 0 scheduled notifications to process
2026-01-17 19:53:30 [websocket-heartbeat-1] INFO  c.z.n.s.i.o.p.p.NotificationRepositoryAdapter - finding notifications with status: PENDING and scheduledAt before: 2026-01-17T19:53:30.036884100
2026-01-17 19:53:30 [websocket-heartbeat-1] INFO  c.z.n.s.d.u.NotificationProcessorImpl - Found 0 scheduled notifications to process
2026-01-17 19:53:30 [websocket-heartbeat-1] INFO  c.z.n.s.i.o.p.p.NotificationRepositoryAdapter - finding notifications with status: PENDING and scheduledAt before: 2026-01-17T19:53:30.041399200
2026-01-17 19:53:30 [websocket-heartbeat-1] INFO  c.z.n.s.d.u.NotificationProcessorImpl - Found 0 scheduled notifications to process
2026-01-17 19:53:30 [websocket-heartbeat-1] INFO  c.z.n.s.i.o.p.p.NotificationRepositoryAdapter - finding notifications with status: PENDING and scheduledAt before: 2026-01-17T19:53:30.046398900
2026-01-17 19:53:30 [websocket-heartbeat-1] INFO  c.z.n.s.d.u.NotificationProcessorImpl - Found 0 scheduled notifications to process
2026-01-17 19:53:30 [websocket-heartbeat-1] INFO  c.z.n.s.i.o.p.p.NotificationRepositoryAdapter - finding notifications with status: FAILED and retryCount less than: 3
2026-01-17 19:53:30 [websocket-heartbeat-1] INFO  c.z.n.s.d.u.NotificationProcessorImpl - Found 0 failed notifications to retry
2026-01-17 19:53:30 [websocket-heartbeat-1] INFO  c.z.n.s.i.o.p.p.NotificationRepositoryAdapter - finding notifications with status: PENDING and scheduledAt before: 2026-01-17T19:53:30.055400800
2026-01-17 19:53:30 [websocket-heartbeat-1] INFO  c.z.n.s.d.u.NotificationProcessorImpl - Found 0 scheduled notifications to process
2026-01-17 19:53:30 [websocket-heartbeat-1] INFO  c.z.n.s.i.o.p.p.NotificationRepositoryAdapter - finding notifications with status: PENDING and scheduledAt before: 2026-01-17T19:53:30.059397200
2026-01-17 19:53:30 [websocket-heartbeat-1] INFO  c.z.n.s.d.u.NotificationProcessorImpl - Found 0 scheduled notifications to process
2026-01-17 19:53:30 [websocket-heartbeat-1] INFO  c.z.n.s.i.o.p.p.NotificationRepositoryAdapter - finding notifications with status: PENDING and scheduledAt before: 2026-01-17T19:53:30.064902500
2026-01-17 19:53:30 [websocket-heartbeat-1] INFO  c.z.n.s.d.u.NotificationProcessorImpl - Found 0 scheduled notifications to process
2026-01-17 19:53:30 [websocket-heartbeat-1] INFO  c.z.n.s.i.o.p.p.NotificationRepositoryAdapter - finding notifications with status: PENDING and scheduledAt before: 2026-01-17T19:53:30.070422700
2026-01-17 19:53:30 [websocket-heartbeat-1] INFO  c.z.n.s.d.u.NotificationProcessorImpl - Found 0 scheduled notifications to process
2026-01-17 19:53:30 [websocket-heartbeat-1] INFO  c.z.n.s.i.o.p.p.NotificationRepositoryAdapter - finding notifications with status: PENDING and scheduledAt before: 2026-01-17T19:53:30.075422500
2026-01-17 19:53:30 [websocket-heartbeat-1] INFO  c.z.n.s.d.u.NotificationProcessorImpl - Found 0 scheduled notifications to process
2026-01-17 19:53:30 [websocket-heartbeat-1] INFO  c.z.n.s.i.o.p.p.NotificationRepositoryAdapter - finding notifications with status: FAILED and retryCount less than: 3
2026-01-17 19:53:30 [websocket-heartbeat-1] INFO  c.z.n.s.d.u.NotificationProcessorImpl - Found 0 failed notifications to retry
2026-01-17 19:53:30 [websocket-heartbeat-1] INFO  c.z.n.s.i.o.p.p.NotificationRepositoryAdapter - finding notifications with status: PENDING and scheduledAt before: 2026-01-17T19:53:30.087927900
2026-01-17 19:53:30 [websocket-heartbeat-1] INFO  c.z.n.s.d.u.NotificationProcessorImpl - Found 0 scheduled notifications to process
2026-01-17 19:53:30 [websocket-heartbeat-1] INFO  c.z.n.s.i.o.p.p.NotificationRepositoryAdapter - finding notifications with status: PENDING and scheduledAt before: 2026-01-17T19:53:30.093451800
2026-01-17 19:53:30 [websocket-heartbeat-1] INFO  c.z.n.s.d.u.NotificationProcessorImpl - Found 0 scheduled notifications to process
2026-01-17 19:53:30 [websocket-heartbeat-1] INFO  c.z.n.s.i.o.p.p.NotificationRepositoryAdapter - finding notifications with status: PENDING and scheduledAt before: 2026-01-17T19:53:30.097962500
2026-01-17 19:53:30 [websocket-heartbeat-1] INFO  c.z.n.s.d.u.NotificationProcessorImpl - Found 0 scheduled notifications to process
2026-01-17 19:53:30 [websocket-heartbeat-1] INFO  c.z.n.s.i.o.p.p.NotificationRepositoryAdapter - finding notifications with status: PENDING and scheduledAt before: 2026-01-17T19:53:30.104965600
2026-01-17 19:53:30 [websocket-heartbeat-1] INFO  c.z.n.s.d.u.NotificationProcessorImpl - Found 0 scheduled notifications to process
2026-01-17 19:53:30 [websocket-heartbeat-1] INFO  c.z.n.s.i.o.p.p.NotificationRepositoryAdapter - finding notifications with status: PENDING and scheduledAt before: 2026-01-17T19:53:30.110467800
2026-01-17 19:53:30 [websocket-heartbeat-1] INFO  c.z.n.s.d.u.NotificationProcessorImpl - Found 0 scheduled notifications to process
2026-01-17 19:53:30 [websocket-heartbeat-1] INFO  c.z.n.s.i.o.p.p.NotificationRepositoryAdapter - finding notifications with status: FAILED and retryCount less than: 3
2026-01-17 19:53:30 [websocket-heartbeat-1] INFO  c.z.n.s.d.u.NotificationProcessorImpl - Found 0 failed notifications to retry
2026-01-17 19:53:30 [websocket-heartbeat-1] INFO  c.z.n.s.i.o.p.p.NotificationRepositoryAdapter - finding notifications with status: PENDING and scheduledAt before: 2026-01-17T19:53:30.120476400
2026-01-17 19:53:30 [websocket-heartbeat-1] INFO  c.z.n.s.d.u.NotificationProcessorImpl - Found 0 scheduled notifications to process
2026-01-17 19:53:30 [websocket-heartbeat-1] INFO  c.z.n.s.i.o.p.p.NotificationRepositoryAdapter - finding notifications with status: PENDING and scheduledAt before: 2026-01-17T19:53:30.124475500
2026-01-17 19:53:30 [websocket-heartbeat-1] INFO  c.z.n.s.d.u.NotificationProcessorImpl - Found 0 scheduled notifications to process
2026-01-17 19:53:30 [websocket-heartbeat-1] INFO  c.z.n.s.i.o.p.p.NotificationRepositoryAdapter - finding notifications with status: PENDING and scheduledAt before: 2026-01-17T19:53:30.131999200
2026-01-17 19:53:30 [websocket-heartbeat-1] INFO  c.z.n.s.d.u.NotificationProcessorImpl - Found 0 scheduled notifications to process
2026-01-17 19:53:30 [websocket-heartbeat-1] INFO  c.z.n.s.i.o.p.p.NotificationRepositoryAdapter - finding notifications with status: PENDING and scheduledAt before: 2026-01-17T19:53:30.137998600
2026-01-17 19:53:30 [websocket-heartbeat-1] INFO  c.z.n.s.d.u.NotificationProcessorImpl - Found 0 scheduled notifications to process
2026-01-17 19:53:30 [websocket-heartbeat-1] INFO  c.z.n.s.i.o.p.p.NotificationRepositoryAdapter - finding notifications with status: PENDING and scheduledAt before: 2026-01-17T19:53:30.146514600
2026-01-17 19:53:30 [websocket-heartbeat-1] INFO  c.z.n.s.d.u.NotificationProcessorImpl - Found 0 scheduled notifications to process
2026-01-17 19:53:30 [websocket-heartbeat-1] INFO  c.z.n.s.i.o.p.p.NotificationRepositoryAdapter - finding notifications with status: FAILED and retryCount less than: 3
2026-01-17 19:53:30 [websocket-heartbeat-1] INFO  c.z.n.s.d.u.NotificationProcessorImpl - Found 0 failed notifications to retry
2026-01-17 19:53:30 [websocket-heartbeat-1] INFO  c.z.n.s.i.o.p.p.NotificationRepositoryAdapter - finding notifications with status: PENDING and scheduledAt before: 2026-01-17T19:53:30.162542
2026-01-17 19:53:30 [websocket-heartbeat-1] INFO  c.z.n.s.d.u.NotificationProcessorImpl - Found 0 scheduled notifications to process
2026-01-17 19:53:30 [websocket-heartbeat-1] INFO  c.z.n.s.i.o.p.p.NotificationRepositoryAdapter - finding notifications with status: PENDING and scheduledAt before: 2026-01-17T19:53:30.168058800
2026-01-17 19:53:30 [websocket-heartbeat-1] INFO  c.z.n.s.d.u.NotificationProcessorImpl - Found 0 scheduled notifications to process
2026-01-17 19:53:30 [websocket-heartbeat-1] INFO  c.z.n.s.i.o.p.p.NotificationRepositoryAdapter - finding notifications with status: PENDING and scheduledAt before: 2026-01-17T19:53:30.174086900
2026-01-17 19:53:30 [websocket-heartbeat-1] INFO  c.z.n.s.d.u.NotificationProcessorImpl - Found 0 scheduled notifications to process
2026-01-17 19:53:30 [websocket-heartbeat-1] INFO  c.z.n.s.i.o.p.p.NotificationRepositoryAdapter - finding notifications with status: PENDING and scheduledAt before: 2026-01-17T19:53:30.182608100
2026-01-17 19:53:30 [websocket-heartbeat-1] INFO  c.z.n.s.d.u.NotificationProcessorImpl - Found 0 scheduled notifications to process
2026-01-17 19:53:30 [websocket-heartbeat-1] INFO  c.z.n.s.i.o.p.p.NotificationRepositoryAdapter - finding notifications with status: PENDING and scheduledAt before: 2026-01-17T19:53:30.191133700
2026-01-17 19:53:30 [websocket-heartbeat-1] INFO  c.z.n.s.d.u.NotificationProcessorImpl - Found 0 scheduled notifications to process
2026-01-17 19:53:30 [websocket-heartbeat-1] INFO  c.z.n.s.i.o.p.p.NotificationRepositoryAdapter - finding notifications with status: FAILED and retryCount less than: 3
2026-01-17 19:53:30 [websocket-heartbeat-1] INFO  c.z.n.s.d.u.NotificationProcessorImpl - Found 0 failed notifications to retry
2026-01-17 19:53:30 [websocket-heartbeat-1] INFO  c.z.n.s.i.o.p.p.NotificationRepositoryAdapter - finding notifications with status: PENDING and scheduledAt before: 2026-01-17T19:53:30.202140900
2026-01-17 19:53:30 [websocket-heartbeat-1] INFO  c.z.n.s.d.u.NotificationProcessorImpl - Found 0 scheduled notifications to process
2026-01-17 19:53:30 [websocket-heartbeat-1] INFO  c.z.n.s.i.o.p.p.NotificationRepositoryAdapter - finding notifications with status: PENDING and scheduledAt before: 2026-01-17T19:53:30.208141600
2026-01-17 19:53:30 [websocket-heartbeat-1] INFO  c.z.n.s.d.u.NotificationProcessorImpl - Found 0 scheduled notifications to process
2026-01-17 19:53:30 [websocket-heartbeat-1] INFO  c.z.n.s.i.o.p.p.NotificationRepositoryAdapter - finding notifications with status: PENDING and scheduledAt before: 2026-01-17T19:53:30.216140600
2026-01-17 19:53:30 [websocket-heartbeat-1] INFO  c.z.n.s.d.u.NotificationProcessorImpl - Found 0 scheduled notifications to process
2026-01-17 19:53:30 [websocket-heartbeat-1] INFO  c.z.n.s.i.o.p.p.NotificationRepositoryAdapter - finding notifications with status: PENDING and scheduledAt before: 2026-01-17T19:53:30.221663800
2026-01-17 19:53:30 [websocket-heartbeat-1] INFO  c.z.n.s.d.u.NotificationProcessorImpl - Found 0 scheduled notifications to process
2026-01-17 19:53:30 [websocket-heartbeat-1] INFO  c.z.n.s.i.o.p.p.NotificationRepositoryAdapter - finding notifications with status: PENDING and scheduledAt before: 2026-01-17T19:53:30.231655
2026-01-17 19:53:30 [websocket-heartbeat-1] INFO  c.z.n.s.d.u.NotificationProcessorImpl - Found 0 scheduled notifications to process
2026-01-17 19:53:30 [websocket-heartbeat-1] INFO  c.z.n.s.i.o.p.p.NotificationRepositoryAdapter - finding notifications with status: FAILED and retryCount less than: 3
2026-01-17 19:53:30 [websocket-heartbeat-1] INFO  c.z.n.s.d.u.NotificationProcessorImpl - Found 0 failed notifications to retry
2026-01-17 19:53:30 [websocket-heartbeat-1] INFO  c.z.n.s.i.o.p.p.NotificationRepositoryAdapter - finding notifications with status: PENDING and scheduledAt before: 2026-01-17T19:53:30.243166900
2026-01-17 19:53:30 [websocket-heartbeat-1] INFO  c.z.n.s.d.u.NotificationProcessorImpl - Found 0 scheduled notifications to process
2026-01-17 19:53:30 [websocket-heartbeat-1] INFO  c.z.n.s.i.o.p.p.NotificationRepositoryAdapter - finding notifications with status: PENDING and scheduledAt before: 2026-01-17T19:53:30.257681
2026-01-17 19:53:30 [websocket-heartbeat-1] INFO  c.z.n.s.d.u.NotificationProcessorImpl - Found 0 scheduled notifications to process
2026-01-17 19:53:30 [websocket-heartbeat-1] INFO  c.z.n.s.i.o.p.p.NotificationRepositoryAdapter - finding notifications with status: PENDING and scheduledAt before: 2026-01-17T19:53:30.263682
2026-01-17 19:53:30 [websocket-heartbeat-1] INFO  c.z.n.s.d.u.NotificationProcessorImpl - Found 0 scheduled notifications to process
2026-01-17 19:53:30 [websocket-heartbeat-1] INFO  c.z.n.s.i.o.p.p.NotificationRepositoryAdapter - finding notifications with status: PENDING and scheduledAt before: 2026-01-17T19:53:30.269194900
2026-01-17 19:53:30 [websocket-heartbeat-1] INFO  c.z.n.s.d.u.NotificationProcessorImpl - Found 0 scheduled notifications to process
2026-01-17 19:53:30 [websocket-heartbeat-1] INFO  c.z.n.s.i.o.p.p.NotificationRepositoryAdapter - finding notifications with status: PENDING and scheduledAt before: 2026-01-17T19:53:30.280196500
2026-01-17 19:53:30 [websocket-heartbeat-1] INFO  c.z.n.s.d.u.NotificationProcessorImpl - Found 0 scheduled notifications to process
2026-01-17 19:53:30 [websocket-heartbeat-1] INFO  c.z.n.s.i.o.p.p.NotificationRepositoryAdapter - finding notifications with status: FAILED and retryCount less than: 3
2026-01-17 19:53:30 [websocket-heartbeat-1] INFO  c.z.n.s.d.u.NotificationProcessorImpl - Found 0 failed notifications to retry
2026-01-17 19:53:30 [websocket-heartbeat-1] INFO  c.z.n.s.i.o.p.p.NotificationRepositoryAdapter - finding notifications with status: PENDING and scheduledAt before: 2026-01-17T19:53:30.290702100
2026-01-17 19:53:30 [websocket-heartbeat-1] INFO  c.z.n.s.d.u.NotificationProcessorImpl - Found 0 scheduled notifications to process
2026-01-17 19:53:30 [websocket-heartbeat-1] INFO  c.z.n.s.i.o.p.p.NotificationRepositoryAdapter - finding notifications with status: PENDING and scheduledAt before: 2026-01-17T19:53:30.296710900
2026-01-17 19:53:30 [websocket-heartbeat-1] INFO  c.z.n.s.d.u.NotificationProcessorImpl - Found 0 scheduled notifications to process
2026-01-17 19:53:30 [websocket-heartbeat-1] INFO  c.z.n.s.i.o.p.p.NotificationRepositoryAdapter - finding notifications with status: PENDING and scheduledAt before: 2026-01-17T19:53:30.305711500
2026-01-17 19:53:30 [websocket-heartbeat-1] INFO  c.z.n.s.d.u.NotificationProcessorImpl - Found 0 scheduled notifications to process
2026-01-17 19:53:30 [websocket-heartbeat-1] INFO  c.z.n.s.i.o.p.p.NotificationRepositoryAdapter - finding notifications with status: PENDING and scheduledAt before: 2026-01-17T19:53:30.312216100
2026-01-17 19:53:30 [websocket-heartbeat-1] INFO  c.z.n.s.d.u.NotificationProcessorImpl - Found 0 scheduled notifications to process
2026-01-17 19:53:30 [websocket-heartbeat-1] INFO  c.z.n.s.i.o.p.p.NotificationRepositoryAdapter - finding notifications with status: PENDING and scheduledAt before: 2026-01-17T19:53:30.351751900
2026-01-17 19:53:30 [websocket-heartbeat-1] INFO  c.z.n.s.d.u.NotificationProcessorImpl - Found 0 scheduled notifications to process
2026-01-17 19:53:30 [websocket-heartbeat-1] INFO  c.z.n.s.i.o.p.p.NotificationRepositoryAdapter - finding notifications with status: FAILED and retryCount less than: 3
2026-01-17 19:53:30 [websocket-heartbeat-1] INFO  c.z.n.s.d.u.NotificationProcessorImpl - Found 0 failed notifications to retry
2026-01-17 19:53:30 [websocket-heartbeat-1] INFO  c.z.n.s.i.o.p.p.NotificationRepositoryAdapter - finding notifications with status: PENDING and scheduledAt before: 2026-01-17T19:53:30.414867
2026-01-17 19:53:30 [websocket-heartbeat-1] INFO  c.z.n.s.d.u.NotificationProcessorImpl - Found 0 scheduled notifications to process
2026-01-17 19:53:30 [websocket-heartbeat-1] INFO  c.z.n.s.i.o.p.p.NotificationRepositoryAdapter - finding notifications with status: PENDING and scheduledAt before: 2026-01-17T19:53:30.425866600
2026-01-17 19:53:30 [websocket-heartbeat-1] INFO  c.z.n.s.d.u.NotificationProcessorImpl - Found 0 scheduled notifications to process
2026-01-17 19:53:30 [websocket-heartbeat-1] INFO  c.z.n.s.i.o.p.p.NotificationRepositoryAdapter - finding notifications with status: PENDING and scheduledAt before: 2026-01-17T19:53:30.436865700
2026-01-17 19:53:30 [websocket-heartbeat-1] INFO  c.z.n.s.d.u.NotificationProcessorImpl - Found 0 scheduled notifications to process
2026-01-17 19:53:30 [websocket-heartbeat-1] INFO  c.z.n.s.i.o.p.p.NotificationRepositoryAdapter - finding notifications with status: PENDING and scheduledAt before: 2026-01-17T19:53:30.441869
2026-01-17 19:53:30 [websocket-heartbeat-1] INFO  c.z.n.s.d.u.NotificationProcessorImpl - Found 0 scheduled notifications to process
2026-01-17 19:53:30 [websocket-heartbeat-1] INFO  c.z.n.s.i.o.p.p.NotificationRepositoryAdapter - finding notifications with status: PENDING and scheduledAt before: 2026-01-17T19:53:30.451869100
2026-01-17 19:53:30 [websocket-heartbeat-1] INFO  c.z.n.s.d.u.NotificationProcessorImpl - Found 0 scheduled notifications to process
2026-01-17 19:53:30 [websocket-heartbeat-1] INFO  c.z.n.s.i.o.p.p.NotificationRepositoryAdapter - finding notifications with status: FAILED and retryCount less than: 3
2026-01-17 19:53:30 [websocket-heartbeat-1] INFO  c.z.n.s.d.u.NotificationProcessorImpl - Found 0 failed notifications to retry
2026-01-17 19:53:30 [websocket-heartbeat-1] INFO  c.z.n.s.i.o.p.p.NotificationRepositoryAdapter - finding notifications with status: PENDING and scheduledAt before: 2026-01-17T19:53:30.473867300
2026-01-17 19:53:30 [websocket-heartbeat-1] INFO  c.z.n.s.d.u.NotificationProcessorImpl - Found 0 scheduled notifications to process
2026-01-17 19:53:30 [websocket-heartbeat-1] INFO  c.z.n.s.i.o.p.p.NotificationRepositoryAdapter - finding notifications with status: PENDING and scheduledAt before: 2026-01-17T19:53:30.483869500
2026-01-17 19:53:30 [websocket-heartbeat-1] INFO  c.z.n.s.d.u.NotificationProcessorImpl - Found 0 scheduled notifications to process
2026-01-17 19:53:30 [websocket-heartbeat-1] INFO  c.z.n.s.i.o.p.p.NotificationRepositoryAdapter - finding notifications with status: PENDING and scheduledAt before: 2026-01-17T19:53:30.488866600
2026-01-17 19:53:30 [websocket-heartbeat-1] INFO  c.z.n.s.d.u.NotificationProcessorImpl - Found 0 scheduled notifications to process
2026-01-17 19:53:30 [websocket-heartbeat-1] INFO  c.z.n.s.i.o.p.p.NotificationRepositoryAdapter - finding notifications with status: PENDING and scheduledAt before: 2026-01-17T19:53:30.497381300
2026-01-17 19:53:30 [websocket-heartbeat-1] INFO  c.z.n.s.d.u.NotificationProcessorImpl - Found 0 scheduled notifications to process
2026-01-17 19:53:30 [websocket-heartbeat-1] INFO  c.z.n.s.i.o.p.p.NotificationRepositoryAdapter - finding notifications with status: PENDING and scheduledAt before: 2026-01-17T19:53:30.507382100
2026-01-17 19:53:30 [websocket-heartbeat-1] INFO  c.z.n.s.d.u.NotificationProcessorImpl - Found 0 scheduled notifications to process
2026-01-17 19:53:30 [websocket-heartbeat-1] INFO  c.z.n.s.i.o.p.p.NotificationRepositoryAdapter - finding notifications with status: FAILED and retryCount less than: 3
2026-01-17 19:53:30 [websocket-heartbeat-1] INFO  c.z.n.s.d.u.NotificationProcessorImpl - Found 0 failed notifications to retry
2026-01-17 19:53:30 [websocket-heartbeat-1] INFO  c.z.n.s.i.o.p.p.NotificationRepositoryAdapter - finding notifications with status: PENDING and scheduledAt before: 2026-01-17T19:53:30.534029100
2026-01-17 19:53:30 [websocket-heartbeat-1] INFO  c.z.n.s.d.u.NotificationProcessorImpl - Found 0 scheduled notifications to process
2026-01-17 19:53:30 [websocket-heartbeat-1] INFO  c.z.n.s.i.o.p.p.NotificationRepositoryAdapter - finding notifications with status: PENDING and scheduledAt before: 2026-01-17T19:53:30.542032700
2026-01-17 19:53:30 [websocket-heartbeat-1] INFO  c.z.n.s.d.u.NotificationProcessorImpl - Found 0 scheduled notifications to process
2026-01-17 19:53:30 [websocket-heartbeat-1] INFO  c.z.n.s.i.o.p.p.NotificationRepositoryAdapter - finding notifications with status: PENDING and scheduledAt before: 2026-01-17T19:53:30.552031100
2026-01-17 19:53:30 [websocket-heartbeat-1] INFO  c.z.n.s.d.u.NotificationProcessorImpl - Found 0 scheduled notifications to process
2026-01-17 19:53:30 [websocket-heartbeat-1] INFO  c.z.n.s.i.o.p.p.NotificationRepositoryAdapter - finding notifications with status: PENDING and scheduledAt before: 2026-01-17T19:53:30.557545900
2026-01-17 19:53:30 [websocket-heartbeat-1] INFO  c.z.n.s.d.u.NotificationProcessorImpl - Found 0 scheduled notifications to process
2026-01-17 19:53:30 [websocket-heartbeat-1] INFO  c.z.n.s.i.o.p.p.NotificationRepositoryAdapter - finding notifications with status: PENDING and scheduledAt before: 2026-01-17T19:53:30.562048400
2026-01-17 19:53:30 [websocket-heartbeat-1] INFO  c.z.n.s.d.u.NotificationProcessorImpl - Found 0 scheduled notifications to process
2026-01-17 19:53:30 [websocket-heartbeat-1] INFO  c.z.n.s.i.o.p.p.NotificationRepositoryAdapter - finding notifications with status: FAILED and retryCount less than: 3
2026-01-17 19:53:30 [websocket-heartbeat-1] INFO  c.z.n.s.d.u.NotificationProcessorImpl - Found 0 failed notifications to retry
2026-01-17 19:53:30 [websocket-heartbeat-1] INFO  c.z.n.s.i.o.p.p.NotificationRepositoryAdapter - finding notifications with status: PENDING and scheduledAt before: 2026-01-17T19:53:30.572567700
2026-01-17 19:53:30 [websocket-heartbeat-1] INFO  c.z.n.s.d.u.NotificationProcessorImpl - Found 0 scheduled notifications to process
2026-01-17 19:53:30 [websocket-heartbeat-1] INFO  c.z.n.s.i.o.p.p.NotificationRepositoryAdapter - finding notifications with status: PENDING and scheduledAt before: 2026-01-17T19:53:30.577082700
2026-01-17 19:53:30 [websocket-heartbeat-1] INFO  c.z.n.s.d.u.NotificationProcessorImpl - Found 0 scheduled notifications to process
2026-01-17 19:53:30 [websocket-heartbeat-1] INFO  c.z.n.s.i.o.p.p.NotificationRepositoryAdapter - finding notifications with status: PENDING and scheduledAt before: 2026-01-17T19:53:30.583104700
2026-01-17 19:53:30 [websocket-heartbeat-1] INFO  c.z.n.s.d.u.NotificationProcessorImpl - Found 0 scheduled notifications to process
2026-01-17 19:53:30 [websocket-heartbeat-1] INFO  c.z.n.s.i.o.p.p.NotificationRepositoryAdapter - finding notifications with status: PENDING and scheduledAt before: 2026-01-17T19:53:30.592616800
2026-01-17 19:53:30 [websocket-heartbeat-1] INFO  c.z.n.s.d.u.NotificationProcessorImpl - Found 0 scheduled notifications to process
2026-01-17 19:53:30 [websocket-heartbeat-1] INFO  c.z.n.s.i.o.p.p.NotificationRepositoryAdapter - finding notifications with status: PENDING and scheduledAt before: 2026-01-17T19:53:30.599616600
2026-01-17 19:53:30 [websocket-heartbeat-1] INFO  c.z.n.s.d.u.NotificationProcessorImpl - Found 0 scheduled notifications to process
2026-01-17 19:53:30 [websocket-heartbeat-1] INFO  c.z.n.s.i.o.p.p.NotificationRepositoryAdapter - finding notifications with status: FAILED and retryCount less than: 3
2026-01-17 19:53:30 [websocket-heartbeat-1] INFO  c.z.n.s.d.u.NotificationProcessorImpl - Found 0 failed notifications to retry
2026-01-17 19:53:30 [websocket-heartbeat-1] INFO  c.z.n.s.i.o.p.p.NotificationRepositoryAdapter - finding notifications with status: PENDING and scheduledAt before: 2026-01-17T19:53:30.614649800
2026-01-17 19:53:30 [websocket-heartbeat-1] INFO  c.z.n.s.d.u.NotificationProcessorImpl - Found 0 scheduled notifications to process
2026-01-17 19:53:30 [websocket-heartbeat-1] INFO  c.z.n.s.i.o.p.p.NotificationRepositoryAdapter - finding notifications with status: PENDING and scheduledAt before: 2026-01-17T19:53:30.620162100
2026-01-17 19:53:30 [websocket-heartbeat-1] INFO  c.z.n.s.d.u.NotificationProcessorImpl - Found 0 scheduled notifications to process
2026-01-17 19:53:30 [websocket-heartbeat-1] INFO  c.z.n.s.i.o.p.p.NotificationRepositoryAdapter - finding notifications with status: PENDING and scheduledAt before: 2026-01-17T19:53:30.626183500
2026-01-17 19:53:30 [websocket-heartbeat-1] INFO  c.z.n.s.d.u.NotificationProcessorImpl - Found 0 scheduled notifications to process
2026-01-17 19:53:30 [websocket-heartbeat-1] INFO  c.z.n.s.i.o.p.p.NotificationRepositoryAdapter - finding notifications with status: PENDING and scheduledAt before: 2026-01-17T19:53:30.640235800
2026-01-17 19:53:30 [websocket-heartbeat-1] INFO  c.z.n.s.d.u.NotificationProcessorImpl - Found 0 scheduled notifications to process
2026-01-17 19:53:30 [websocket-heartbeat-1] INFO  c.z.n.s.i.o.p.p.NotificationRepositoryAdapter - finding notifications with status: PENDING and scheduledAt before: 2026-01-17T19:53:30.645263300
2026-01-17 19:53:30 [websocket-heartbeat-1] INFO  c.z.n.s.d.u.NotificationProcessorImpl - Found 0 scheduled notifications to process
2026-01-17 19:53:30 [websocket-heartbeat-1] INFO  c.z.n.s.i.o.p.p.NotificationRepositoryAdapter - finding notifications with status: FAILED and retryCount less than: 3
2026-01-17 19:53:30 [websocket-heartbeat-1] INFO  c.z.n.s.d.u.NotificationProcessorImpl - Found 0 failed notifications to retry
2026-01-17 19:53:30 [websocket-heartbeat-1] INFO  c.z.n.s.i.o.p.p.NotificationRepositoryAdapter - finding notifications with status: PENDING and scheduledAt before: 2026-01-17T19:53:30.655773
2026-01-17 19:53:30 [websocket-heartbeat-1] INFO  c.z.n.s.d.u.NotificationProcessorImpl - Found 0 scheduled notifications to process
2026-01-17 19:53:30 [websocket-heartbeat-1] INFO  c.z.n.s.i.o.p.p.NotificationRepositoryAdapter - finding notifications with status: PENDING and scheduledAt before: 2026-01-17T19:53:30.663773700
2026-01-17 19:53:30 [websocket-heartbeat-1] INFO  c.z.n.s.d.u.NotificationProcessorImpl - Found 0 scheduled notifications to process
2026-01-17 19:53:30 [websocket-heartbeat-1] INFO  c.z.n.s.i.o.p.p.NotificationRepositoryAdapter - finding notifications with status: PENDING and scheduledAt before: 2026-01-17T19:53:30.671774400
2026-01-17 19:53:30 [websocket-heartbeat-1] INFO  c.z.n.s.d.u.NotificationProcessorImpl - Found 0 scheduled notifications to process
2026-01-17 19:53:30 [websocket-heartbeat-1] INFO  c.z.n.s.i.o.p.p.NotificationRepositoryAdapter - finding notifications with status: PENDING and scheduledAt before: 2026-01-17T19:53:30.695305800
2026-01-17 19:53:30 [websocket-heartbeat-1] INFO  c.z.n.s.d.u.NotificationProcessorImpl - Found 0 scheduled notifications to process
2026-01-17 19:53:30 [websocket-heartbeat-1] INFO  c.z.n.s.i.o.p.p.NotificationRepositoryAdapter - finding notifications with status: PENDING and scheduledAt before: 2026-01-17T19:53:30.713334400
2026-01-17 19:53:30 [websocket-heartbeat-1] INFO  c.z.n.s.d.u.NotificationProcessorImpl - Found 0 scheduled notifications to process
2026-01-17 19:53:30 [websocket-heartbeat-1] INFO  c.z.n.s.i.o.p.p.NotificationRepositoryAdapter - finding notifications with status: FAILED and retryCount less than: 3
2026-01-17 19:53:30 [websocket-heartbeat-1] INFO  c.z.n.s.d.u.NotificationProcessorImpl - Found 0 failed notifications to retry
2026-01-17 19:53:30 [websocket-heartbeat-1] INFO  c.z.n.s.i.o.p.p.NotificationRepositoryAdapter - finding notifications with status: PENDING and scheduledAt before: 2026-01-17T19:53:30.741313
2026-01-17 19:53:30 [websocket-heartbeat-1] INFO  c.z.n.s.d.u.NotificationProcessorImpl - Found 0 scheduled notifications to process
2026-01-17 19:53:30 [websocket-heartbeat-1] INFO  c.z.n.s.i.o.p.p.NotificationRepositoryAdapter - finding notifications with status: PENDING and scheduledAt before: 2026-01-17T19:53:30.747313
2026-01-17 19:53:30 [websocket-heartbeat-1] INFO  c.z.n.s.d.u.NotificationProcessorImpl - Found 0 scheduled notifications to process
2026-01-17 19:53:30 [websocket-heartbeat-1] INFO  c.z.n.s.i.o.p.p.NotificationRepositoryAdapter - finding notifications with status: PENDING and scheduledAt before: 2026-01-17T19:53:30.759313700
2026-01-17 19:53:30 [websocket-heartbeat-1] INFO  c.z.n.s.d.u.NotificationProcessorImpl - Found 0 scheduled notifications to process
2026-01-17 19:53:30 [websocket-heartbeat-1] INFO  c.z.n.s.i.o.p.p.NotificationRepositoryAdapter - finding notifications with status: PENDING and scheduledAt before: 2026-01-17T19:53:30.767316800
2026-01-17 19:53:30 [websocket-heartbeat-1] INFO  c.z.n.s.d.u.NotificationProcessorImpl - Found 0 scheduled notifications to process
2026-01-17 19:53:30 [websocket-heartbeat-1] INFO  c.z.n.s.i.o.p.p.NotificationRepositoryAdapter - finding notifications with status: PENDING and scheduledAt before: 2026-01-17T19:53:30.776313500
2026-01-17 19:53:30 [websocket-heartbeat-1] INFO  c.z.n.s.d.u.NotificationProcessorImpl - Found 0 scheduled notifications to process
2026-01-17 19:53:30 [websocket-heartbeat-1] INFO  c.z.n.s.i.o.p.p.NotificationRepositoryAdapter - finding notifications with status: FAILED and retryCount less than: 3
2026-01-17 19:53:30 [websocket-heartbeat-1] INFO  c.z.n.s.d.u.NotificationProcessorImpl - Found 0 failed notifications to retry
2026-01-17 19:53:30 [websocket-heartbeat-1] INFO  c.z.n.s.i.o.p.p.NotificationRepositoryAdapter - finding notifications with status: PENDING and scheduledAt before: 2026-01-17T19:53:30.816832500
2026-01-17 19:53:30 [websocket-heartbeat-1] INFO  c.z.n.s.d.u.NotificationProcessorImpl - Found 0 scheduled notifications to process
2026-01-17 19:53:30 [websocket-heartbeat-1] INFO  c.z.n.s.i.o.p.p.NotificationRepositoryAdapter - finding notifications with status: PENDING and scheduledAt before: 2026-01-17T19:53:30.825835400
2026-01-17 19:53:30 [websocket-heartbeat-1] INFO  c.z.n.s.d.u.NotificationProcessorImpl - Found 0 scheduled notifications to process
2026-01-17 19:53:30 [websocket-heartbeat-1] INFO  c.z.n.s.i.o.p.p.NotificationRepositoryAdapter - finding notifications with status: PENDING and scheduledAt before: 2026-01-17T19:53:30.836840200
2026-01-17 19:53:30 [websocket-heartbeat-1] INFO  c.z.n.s.d.u.NotificationProcessorImpl - Found 0 scheduled notifications to process
2026-01-17 19:53:30 [websocket-heartbeat-1] INFO  c.z.n.s.i.o.p.p.NotificationRepositoryAdapter - finding notifications with status: PENDING and scheduledAt before: 2026-01-17T19:53:30.850832100
2026-01-17 19:53:30 [websocket-heartbeat-1] INFO  c.z.n.s.d.u.NotificationProcessorImpl - Found 0 scheduled notifications to process
2026-01-17 19:53:30 [websocket-heartbeat-1] INFO  c.z.n.s.i.o.p.p.NotificationRepositoryAdapter - finding notifications with status: PENDING and scheduledAt before: 2026-01-17T19:53:30.873353700
2026-01-17 19:53:30 [websocket-heartbeat-1] INFO  c.z.n.s.d.u.NotificationProcessorImpl - Found 0 scheduled notifications to process
2026-01-17 19:53:30 [websocket-heartbeat-1] INFO  c.z.n.s.i.o.p.p.NotificationRepositoryAdapter - finding notifications with status: FAILED and retryCount less than: 3
2026-01-17 19:53:30 [websocket-heartbeat-1] INFO  c.z.n.s.d.u.NotificationProcessorImpl - Found 0 failed notifications to retry
2026-01-17 19:53:30 [websocket-heartbeat-1] INFO  c.z.n.s.i.o.p.p.NotificationRepositoryAdapter - finding notifications with status: PENDING and scheduledAt before: 2026-01-17T19:53:30.901404800
2026-01-17 19:53:31 [websocket-heartbeat-1] INFO  c.z.n.s.d.u.NotificationProcessorImpl - Found 0 scheduled notifications to process
2026-01-17 19:53:31 [websocket-heartbeat-1] INFO  c.z.n.s.i.o.p.p.NotificationRepositoryAdapter - finding notifications with status: PENDING and scheduledAt before: 2026-01-17T19:53:31.008982800
2026-01-17 19:53:31 [websocket-heartbeat-1] INFO  c.z.n.s.d.u.NotificationProcessorImpl - Found 0 scheduled notifications to process
2026-01-17 19:53:31 [websocket-heartbeat-1] INFO  c.z.n.s.i.o.p.p.NotificationRepositoryAdapter - finding notifications with status: PENDING and scheduledAt before: 2026-01-17T19:53:31.015979900
2026-01-17 19:53:31 [websocket-heartbeat-1] INFO  c.z.n.s.d.u.NotificationProcessorImpl - Found 0 scheduled notifications to process
2026-01-17 19:53:31 [websocket-heartbeat-1] INFO  c.z.n.s.i.o.p.p.NotificationRepositoryAdapter - finding notifications with status: PENDING and scheduledAt before: 2026-01-17T19:53:31.024987300
2026-01-17 19:53:31 [websocket-heartbeat-1] INFO  c.z.n.s.d.u.NotificationProcessorImpl - Found 0 scheduled notifications to process
2026-01-17 19:53:31 [websocket-heartbeat-1] INFO  c.z.n.s.i.o.p.p.NotificationRepositoryAdapter - finding notifications with status: PENDING and scheduledAt before: 2026-01-17T19:53:31.050107500
2026-01-17 19:53:31 [websocket-heartbeat-1] INFO  c.z.n.s.d.u.NotificationProcessorImpl - Found 0 scheduled notifications to process
2026-01-17 19:53:31 [websocket-heartbeat-1] INFO  c.z.n.s.i.o.p.p.NotificationRepositoryAdapter - finding notifications with status: FAILED and retryCount less than: 3
2026-01-17 19:53:31 [websocket-heartbeat-1] INFO  c.z.n.s.d.u.NotificationProcessorImpl - Found 0 failed notifications to retry
2026-01-17 19:53:31 [websocket-heartbeat-1] INFO  c.z.n.s.i.o.p.p.NotificationRepositoryAdapter - finding notifications with status: PENDING and scheduledAt before: 2026-01-17T19:53:31.065981400
2026-01-17 19:53:31 [websocket-heartbeat-1] INFO  c.z.n.s.d.u.NotificationProcessorImpl - Found 0 scheduled notifications to process
2026-01-17 19:53:31 [websocket-heartbeat-1] INFO  c.z.n.s.i.o.p.p.NotificationRepositoryAdapter - finding notifications with status: PENDING and scheduledAt before: 2026-01-17T19:53:31.074981400
2026-01-17 19:53:31 [websocket-heartbeat-1] INFO  c.z.n.s.d.u.NotificationProcessorImpl - Found 0 scheduled notifications to process
2026-01-17 19:53:31 [websocket-heartbeat-1] INFO  c.z.n.s.i.o.p.p.NotificationRepositoryAdapter - finding notifications with status: PENDING and scheduledAt before: 2026-01-17T19:53:31.151505800
2026-01-17 19:53:31 [websocket-heartbeat-1] INFO  c.z.n.s.d.u.NotificationProcessorImpl - Found 0 scheduled notifications to process
2026-01-17 19:53:31 [websocket-heartbeat-1] INFO  c.z.n.s.i.o.p.p.NotificationRepositoryAdapter - finding notifications with status: PENDING and scheduledAt before: 2026-01-17T19:53:31.158504800
2026-01-17 19:53:31 [websocket-heartbeat-1] INFO  c.z.n.s.d.u.NotificationProcessorImpl - Found 0 scheduled notifications to process
2026-01-17 19:53:31 [websocket-heartbeat-1] INFO  c.z.n.s.i.o.p.p.NotificationRepositoryAdapter - finding notifications with status: PENDING and scheduledAt before: 2026-01-17T19:53:31.164510100
2026-01-17 19:53:31 [websocket-heartbeat-1] INFO  c.z.n.s.d.u.NotificationProcessorImpl - Found 0 scheduled notifications to process
2026-01-17 19:53:31 [websocket-heartbeat-1] INFO  c.z.n.s.i.o.p.p.NotificationRepositoryAdapter - finding notifications with status: FAILED and retryCount less than: 3
2026-01-17 19:53:31 [websocket-heartbeat-1] INFO  c.z.n.s.d.u.NotificationProcessorImpl - Found 0 failed notifications to retry
2026-01-17 19:53:31 [websocket-heartbeat-1] INFO  c.z.n.s.i.o.p.p.NotificationRepositoryAdapter - finding notifications with status: PENDING and scheduledAt before: 2026-01-17T19:53:31.175508700
2026-01-17 19:53:31 [websocket-heartbeat-1] INFO  c.z.n.s.d.u.NotificationProcessorImpl - Found 0 scheduled notifications to process
2026-01-17 19:53:31 [websocket-heartbeat-1] INFO  c.z.n.s.i.o.p.p.NotificationRepositoryAdapter - finding notifications with status: PENDING and scheduledAt before: 2026-01-17T19:53:31.181040600
2026-01-17 19:53:31 [websocket-heartbeat-1] INFO  c.z.n.s.d.u.NotificationProcessorImpl - Found 0 scheduled notifications to process
2026-01-17 19:53:31 [websocket-heartbeat-1] INFO  c.z.n.s.i.o.p.p.NotificationRepositoryAdapter - finding notifications with status: PENDING and scheduledAt before: 2026-01-17T19:53:31.188032600
2026-01-17 19:53:31 [websocket-heartbeat-1] INFO  c.z.n.s.d.u.NotificationProcessorImpl - Found 0 scheduled notifications to process
2026-01-17 19:53:31 [websocket-heartbeat-1] INFO  c.z.n.s.i.o.p.p.NotificationRepositoryAdapter - finding notifications with status: PENDING and scheduledAt before: 2026-01-17T19:53:31.209092
2026-01-17 19:53:31 [websocket-heartbeat-1] INFO  c.z.n.s.d.u.NotificationProcessorImpl - Found 0 scheduled notifications to process
2026-01-17 19:53:31 [websocket-heartbeat-1] INFO  c.z.n.s.i.o.p.p.NotificationRepositoryAdapter - finding notifications with status: PENDING and scheduledAt before: 2026-01-17T19:53:31.236091300
2026-01-17 19:53:31 [websocket-heartbeat-1] INFO  c.z.n.s.d.u.NotificationProcessorImpl - Found 0 scheduled notifications to process
2026-01-17 19:53:31 [websocket-heartbeat-1] INFO  c.z.n.s.i.o.p.p.NotificationRepositoryAdapter - finding notifications with status: FAILED and retryCount less than: 3
2026-01-17 19:53:31 [websocket-heartbeat-1] INFO  c.z.n.s.d.u.NotificationProcessorImpl - Found 0 failed notifications to retry
2026-01-17 19:53:31 [websocket-heartbeat-1] INFO  c.z.n.s.i.o.p.p.NotificationRepositoryAdapter - finding notifications with status: PENDING and scheduledAt before: 2026-01-17T19:53:31.245091400
2026-01-17 19:53:31 [websocket-heartbeat-1] INFO  c.z.n.s.d.u.NotificationProcessorImpl - Found 0 scheduled notifications to process
2026-01-17 19:53:31 [websocket-heartbeat-1] INFO  c.z.n.s.i.o.p.p.NotificationRepositoryAdapter - finding notifications with status: PENDING and scheduledAt before: 2026-01-17T19:53:31.250090400
2026-01-17 19:53:31 [websocket-heartbeat-1] INFO  c.z.n.s.d.u.NotificationProcessorImpl - Found 0 scheduled notifications to process
2026-01-17 19:53:31 [websocket-heartbeat-1] INFO  c.z.n.s.i.o.p.p.NotificationRepositoryAdapter - finding notifications with status: PENDING and scheduledAt before: 2026-01-17T19:53:31.255090100
2026-01-17 19:53:31 [websocket-heartbeat-1] INFO  c.z.n.s.d.u.NotificationProcessorImpl - Found 0 scheduled notifications to process
2026-01-17 19:53:31 [websocket-heartbeat-1] INFO  c.z.n.s.i.o.p.p.NotificationRepositoryAdapter - finding notifications with status: PENDING and scheduledAt before: 2026-01-17T19:53:31.261090
2026-01-17 19:53:31 [websocket-heartbeat-1] INFO  c.z.n.s.d.u.NotificationProcessorImpl - Found 0 scheduled notifications to process
2026-01-17 19:53:31 [websocket-heartbeat-1] INFO  c.z.n.s.i.o.p.p.NotificationRepositoryAdapter - finding notifications with status: PENDING and scheduledAt before: 2026-01-17T19:53:31.264089600
2026-01-17 19:53:31 [websocket-heartbeat-1] INFO  c.z.n.s.d.u.NotificationProcessorImpl - Found 0 scheduled notifications to process
2026-01-17 19:53:31 [websocket-heartbeat-1] INFO  c.z.n.s.i.o.p.p.NotificationRepositoryAdapter - finding notifications with status: FAILED and retryCount less than: 3
2026-01-17 19:53:31 [websocket-heartbeat-1] INFO  c.z.n.s.d.u.NotificationProcessorImpl - Found 0 failed notifications to retry
2026-01-17 19:53:31 [websocket-heartbeat-1] INFO  c.z.n.s.i.o.p.p.NotificationRepositoryAdapter - finding notifications with status: PENDING and scheduledAt before: 2026-01-17T19:53:31.272601300
2026-01-17 19:53:31 [websocket-heartbeat-1] INFO  c.z.n.s.d.u.NotificationProcessorImpl - Found 0 scheduled notifications to process
2026-01-17 19:53:31 [websocket-heartbeat-1] INFO  c.z.n.s.i.o.p.p.NotificationRepositoryAdapter - finding notifications with status: PENDING and scheduledAt before: 2026-01-17T19:53:31.316117200
2026-01-17 19:53:31 [websocket-heartbeat-1] INFO  c.z.n.s.d.u.NotificationProcessorImpl - Found 0 scheduled notifications to process
2026-01-17 19:53:31 [websocket-heartbeat-1] INFO  c.z.n.s.i.o.p.p.NotificationRepositoryAdapter - finding notifications with status: PENDING and scheduledAt before: 2026-01-17T19:53:31.319122500
2026-01-17 19:53:31 [websocket-heartbeat-1] INFO  c.z.n.s.d.u.NotificationProcessorImpl - Found 0 scheduled notifications to process
2026-01-17 19:53:31 [websocket-heartbeat-1] INFO  c.z.n.s.i.o.p.p.NotificationRepositoryAdapter - finding notifications with status: PENDING and scheduledAt before: 2026-01-17T19:53:31.323117600
2026-01-17 19:53:31 [websocket-heartbeat-1] INFO  c.z.n.s.d.u.NotificationProcessorImpl - Found 0 scheduled notifications to process
2026-01-17 19:53:31 [websocket-heartbeat-1] INFO  c.z.n.s.i.o.p.p.NotificationRepositoryAdapter - finding notifications with status: PENDING and scheduledAt before: 2026-01-17T19:53:31.330117700
2026-01-17 19:53:31 [websocket-heartbeat-1] INFO  c.z.n.s.d.u.NotificationProcessorImpl - Found 0 scheduled notifications to process
2026-01-17 19:53:31 [websocket-heartbeat-1] INFO  c.z.n.s.i.o.p.p.NotificationRepositoryAdapter - finding notifications with status: FAILED and retryCount less than: 3
2026-01-17 19:53:31 [websocket-heartbeat-1] INFO  c.z.n.s.d.u.NotificationProcessorImpl - Found 0 failed notifications to retry
2026-01-17 19:53:31 [websocket-heartbeat-1] INFO  c.z.n.s.i.o.p.p.NotificationRepositoryAdapter - finding notifications with status: PENDING and scheduledAt before: 2026-01-17T19:53:31.342116100
2026-01-17 19:53:31 [websocket-heartbeat-1] INFO  c.z.n.s.d.u.NotificationProcessorImpl - Found 0 scheduled notifications to process
2026-01-17 19:53:31 [websocket-heartbeat-1] INFO  c.z.n.s.i.o.p.p.NotificationRepositoryAdapter - finding notifications with status: PENDING and scheduledAt before: 2026-01-17T19:53:31.347116400
2026-01-17 19:53:31 [websocket-heartbeat-1] INFO  c.z.n.s.d.u.NotificationProcessorImpl - Found 0 scheduled notifications to process
2026-01-17 19:53:31 [websocket-heartbeat-1] INFO  c.z.n.s.i.o.p.p.NotificationRepositoryAdapter - finding notifications with status: PENDING and scheduledAt before: 2026-01-17T19:53:31.352860100
2026-01-17 19:53:31 [websocket-heartbeat-1] INFO  c.z.n.s.d.u.NotificationProcessorImpl - Found 0 scheduled notifications to process
2026-01-17 19:53:31 [websocket-heartbeat-1] INFO  c.z.n.s.i.o.p.p.NotificationRepositoryAdapter - finding notifications with status: PENDING and scheduledAt before: 2026-01-17T19:53:31.359861
2026-01-17 19:53:31 [websocket-heartbeat-1] INFO  c.z.n.s.d.u.NotificationProcessorImpl - Found 0 scheduled notifications to process
2026-01-17 19:53:31 [websocket-heartbeat-1] INFO  c.z.n.s.i.o.p.p.NotificationRepositoryAdapter - finding notifications with status: PENDING and scheduledAt before: 2026-01-17T19:53:31.364375100
2026-01-17 19:53:31 [websocket-heartbeat-1] INFO  c.z.n.s.d.u.NotificationProcessorImpl - Found 0 scheduled notifications to process
2026-01-17 19:53:31 [websocket-heartbeat-1] INFO  c.z.n.s.i.o.p.p.NotificationRepositoryAdapter - finding notifications with status: FAILED and retryCount less than: 3
2026-01-17 19:53:31 [websocket-heartbeat-1] INFO  c.z.n.s.d.u.NotificationProcessorImpl - Found 0 failed notifications to retry
2026-01-17 19:53:31 [websocket-heartbeat-1] INFO  c.z.n.s.i.o.p.p.NotificationRepositoryAdapter - finding notifications with status: PENDING and scheduledAt before: 2026-01-17T19:53:31.415487700
2026-01-17 19:53:31 [websocket-heartbeat-1] INFO  c.z.n.s.d.u.NotificationProcessorImpl - Found 0 scheduled notifications to process
2026-01-17 19:53:31 [websocket-heartbeat-1] INFO  c.z.n.s.i.o.p.p.NotificationRepositoryAdapter - finding notifications with status: PENDING and scheduledAt before: 2026-01-17T19:53:31.458666800
2026-01-17 19:53:31 [websocket-heartbeat-1] INFO  c.z.n.s.d.u.NotificationProcessorImpl - Found 0 scheduled notifications to process
2026-01-17 19:53:31 [websocket-heartbeat-1] INFO  c.z.n.s.i.o.p.p.NotificationRepositoryAdapter - finding notifications with status: PENDING and scheduledAt before: 2026-01-17T19:53:31.473178900
2026-01-17 19:53:31 [websocket-heartbeat-1] INFO  c.z.n.s.d.u.NotificationProcessorImpl - Found 0 scheduled notifications to process
2026-01-17 19:53:31 [websocket-heartbeat-1] INFO  c.z.n.s.i.o.p.p.NotificationRepositoryAdapter - finding notifications with status: PENDING and scheduledAt before: 2026-01-17T19:53:31.504276600
2026-01-17 19:53:31 [websocket-heartbeat-1] INFO  c.z.n.s.d.u.NotificationProcessorImpl - Found 0 scheduled notifications to process
2026-01-17 19:53:31 [websocket-heartbeat-1] INFO  c.z.n.s.i.o.p.p.NotificationRepositoryAdapter - finding notifications with status: PENDING and scheduledAt before: 2026-01-17T19:53:31.508789500
2026-01-17 19:53:31 [websocket-heartbeat-1] INFO  c.z.n.s.d.u.NotificationProcessorImpl - Found 0 scheduled notifications to process
2026-01-17 19:53:31 [websocket-heartbeat-1] INFO  c.z.n.s.i.o.p.p.NotificationRepositoryAdapter - finding notifications with status: FAILED and retryCount less than: 3
2026-01-17 19:53:31 [websocket-heartbeat-1] INFO  c.z.n.s.d.u.NotificationProcessorImpl - Found 0 failed notifications to retry
2026-01-17 19:53:31 [websocket-heartbeat-1] INFO  c.z.n.s.i.o.p.p.NotificationRepositoryAdapter - finding notifications with status: PENDING and scheduledAt before: 2026-01-17T19:53:31.516789200
2026-01-17 19:53:31 [websocket-heartbeat-1] INFO  c.z.n.s.d.u.NotificationProcessorImpl - Found 0 scheduled notifications to process
2026-01-17 19:53:31 [websocket-heartbeat-1] INFO  c.z.n.s.i.o.p.p.NotificationRepositoryAdapter - finding notifications with status: PENDING and scheduledAt before: 2026-01-17T19:53:31.520300300
2026-01-17 19:53:31 [websocket-heartbeat-1] INFO  c.z.n.s.d.u.NotificationProcessorImpl - Found 0 scheduled notifications to process
2026-01-17 19:53:31 [websocket-heartbeat-1] INFO  c.z.n.s.i.o.p.p.NotificationRepositoryAdapter - finding notifications with status: PENDING and scheduledAt before: 2026-01-17T19:53:31.524300400
2026-01-17 19:53:31 [websocket-heartbeat-1] INFO  c.z.n.s.d.u.NotificationProcessorImpl - Found 0 scheduled notifications to process
2026-01-17 19:53:31 [websocket-heartbeat-1] INFO  c.z.n.s.i.o.p.p.NotificationRepositoryAdapter - finding notifications with status: PENDING and scheduledAt before: 2026-01-17T19:53:31.553029
2026-01-17 19:53:31 [websocket-heartbeat-1] INFO  c.z.n.s.d.u.NotificationProcessorImpl - Found 0 scheduled notifications to process
2026-01-17 19:53:31 [websocket-heartbeat-1] INFO  c.z.n.s.i.o.p.p.NotificationRepositoryAdapter - finding notifications with status: PENDING and scheduledAt before: 2026-01-17T19:53:31.564565
2026-01-17 19:53:31 [websocket-heartbeat-1] INFO  c.z.n.s.d.u.NotificationProcessorImpl - Found 0 scheduled notifications to process
2026-01-17 19:53:31 [websocket-heartbeat-1] INFO  c.z.n.s.i.o.p.p.NotificationRepositoryAdapter - finding notifications with status: FAILED and retryCount less than: 3
2026-01-17 19:53:31 [websocket-heartbeat-1] INFO  c.z.n.s.d.u.NotificationProcessorImpl - Found 0 failed notifications to retry
2026-01-17 19:53:31 [websocket-heartbeat-1] INFO  c.z.n.s.i.o.p.p.NotificationRepositoryAdapter - finding notifications with status: PENDING and scheduledAt before: 2026-01-17T19:53:31.572596400
2026-01-17 19:53:31 [websocket-heartbeat-1] INFO  c.z.n.s.d.u.NotificationProcessorImpl - Found 0 scheduled notifications to process
2026-01-17 19:53:31 [websocket-heartbeat-1] INFO  c.z.n.s.i.o.p.p.NotificationRepositoryAdapter - finding notifications with status: PENDING and scheduledAt before: 2026-01-17T19:53:31.576596100
2026-01-17 19:53:31 [websocket-heartbeat-1] INFO  c.z.n.s.d.u.NotificationProcessorImpl - Found 0 scheduled notifications to process
2026-01-17 19:53:31 [websocket-heartbeat-1] INFO  c.z.n.s.i.o.p.p.NotificationRepositoryAdapter - finding notifications with status: PENDING and scheduledAt before: 2026-01-17T19:53:31.581597
2026-01-17 19:53:31 [websocket-heartbeat-1] INFO  c.z.n.s.d.u.NotificationProcessorImpl - Found 0 scheduled notifications to process
2026-01-17 19:53:31 [websocket-heartbeat-1] INFO  c.z.n.s.i.o.p.p.NotificationRepositoryAdapter - finding notifications with status: PENDING and scheduledAt before: 2026-01-17T19:53:31.586600600
2026-01-17 19:53:31 [websocket-heartbeat-1] INFO  c.z.n.s.d.u.NotificationProcessorImpl - Found 0 scheduled notifications to process
2026-01-17 19:53:31 [websocket-heartbeat-1] INFO  c.z.n.s.i.o.p.p.NotificationRepositoryAdapter - finding notifications with status: PENDING and scheduledAt before: 2026-01-17T19:53:31.592622400
2026-01-17 19:53:31 [websocket-heartbeat-1] INFO  c.z.n.s.d.u.NotificationProcessorImpl - Found 0 scheduled notifications to process
2026-01-17 19:53:31 [websocket-heartbeat-1] INFO  c.z.n.s.i.o.p.p.NotificationRepositoryAdapter - finding notifications with status: FAILED and retryCount less than: 3
2026-01-17 19:53:31 [websocket-heartbeat-1] INFO  c.z.n.s.d.u.NotificationProcessorImpl - Found 0 failed notifications to retry
2026-01-17 19:53:31 [websocket-heartbeat-1] INFO  c.z.n.s.i.o.p.p.NotificationRepositoryAdapter - finding notifications with status: PENDING and scheduledAt before: 2026-01-17T19:53:31.601630400
2026-01-17 19:53:31 [websocket-heartbeat-1] INFO  c.z.n.s.d.u.NotificationProcessorImpl - Found 0 scheduled notifications to process
2026-01-17 19:53:31 [websocket-heartbeat-1] INFO  c.z.n.s.i.o.p.p.NotificationRepositoryAdapter - finding notifications with status: PENDING and scheduledAt before: 2026-01-17T19:53:31.609144
2026-01-17 19:53:31 [websocket-heartbeat-1] INFO  c.z.n.s.d.u.NotificationProcessorImpl - Found 0 scheduled notifications to process
2026-01-17 19:53:31 [websocket-heartbeat-1] INFO  c.z.n.s.i.o.p.p.NotificationRepositoryAdapter - finding notifications with status: PENDING and scheduledAt before: 2026-01-17T19:53:31.612143100
2026-01-17 19:53:31 [websocket-heartbeat-1] INFO  c.z.n.s.d.u.NotificationProcessorImpl - Found 0 scheduled notifications to process
2026-01-17 19:53:31 [websocket-heartbeat-1] INFO  c.z.n.s.i.o.p.p.NotificationRepositoryAdapter - finding notifications with status: PENDING and scheduledAt before: 2026-01-17T19:53:31.617657
2026-01-17 19:53:31 [websocket-heartbeat-1] INFO  c.z.n.s.d.u.NotificationProcessorImpl - Found 0 scheduled notifications to process
2026-01-17 19:53:31 [websocket-heartbeat-1] INFO  c.z.n.s.i.o.p.p.NotificationRepositoryAdapter - finding notifications with status: PENDING and scheduledAt before: 2026-01-17T19:53:31.621657400
2026-01-17 19:53:31 [websocket-heartbeat-1] INFO  c.z.n.s.d.u.NotificationProcessorImpl - Found 0 scheduled notifications to process
2026-01-17 19:53:31 [websocket-heartbeat-1] INFO  c.z.n.s.i.o.p.p.NotificationRepositoryAdapter - finding notifications with status: FAILED and retryCount less than: 3
2026-01-17 19:53:31 [websocket-heartbeat-1] INFO  c.z.n.s.d.u.NotificationProcessorImpl - Found 0 failed notifications to retry
2026-01-17 19:53:31 [websocket-heartbeat-1] INFO  c.z.n.s.i.o.p.p.NotificationRepositoryAdapter - finding notifications with status: PENDING and scheduledAt before: 2026-01-17T19:53:31.633679600
2026-01-17 19:53:31 [websocket-heartbeat-1] INFO  c.z.n.s.d.u.NotificationProcessorImpl - Found 0 scheduled notifications to process
2026-01-17 19:53:31 [websocket-heartbeat-1] INFO  c.z.n.s.i.o.p.p.NotificationRepositoryAdapter - finding notifications with status: PENDING and scheduledAt before: 2026-01-17T19:53:31.639200700
2026-01-17 19:53:31 [websocket-heartbeat-1] INFO  c.z.n.s.d.u.NotificationProcessorImpl - Found 0 scheduled notifications to process
2026-01-17 19:53:31 [websocket-heartbeat-1] INFO  c.z.n.s.i.o.p.p.NotificationRepositoryAdapter - finding notifications with status: PENDING and scheduledAt before: 2026-01-17T19:53:31.644046400
2026-01-17 19:53:31 [websocket-heartbeat-1] INFO  c.z.n.s.d.u.NotificationProcessorImpl - Found 0 scheduled notifications to process
2026-01-17 19:53:31 [websocket-heartbeat-1] INFO  c.z.n.s.i.o.p.p.NotificationRepositoryAdapter - finding notifications with status: PENDING and scheduledAt before: 2026-01-17T19:53:31.649055300
2026-01-17 19:53:31 [websocket-heartbeat-1] INFO  c.z.n.s.d.u.NotificationProcessorImpl - Found 0 scheduled notifications to process
2026-01-17 19:53:31 [websocket-heartbeat-1] INFO  c.z.n.s.i.o.p.p.NotificationRepositoryAdapter - finding notifications with status: PENDING and scheduledAt before: 2026-01-17T19:53:31.653631600
2026-01-17 19:53:31 [websocket-heartbeat-1] INFO  c.z.n.s.d.u.NotificationProcessorImpl - Found 0 scheduled notifications to process
2026-01-17 19:53:31 [websocket-heartbeat-1] INFO  c.z.n.s.i.o.p.p.NotificationRepositoryAdapter - finding notifications with status: FAILED and retryCount less than: 3
2026-01-17 19:53:31 [websocket-heartbeat-1] INFO  c.z.n.s.d.u.NotificationProcessorImpl - Found 0 failed notifications to retry
2026-01-17 19:53:31 [websocket-heartbeat-1] INFO  c.z.n.s.i.o.p.p.NotificationRepositoryAdapter - finding notifications with status: PENDING and scheduledAt before: 2026-01-17T19:53:31.664222500
2026-01-17 19:53:31 [websocket-heartbeat-1] INFO  c.z.n.s.d.u.NotificationProcessorImpl - Found 0 scheduled notifications to process
2026-01-17 19:53:31 [websocket-heartbeat-1] INFO  c.z.n.s.i.o.p.p.NotificationRepositoryAdapter - finding notifications with status: PENDING and scheduledAt before: 2026-01-17T19:53:31.667224
2026-01-17 19:53:31 [websocket-heartbeat-1] INFO  c.z.n.s.d.u.NotificationProcessorImpl - Found 0 scheduled notifications to process
2026-01-17 19:53:31 [websocket-heartbeat-1] INFO  c.z.n.s.i.o.p.p.NotificationRepositoryAdapter - finding notifications with status: PENDING and scheduledAt before: 2026-01-17T19:53:31.671729500
2026-01-17 19:53:31 [websocket-heartbeat-1] INFO  c.z.n.s.d.u.NotificationProcessorImpl - Found 0 scheduled notifications to process
2026-01-17 19:53:31 [websocket-heartbeat-1] INFO  c.z.n.s.i.o.p.p.NotificationRepositoryAdapter - finding notifications with status: PENDING and scheduledAt before: 2026-01-17T19:53:31.676737300
2026-01-17 19:53:31 [websocket-heartbeat-1] INFO  c.z.n.s.d.u.NotificationProcessorImpl - Found 0 scheduled notifications to process
2026-01-17 19:53:31 [websocket-heartbeat-1] INFO  c.z.n.s.i.o.p.p.NotificationRepositoryAdapter - finding notifications with status: PENDING and scheduledAt before: 2026-01-17T19:53:31.680737500
2026-01-17 19:53:31 [websocket-heartbeat-1] INFO  c.z.n.s.d.u.NotificationProcessorImpl - Found 0 scheduled notifications to process
2026-01-17 19:53:31 [websocket-heartbeat-1] INFO  c.z.n.s.i.o.p.p.NotificationRepositoryAdapter - finding notifications with status: FAILED and retryCount less than: 3
2026-01-17 19:53:31 [websocket-heartbeat-1] INFO  c.z.n.s.d.u.NotificationProcessorImpl - Found 0 failed notifications to retry
2026-01-17 19:53:31 [websocket-heartbeat-1] INFO  c.z.n.s.i.o.p.p.NotificationRepositoryAdapter - finding notifications with status: PENDING and scheduledAt before: 2026-01-17T19:53:31.690254
2026-01-17 19:53:31 [websocket-heartbeat-1] INFO  c.z.n.s.d.u.NotificationProcessorImpl - Found 0 scheduled notifications to process
2026-01-17 19:53:31 [websocket-heartbeat-1] INFO  c.z.n.s.i.o.p.p.NotificationRepositoryAdapter - finding notifications with status: PENDING and scheduledAt before: 2026-01-17T19:53:31.693768100
2026-01-17 19:53:31 [websocket-heartbeat-1] INFO  c.z.n.s.d.u.NotificationProcessorImpl - Found 0 scheduled notifications to process
2026-01-17 19:53:31 [websocket-heartbeat-1] INFO  c.z.n.s.i.o.p.p.NotificationRepositoryAdapter - finding notifications with status: PENDING and scheduledAt before: 2026-01-17T19:53:31.696768900
2026-01-17 19:53:31 [websocket-heartbeat-1] INFO  c.z.n.s.d.u.NotificationProcessorImpl - Found 0 scheduled notifications to process
2026-01-17 19:53:31 [websocket-heartbeat-1] INFO  c.z.n.s.i.o.p.p.NotificationRepositoryAdapter - finding notifications with status: PENDING and scheduledAt before: 2026-01-17T19:53:31.703273200
2026-01-17 19:53:31 [websocket-heartbeat-1] INFO  c.z.n.s.d.u.NotificationProcessorImpl - Found 0 scheduled notifications to process
2026-01-17 19:53:31 [websocket-heartbeat-1] INFO  c.z.n.s.i.o.p.p.NotificationRepositoryAdapter - finding notifications with status: PENDING and scheduledAt before: 2026-01-17T19:53:31.706787800
2026-01-17 19:53:31 [websocket-heartbeat-1] INFO  c.z.n.s.d.u.NotificationProcessorImpl - Found 0 scheduled notifications to process
2026-01-17 19:53:31 [websocket-heartbeat-1] INFO  c.z.n.s.i.o.p.p.NotificationRepositoryAdapter - finding notifications with status: FAILED and retryCount less than: 3
2026-01-17 19:53:31 [websocket-heartbeat-1] INFO  c.z.n.s.d.u.NotificationProcessorImpl - Found 0 failed notifications to retry
2026-01-17 19:53:31 [websocket-heartbeat-1] INFO  c.z.n.s.i.o.p.p.NotificationRepositoryAdapter - finding notifications with status: PENDING and scheduledAt before: 2026-01-17T19:53:31.713848900
2026-01-17 19:53:31 [websocket-heartbeat-1] INFO  c.z.n.s.d.u.NotificationProcessorImpl - Found 0 scheduled notifications to process
2026-01-17 19:53:31 [websocket-heartbeat-1] INFO  c.z.n.s.i.o.p.p.NotificationRepositoryAdapter - finding notifications with status: PENDING and scheduledAt before: 2026-01-17T19:53:31.717848700
2026-01-17 19:53:31 [websocket-heartbeat-1] INFO  c.z.n.s.d.u.NotificationProcessorImpl - Found 0 scheduled notifications to process
2026-01-17 19:53:31 [websocket-heartbeat-1] INFO  c.z.n.s.i.o.p.p.NotificationRepositoryAdapter - finding notifications with status: PENDING and scheduledAt before: 2026-01-17T19:53:31.722850600
2026-01-17 19:53:31 [websocket-heartbeat-1] INFO  c.z.n.s.d.u.NotificationProcessorImpl - Found 0 scheduled notifications to process
2026-01-17 19:53:31 [websocket-heartbeat-1] INFO  c.z.n.s.i.o.p.p.NotificationRepositoryAdapter - finding notifications with status: PENDING and scheduledAt before: 2026-01-17T19:53:31.726364700
2026-01-17 19:53:31 [websocket-heartbeat-1] INFO  c.z.n.s.d.u.NotificationProcessorImpl - Found 0 scheduled notifications to process
2026-01-17 19:53:31 [websocket-heartbeat-1] INFO  c.z.n.s.i.o.p.p.NotificationRepositoryAdapter - finding notifications with status: PENDING and scheduledAt before: 2026-01-17T19:53:31.732369500
2026-01-17 19:53:31 [websocket-heartbeat-1] INFO  c.z.n.s.d.u.NotificationProcessorImpl - Found 0 scheduled notifications to process
2026-01-17 19:53:31 [websocket-heartbeat-1] INFO  c.z.n.s.i.o.p.p.NotificationRepositoryAdapter - finding notifications with status: FAILED and retryCount less than: 3
2026-01-17 19:53:31 [websocket-heartbeat-1] INFO  c.z.n.s.d.u.NotificationProcessorImpl - Found 0 failed notifications to retry
2026-01-17 19:53:31 [websocket-heartbeat-1] INFO  c.z.n.s.i.o.p.p.NotificationRepositoryAdapter - finding notifications with status: PENDING and scheduledAt before: 2026-01-17T19:53:31.741033500
2026-01-17 19:53:31 [websocket-heartbeat-1] INFO  c.z.n.s.d.u.NotificationProcessorImpl - Found 0 scheduled notifications to process
2026-01-17 19:53:31 [websocket-heartbeat-1] INFO  c.z.n.s.i.o.p.p.NotificationRepositoryAdapter - finding notifications with status: PENDING and scheduledAt before: 2026-01-17T19:53:31.744031900
2026-01-17 19:53:31 [websocket-heartbeat-1] INFO  c.z.n.s.d.u.NotificationProcessorImpl - Found 0 scheduled notifications to process
2026-01-17 19:53:31 [websocket-heartbeat-1] INFO  c.z.n.s.i.o.p.p.NotificationRepositoryAdapter - finding notifications with status: PENDING and scheduledAt before: 2026-01-17T19:53:31.750012100
2026-01-17 19:53:31 [websocket-heartbeat-1] INFO  c.z.n.s.d.u.NotificationProcessorImpl - Found 0 scheduled notifications to process
2026-01-17 19:53:31 [websocket-heartbeat-1] INFO  c.z.n.s.i.o.p.p.NotificationRepositoryAdapter - finding notifications with status: PENDING and scheduledAt before: 2026-01-17T19:53:31.755012400
2026-01-17 19:53:31 [websocket-heartbeat-1] INFO  c.z.n.s.d.u.NotificationProcessorImpl - Found 0 scheduled notifications to process
2026-01-17 19:53:31 [websocket-heartbeat-1] INFO  c.z.n.s.i.o.p.p.NotificationRepositoryAdapter - finding notifications with status: PENDING and scheduledAt before: 2026-01-17T19:53:31.759518800
2026-01-17 19:53:31 [websocket-heartbeat-1] INFO  c.z.n.s.d.u.NotificationProcessorImpl - Found 0 scheduled notifications to process
2026-01-17 19:53:31 [websocket-heartbeat-1] INFO  c.z.n.s.i.o.p.p.NotificationRepositoryAdapter - finding notifications with status: FAILED and retryCount less than: 3
2026-01-17 19:53:31 [websocket-heartbeat-1] INFO  c.z.n.s.d.u.NotificationProcessorImpl - Found 0 failed notifications to retry
2026-01-17 19:53:31 [websocket-heartbeat-1] INFO  c.z.n.s.i.o.p.p.NotificationRepositoryAdapter - finding notifications with status: PENDING and scheduledAt before: 2026-01-17T19:53:31.768526300
2026-01-17 19:53:31 [websocket-heartbeat-1] INFO  c.z.n.s.d.u.NotificationProcessorImpl - Found 0 scheduled notifications to process
2026-01-17 19:53:31 [websocket-heartbeat-1] INFO  c.z.n.s.i.o.p.p.NotificationRepositoryAdapter - finding notifications with status: PENDING and scheduledAt before: 2026-01-17T19:53:31.773438500
2026-01-17 19:53:31 [websocket-heartbeat-1] INFO  c.z.n.s.d.u.NotificationProcessorImpl - Found 0 scheduled notifications to process
2026-01-17 19:53:31 [websocket-heartbeat-1] INFO  c.z.n.s.i.o.p.p.NotificationRepositoryAdapter - finding notifications with status: PENDING and scheduledAt before: 2026-01-17T19:53:31.776436900
2026-01-17 19:53:31 [websocket-heartbeat-1] INFO  c.z.n.s.d.u.NotificationProcessorImpl - Found 0 scheduled notifications to process
2026-01-17 19:53:31 [websocket-heartbeat-1] INFO  c.z.n.s.i.o.p.p.NotificationRepositoryAdapter - finding notifications with status: PENDING and scheduledAt before: 2026-01-17T19:53:31.784961800
2026-01-17 19:53:31 [websocket-heartbeat-1] INFO  c.z.n.s.d.u.NotificationProcessorImpl - Found 0 scheduled notifications to process
2026-01-17 19:53:31 [websocket-heartbeat-1] INFO  c.z.n.s.i.o.p.p.NotificationRepositoryAdapter - finding notifications with status: PENDING and scheduledAt before: 2026-01-17T19:53:31.788959500
2026-01-17 19:53:31 [websocket-heartbeat-1] INFO  c.z.n.s.d.u.NotificationProcessorImpl - Found 0 scheduled notifications to process
2026-01-17 19:53:31 [websocket-heartbeat-1] INFO  c.z.n.s.i.o.p.p.NotificationRepositoryAdapter - finding notifications with status: FAILED and retryCount less than: 3
2026-01-17 19:53:31 [websocket-heartbeat-1] INFO  c.z.n.s.d.u.NotificationProcessorImpl - Found 0 failed notifications to retry
2026-01-17 19:53:31 [websocket-heartbeat-1] INFO  c.z.n.s.i.o.p.p.NotificationRepositoryAdapter - finding notifications with status: PENDING and scheduledAt before: 2026-01-17T19:53:31.803994300
2026-01-17 19:53:31 [websocket-heartbeat-1] INFO  c.z.n.s.d.u.NotificationProcessorImpl - Found 0 scheduled notifications to process
2026-01-17 19:53:31 [websocket-heartbeat-1] INFO  c.z.n.s.i.o.p.p.NotificationRepositoryAdapter - finding notifications with status: PENDING and scheduledAt before: 2026-01-17T19:53:31.812507600
2026-01-17 19:53:31 [websocket-heartbeat-1] INFO  c.z.n.s.d.u.NotificationProcessorImpl - Found 0 scheduled notifications to process
2026-01-17 19:53:31 [websocket-heartbeat-1] INFO  c.z.n.s.i.o.p.p.NotificationRepositoryAdapter - finding notifications with status: PENDING and scheduledAt before: 2026-01-17T19:53:31.816508800
2026-01-17 19:53:31 [websocket-heartbeat-1] INFO  c.z.n.s.d.u.NotificationProcessorImpl - Found 0 scheduled notifications to process
2026-01-17 19:53:31 [websocket-heartbeat-1] INFO  c.z.n.s.i.o.p.p.NotificationRepositoryAdapter - finding notifications with status: PENDING and scheduledAt before: 2026-01-17T19:53:31.821021500
2026-01-17 19:53:31 [websocket-heartbeat-1] INFO  c.z.n.s.d.u.NotificationProcessorImpl - Found 0 scheduled notifications to process
2026-01-17 19:53:31 [websocket-heartbeat-1] INFO  c.z.n.s.i.o.p.p.NotificationRepositoryAdapter - finding notifications with status: PENDING and scheduledAt before: 2026-01-17T19:53:31.826310700
2026-01-17 19:53:31 [websocket-heartbeat-1] INFO  c.z.n.s.d.u.NotificationProcessorImpl - Found 0 scheduled notifications to process
2026-01-17 19:53:31 [websocket-heartbeat-1] INFO  c.z.n.s.i.o.p.p.NotificationRepositoryAdapter - finding notifications with status: FAILED and retryCount less than: 3
2026-01-17 19:53:31 [websocket-heartbeat-1] INFO  c.z.n.s.d.u.NotificationProcessorImpl - Found 0 failed notifications to retry
2026-01-17 19:53:31 [websocket-heartbeat-1] INFO  c.z.n.s.i.o.p.p.NotificationRepositoryAdapter - finding notifications with status: PENDING and scheduledAt before: 2026-01-17T19:53:31.833683100
2026-01-17 19:53:31 [websocket-heartbeat-1] INFO  c.z.n.s.d.u.NotificationProcessorImpl - Found 0 scheduled notifications to process
2026-01-17 19:53:31 [websocket-heartbeat-1] INFO  c.z.n.s.i.o.p.p.NotificationRepositoryAdapter - finding notifications with status: PENDING and scheduledAt before: 2026-01-17T19:53:31.839821200
2026-01-17 19:53:31 [websocket-heartbeat-1] INFO  c.z.n.s.d.u.NotificationProcessorImpl - Found 0 scheduled notifications to process
2026-01-17 19:53:31 [websocket-heartbeat-1] INFO  c.z.n.s.i.o.p.p.NotificationRepositoryAdapter - finding notifications with status: PENDING and scheduledAt before: 2026-01-17T19:53:31.844327600
2026-01-17 19:53:31 [websocket-heartbeat-1] INFO  c.z.n.s.d.u.NotificationProcessorImpl - Found 0 scheduled notifications to process
2026-01-17 19:53:31 [websocket-heartbeat-1] INFO  c.z.n.s.i.o.p.p.NotificationRepositoryAdapter - finding notifications with status: PENDING and scheduledAt before: 2026-01-17T19:53:31.847336500
2026-01-17 19:53:31 [websocket-heartbeat-1] INFO  c.z.n.s.d.u.NotificationProcessorImpl - Found 0 scheduled notifications to process
2026-01-17 19:53:31 [websocket-heartbeat-1] INFO  c.z.n.s.i.o.p.p.NotificationRepositoryAdapter - finding notifications with status: PENDING and scheduledAt before: 2026-01-17T19:53:31.852336700
2026-01-17 19:53:31 [websocket-heartbeat-1] INFO  c.z.n.s.d.u.NotificationProcessorImpl - Found 0 scheduled notifications to process
2026-01-17 19:53:31 [websocket-heartbeat-1] INFO  c.z.n.s.i.o.p.p.NotificationRepositoryAdapter - finding notifications with status: FAILED and retryCount less than: 3
2026-01-17 19:53:31 [websocket-heartbeat-1] INFO  c.z.n.s.d.u.NotificationProcessorImpl - Found 0 failed notifications to retry
2026-01-17 19:53:31 [websocket-heartbeat-1] INFO  c.z.n.s.i.o.p.p.NotificationRepositoryAdapter - finding notifications with status: PENDING and scheduledAt before: 2026-01-17T19:53:31.860920400
2026-01-17 19:53:31 [websocket-heartbeat-1] INFO  c.z.n.s.d.u.NotificationProcessorImpl - Found 0 scheduled notifications to process
2026-01-17 19:53:31 [websocket-heartbeat-1] INFO  c.z.n.s.i.o.p.p.NotificationRepositoryAdapter - finding notifications with status: PENDING and scheduledAt before: 2026-01-17T19:53:31.863921500
2026-01-17 19:53:31 [websocket-heartbeat-1] INFO  c.z.n.s.d.u.NotificationProcessorImpl - Found 0 scheduled notifications to process
2026-01-17 19:53:31 [websocket-heartbeat-1] INFO  c.z.n.s.i.o.p.p.NotificationRepositoryAdapter - finding notifications with status: PENDING and scheduledAt before: 2026-01-17T19:53:31.867435600
2026-01-17 19:53:31 [websocket-heartbeat-1] INFO  c.z.n.s.d.u.NotificationProcessorImpl - Found 0 scheduled notifications to process
2026-01-17 19:53:31 [websocket-heartbeat-1] INFO  c.z.n.s.i.o.p.p.NotificationRepositoryAdapter - finding notifications with status: PENDING and scheduledAt before: 2026-01-17T19:53:31.871434700
2026-01-17 19:53:31 [websocket-heartbeat-1] INFO  c.z.n.s.d.u.NotificationProcessorImpl - Found 0 scheduled notifications to process
2026-01-17 19:53:31 [websocket-heartbeat-1] INFO  c.z.n.s.i.o.p.p.NotificationRepositoryAdapter - finding notifications with status: PENDING and scheduledAt before: 2026-01-17T19:53:31.874435200
2026-01-17 19:53:31 [websocket-heartbeat-1] INFO  c.z.n.s.d.u.NotificationProcessorImpl - Found 0 scheduled notifications to process
2026-01-17 19:53:31 [websocket-heartbeat-1] INFO  c.z.n.s.i.o.p.p.NotificationRepositoryAdapter - finding notifications with status: FAILED and retryCount less than: 3
2026-01-17 19:53:31 [websocket-heartbeat-1] INFO  c.z.n.s.d.u.NotificationProcessorImpl - Found 0 failed notifications to retry
2026-01-17 19:53:31 [websocket-heartbeat-1] INFO  c.z.n.s.i.o.p.p.NotificationRepositoryAdapter - finding notifications with status: PENDING and scheduledAt before: 2026-01-17T19:53:31.882468700
2026-01-17 19:53:31 [websocket-heartbeat-1] INFO  c.z.n.s.d.u.NotificationProcessorImpl - Found 0 scheduled notifications to process
2026-01-17 19:53:31 [websocket-heartbeat-1] INFO  c.z.n.s.i.o.p.p.NotificationRepositoryAdapter - finding notifications with status: PENDING and scheduledAt before: 2026-01-17T19:53:31.887523200
2026-01-17 19:53:31 [websocket-heartbeat-1] INFO  c.z.n.s.d.u.NotificationProcessorImpl - Found 0 scheduled notifications to process
2026-01-17 19:53:31 [websocket-heartbeat-1] INFO  c.z.n.s.i.o.p.p.NotificationRepositoryAdapter - finding notifications with status: PENDING and scheduledAt before: 2026-01-17T19:53:31.891521900
2026-01-17 19:53:31 [websocket-heartbeat-1] INFO  c.z.n.s.d.u.NotificationProcessorImpl - Found 0 scheduled notifications to process
2026-01-17 19:53:31 [websocket-heartbeat-1] INFO  c.z.n.s.i.o.p.p.NotificationRepositoryAdapter - finding notifications with status: PENDING and scheduledAt before: 2026-01-17T19:53:31.896033600
2026-01-17 19:53:31 [websocket-heartbeat-1] INFO  c.z.n.s.d.u.NotificationProcessorImpl - Found 0 scheduled notifications to process
2026-01-17 19:53:31 [websocket-heartbeat-1] INFO  c.z.n.s.i.o.p.p.NotificationRepositoryAdapter - finding notifications with status: PENDING and scheduledAt before: 2026-01-17T19:53:31.900681200
2026-01-17 19:53:31 [websocket-heartbeat-1] INFO  c.z.n.s.d.u.NotificationProcessorImpl - Found 0 scheduled notifications to process
2026-01-17 19:53:31 [websocket-heartbeat-1] INFO  c.z.n.s.i.o.p.p.NotificationRepositoryAdapter - finding notifications with status: FAILED and retryCount less than: 3
2026-01-17 19:53:31 [websocket-heartbeat-1] INFO  c.z.n.s.d.u.NotificationProcessorImpl - Found 0 failed notifications to retry
2026-01-17 19:53:31 [websocket-heartbeat-1] INFO  c.z.n.s.i.o.p.p.NotificationRepositoryAdapter - finding notifications with status: PENDING and scheduledAt before: 2026-01-17T19:53:31.909195400
2026-01-17 19:53:31 [websocket-heartbeat-1] INFO  c.z.n.s.d.u.NotificationProcessorImpl - Found 0 scheduled notifications to process
2026-01-17 19:53:31 [websocket-heartbeat-1] INFO  c.z.n.s.i.o.p.p.NotificationRepositoryAdapter - finding notifications with status: PENDING and scheduledAt before: 2026-01-17T19:53:31.914197
2026-01-17 19:53:31 [websocket-heartbeat-1] INFO  c.z.n.s.d.u.NotificationProcessorImpl - Found 0 scheduled notifications to process
2026-01-17 19:53:31 [websocket-heartbeat-1] INFO  c.z.n.s.i.o.p.p.NotificationRepositoryAdapter - finding notifications with status: PENDING and scheduledAt before: 2026-01-17T19:53:31.918196100
2026-01-17 19:53:31 [websocket-heartbeat-1] INFO  c.z.n.s.d.u.NotificationProcessorImpl - Found 0 scheduled notifications to process
2026-01-17 19:53:31 [websocket-heartbeat-1] INFO  c.z.n.s.i.o.p.p.NotificationRepositoryAdapter - finding notifications with status: PENDING and scheduledAt before: 2026-01-17T19:53:31.922738800
2026-01-17 19:53:31 [websocket-heartbeat-1] INFO  c.z.n.s.d.u.NotificationProcessorImpl - Found 0 scheduled notifications to process
2026-01-17 19:53:31 [websocket-heartbeat-1] INFO  c.z.n.s.i.o.p.p.NotificationRepositoryAdapter - finding notifications with status: PENDING and scheduledAt before: 2026-01-17T19:53:31.925737200
2026-01-17 19:53:31 [websocket-heartbeat-1] INFO  c.z.n.s.d.u.NotificationProcessorImpl - Found 0 scheduled notifications to process
2026-01-17 19:53:31 [websocket-heartbeat-1] INFO  c.z.n.s.i.o.p.p.NotificationRepositoryAdapter - finding notifications with status: FAILED and retryCount less than: 3
2026-01-17 19:53:31 [websocket-heartbeat-1] INFO  c.z.n.s.d.u.NotificationProcessorImpl - Found 0 failed notifications to retry
2026-01-17 19:53:31 [websocket-heartbeat-1] INFO  c.z.n.s.i.o.p.p.NotificationRepositoryAdapter - finding notifications with status: PENDING and scheduledAt before: 2026-01-17T19:53:31.936320800
2026-01-17 19:53:31 [websocket-heartbeat-1] INFO  c.z.n.s.d.u.NotificationProcessorImpl - Found 0 scheduled notifications to process
2026-01-17 19:53:31 [websocket-heartbeat-1] INFO  c.z.n.s.i.o.p.p.NotificationRepositoryAdapter - finding notifications with status: PENDING and scheduledAt before: 2026-01-17T19:53:31.940687400
2026-01-17 19:53:31 [websocket-heartbeat-1] INFO  c.z.n.s.d.u.NotificationProcessorImpl - Found 0 scheduled notifications to process
2026-01-17 19:53:31 [websocket-heartbeat-1] INFO  c.z.n.s.i.o.p.p.NotificationRepositoryAdapter - finding notifications with status: PENDING and scheduledAt before: 2026-01-17T19:53:31.944705900
2026-01-17 19:53:31 [websocket-heartbeat-1] INFO  c.z.n.s.d.u.NotificationProcessorImpl - Found 0 scheduled notifications to process
2026-01-17 19:53:31 [websocket-heartbeat-1] INFO  c.z.n.s.i.o.p.p.NotificationRepositoryAdapter - finding notifications with status: PENDING and scheduledAt before: 2026-01-17T19:53:31.948731600
2026-01-17 19:53:31 [websocket-heartbeat-1] INFO  c.z.n.s.d.u.NotificationProcessorImpl - Found 0 scheduled notifications to process
2026-01-17 19:53:31 [websocket-heartbeat-1] INFO  c.z.n.s.i.o.p.p.NotificationRepositoryAdapter - finding notifications with status: PENDING and scheduledAt before: 2026-01-17T19:53:31.953296100
2026-01-17 19:53:31 [websocket-heartbeat-1] INFO  c.z.n.s.d.u.NotificationProcessorImpl - Found 0 scheduled notifications to process
2026-01-17 19:53:31 [websocket-heartbeat-1] INFO  c.z.n.s.i.o.p.p.NotificationRepositoryAdapter - finding notifications with status: FAILED and retryCount less than: 3
2026-01-17 19:53:31 [websocket-heartbeat-1] INFO  c.z.n.s.d.u.NotificationProcessorImpl - Found 0 failed notifications to retry
2026-01-17 19:53:31 [websocket-heartbeat-1] INFO  c.z.n.s.i.o.p.p.NotificationRepositoryAdapter - finding notifications with status: PENDING and scheduledAt before: 2026-01-17T19:53:31.959855200
2026-01-17 19:53:31 [websocket-heartbeat-1] INFO  c.z.n.s.d.u.NotificationProcessorImpl - Found 0 scheduled notifications to process
2026-01-17 19:53:31 [websocket-heartbeat-1] INFO  c.z.n.s.i.o.p.p.NotificationRepositoryAdapter - finding notifications with status: PENDING and scheduledAt before: 2026-01-17T19:53:31.964365600
2026-01-17 19:53:31 [websocket-heartbeat-1] INFO  c.z.n.s.d.u.NotificationProcessorImpl - Found 0 scheduled notifications to process
2026-01-17 19:53:31 [websocket-heartbeat-1] INFO  c.z.n.s.i.o.p.p.NotificationRepositoryAdapter - finding notifications with status: PENDING and scheduledAt before: 2026-01-17T19:53:31.968876900
2026-01-17 19:53:31 [websocket-heartbeat-1] INFO  c.z.n.s.d.u.NotificationProcessorImpl - Found 0 scheduled notifications to process
2026-01-17 19:53:31 [websocket-heartbeat-1] INFO  c.z.n.s.i.o.p.p.NotificationRepositoryAdapter - finding notifications with status: PENDING and scheduledAt before: 2026-01-17T19:53:31.973946800
2026-01-17 19:53:31 [websocket-heartbeat-1] INFO  c.z.n.s.d.u.NotificationProcessorImpl - Found 0 scheduled notifications to process
2026-01-17 19:53:31 [websocket-heartbeat-1] INFO  c.z.n.s.i.o.p.p.NotificationRepositoryAdapter - finding notifications with status: PENDING and scheduledAt before: 2026-01-17T19:53:31.978947
2026-01-17 19:53:31 [websocket-heartbeat-1] INFO  c.z.n.s.d.u.NotificationProcessorImpl - Found 0 scheduled notifications to process
2026-01-17 19:53:31 [websocket-heartbeat-1] INFO  c.z.n.s.i.o.p.p.NotificationRepositoryAdapter - finding notifications with status: FAILED and retryCount less than: 3
2026-01-17 19:53:31 [websocket-heartbeat-1] INFO  c.z.n.s.d.u.NotificationProcessorImpl - Found 0 failed notifications to retry
2026-01-17 19:53:31 [websocket-heartbeat-1] INFO  c.z.n.s.i.o.p.p.NotificationRepositoryAdapter - finding notifications with status: PENDING and scheduledAt before: 2026-01-17T19:53:31.988464700
2026-01-17 19:53:31 [websocket-heartbeat-1] INFO  c.z.n.s.d.u.NotificationProcessorImpl - Found 0 scheduled notifications to process
2026-01-17 19:53:31 [websocket-heartbeat-1] INFO  c.z.n.s.i.o.p.p.NotificationRepositoryAdapter - finding notifications with status: PENDING and scheduledAt before: 2026-01-17T19:53:31.994490300
2026-01-17 19:53:31 [websocket-heartbeat-1] INFO  c.z.n.s.d.u.NotificationProcessorImpl - Found 0 scheduled notifications to process
2026-01-17 19:53:31 [websocket-heartbeat-1] INFO  c.z.n.s.i.o.p.p.NotificationRepositoryAdapter - finding notifications with status: PENDING and scheduledAt before: 2026-01-17T19:53:31.998999900
2026-01-17 19:53:32 [websocket-heartbeat-1] INFO  c.z.n.s.d.u.NotificationProcessorImpl - Found 0 scheduled notifications to process
2026-01-17 19:53:32 [websocket-heartbeat-1] INFO  c.z.n.s.i.o.p.p.NotificationRepositoryAdapter - finding notifications with status: PENDING and scheduledAt before: 2026-01-17T19:53:32.005034800
2026-01-17 19:53:32 [websocket-heartbeat-1] INFO  c.z.n.s.d.u.NotificationProcessorImpl - Found 0 scheduled notifications to process
2026-01-17 19:53:32 [websocket-heartbeat-1] INFO  c.z.n.s.i.o.p.p.NotificationRepositoryAdapter - finding notifications with status: PENDING and scheduledAt before: 2026-01-17T19:53:32.010542100
2026-01-17 19:53:32 [websocket-heartbeat-1] INFO  c.z.n.s.d.u.NotificationProcessorImpl - Found 0 scheduled notifications to process
2026-01-17 19:53:32 [websocket-heartbeat-1] INFO  c.z.n.s.i.o.p.p.NotificationRepositoryAdapter - finding notifications with status: FAILED and retryCount less than: 3
2026-01-17 19:53:32 [websocket-heartbeat-1] INFO  c.z.n.s.d.u.NotificationProcessorImpl - Found 0 failed notifications to retry
2026-01-17 19:53:32 [websocket-heartbeat-1] INFO  c.z.n.s.i.o.p.p.NotificationRepositoryAdapter - finding notifications with status: PENDING and scheduledAt before: 2026-01-17T19:53:32.025169100
2026-01-17 19:53:32 [websocket-heartbeat-1] INFO  c.z.n.s.d.u.NotificationProcessorImpl - Found 0 scheduled notifications to process
2026-01-17 19:53:32 [websocket-heartbeat-1] INFO  c.z.n.s.i.o.p.p.NotificationRepositoryAdapter - finding notifications with status: PENDING and scheduledAt before: 2026-01-17T19:53:32.030170300
2026-01-17 19:53:32 [websocket-heartbeat-1] INFO  c.z.n.s.d.u.NotificationProcessorImpl - Found 0 scheduled notifications to process
2026-01-17 19:53:32 [websocket-heartbeat-1] INFO  c.z.n.s.i.o.p.p.NotificationRepositoryAdapter - finding notifications with status: PENDING and scheduledAt before: 2026-01-17T19:53:32.034691300
2026-01-17 19:53:32 [websocket-heartbeat-1] INFO  c.z.n.s.d.u.NotificationProcessorImpl - Found 0 scheduled notifications to process
2026-01-17 19:53:32 [websocket-heartbeat-1] INFO  c.z.n.s.i.o.p.p.NotificationRepositoryAdapter - finding notifications with status: PENDING and scheduledAt before: 2026-01-17T19:53:32.038692300
2026-01-17 19:53:32 [websocket-heartbeat-1] INFO  c.z.n.s.d.u.NotificationProcessorImpl - Found 0 scheduled notifications to process
2026-01-17 19:53:32 [websocket-heartbeat-1] INFO  c.z.n.s.i.o.p.p.NotificationRepositoryAdapter - finding notifications with status: PENDING and scheduledAt before: 2026-01-17T19:53:32.050107100
2026-01-17 19:53:32 [websocket-heartbeat-1] INFO  c.z.n.s.d.u.NotificationProcessorImpl - Found 0 scheduled notifications to process
2026-01-17 19:53:32 [websocket-heartbeat-1] INFO  c.z.n.s.i.o.p.p.NotificationRepositoryAdapter - finding notifications with status: FAILED and retryCount less than: 3
2026-01-17 19:53:32 [websocket-heartbeat-1] INFO  c.z.n.s.d.u.NotificationProcessorImpl - Found 0 failed notifications to retry
2026-01-17 19:53:32 [websocket-heartbeat-1] INFO  c.z.n.s.i.o.p.p.NotificationRepositoryAdapter - finding notifications with status: PENDING and scheduledAt before: 2026-01-17T19:53:32.058620200
2026-01-17 19:53:32 [websocket-heartbeat-1] INFO  c.z.n.s.d.u.NotificationProcessorImpl - Found 0 scheduled notifications to process
2026-01-17 19:53:32 [websocket-heartbeat-1] INFO  c.z.n.s.i.o.p.p.NotificationRepositoryAdapter - finding notifications with status: PENDING and scheduledAt before: 2026-01-17T19:53:32.062620200
2026-01-17 19:53:32 [websocket-heartbeat-1] INFO  c.z.n.s.d.u.NotificationProcessorImpl - Found 0 scheduled notifications to process
2026-01-17 19:53:32 [websocket-heartbeat-1] INFO  c.z.n.s.i.o.p.p.NotificationRepositoryAdapter - finding notifications with status: PENDING and scheduledAt before: 2026-01-17T19:53:32.065126700
2026-01-17 19:53:32 [websocket-heartbeat-1] INFO  c.z.n.s.d.u.NotificationProcessorImpl - Found 0 scheduled notifications to process
2026-01-17 19:53:32 [websocket-heartbeat-1] INFO  c.z.n.s.i.o.p.p.NotificationRepositoryAdapter - finding notifications with status: PENDING and scheduledAt before: 2026-01-17T19:53:32.068134400
2026-01-17 19:53:32 [websocket-heartbeat-1] INFO  c.z.n.s.d.u.NotificationProcessorImpl - Found 0 scheduled notifications to process
2026-01-17 19:53:32 [websocket-heartbeat-1] INFO  c.z.n.s.i.o.p.p.NotificationRepositoryAdapter - finding notifications with status: PENDING and scheduledAt before: 2026-01-17T19:53:32.071134400
2026-01-17 19:53:32 [websocket-heartbeat-1] INFO  c.z.n.s.d.u.NotificationProcessorImpl - Found 0 scheduled notifications to process
2026-01-17 19:53:32 [websocket-heartbeat-1] INFO  c.z.n.s.i.o.p.p.NotificationRepositoryAdapter - finding notifications with status: FAILED and retryCount less than: 3
2026-01-17 19:53:32 [websocket-heartbeat-1] INFO  c.z.n.s.d.u.NotificationProcessorImpl - Found 0 failed notifications to retry
2026-01-17 19:53:32 [websocket-heartbeat-1] INFO  c.z.n.s.i.o.p.p.NotificationRepositoryAdapter - finding notifications with status: PENDING and scheduledAt before: 2026-01-17T19:53:32.078134
2026-01-17 19:53:32 [websocket-heartbeat-1] INFO  c.z.n.s.d.u.NotificationProcessorImpl - Found 0 scheduled notifications to process
2026-01-17 19:53:32 [websocket-heartbeat-1] INFO  c.z.n.s.i.o.p.p.NotificationRepositoryAdapter - finding notifications with status: PENDING and scheduledAt before: 2026-01-17T19:53:32.080640100
2026-01-17 19:53:32 [websocket-heartbeat-1] INFO  c.z.n.s.d.u.NotificationProcessorImpl - Found 0 scheduled notifications to process
2026-01-17 19:53:32 [websocket-heartbeat-1] INFO  c.z.n.s.i.o.p.p.NotificationRepositoryAdapter - finding notifications with status: PENDING and scheduledAt before: 2026-01-17T19:53:32.084649900
2026-01-17 19:53:32 [websocket-heartbeat-1] INFO  c.z.n.s.d.u.NotificationProcessorImpl - Found 0 scheduled notifications to process
2026-01-17 19:53:32 [websocket-heartbeat-1] INFO  c.z.n.s.i.o.p.p.NotificationRepositoryAdapter - finding notifications with status: PENDING and scheduledAt before: 2026-01-17T19:53:32.094163400
2026-01-17 19:53:32 [websocket-heartbeat-1] INFO  c.z.n.s.d.u.NotificationProcessorImpl - Found 0 scheduled notifications to process
2026-01-17 19:53:32 [websocket-heartbeat-1] INFO  c.z.n.s.i.o.p.p.NotificationRepositoryAdapter - finding notifications with status: PENDING and scheduledAt before: 2026-01-17T19:53:32.097668900
2026-01-17 19:53:32 [websocket-heartbeat-1] INFO  c.z.n.s.d.u.NotificationProcessorImpl - Found 0 scheduled notifications to process
2026-01-17 19:53:32 [websocket-heartbeat-1] INFO  c.z.n.s.i.o.p.p.NotificationRepositoryAdapter - finding notifications with status: FAILED and retryCount less than: 3
2026-01-17 19:53:32 [websocket-heartbeat-1] INFO  c.z.n.s.d.u.NotificationProcessorImpl - Found 0 failed notifications to retry
2026-01-17 19:53:32 [websocket-heartbeat-1] INFO  c.z.n.s.i.o.p.p.NotificationRepositoryAdapter - finding notifications with status: PENDING and scheduledAt before: 2026-01-17T19:53:32.103676500
2026-01-17 19:53:32 [websocket-heartbeat-1] INFO  c.z.n.s.d.u.NotificationProcessorImpl - Found 0 scheduled notifications to process
2026-01-17 19:53:32 [websocket-heartbeat-1] INFO  c.z.n.s.i.o.p.p.NotificationRepositoryAdapter - finding notifications with status: PENDING and scheduledAt before: 2026-01-17T19:53:32.106676600
2026-01-17 19:53:32 [websocket-heartbeat-1] INFO  c.z.n.s.d.u.NotificationProcessorImpl - Found 0 scheduled notifications to process
2026-01-17 19:53:32 [websocket-heartbeat-1] INFO  c.z.n.s.i.o.p.p.NotificationRepositoryAdapter - finding notifications with status: PENDING and scheduledAt before: 2026-01-17T19:53:32.110676900
2026-01-17 19:53:32 [websocket-heartbeat-1] INFO  c.z.n.s.d.u.NotificationProcessorImpl - Found 0 scheduled notifications to process
2026-01-17 19:53:32 [websocket-heartbeat-1] INFO  c.z.n.s.i.o.p.p.NotificationRepositoryAdapter - finding notifications with status: PENDING and scheduledAt before: 2026-01-17T19:53:32.115193300
2026-01-17 19:53:32 [websocket-heartbeat-1] INFO  c.z.n.s.d.u.NotificationProcessorImpl - Found 0 scheduled notifications to process
2026-01-17 19:53:32 [websocket-heartbeat-1] INFO  c.z.n.s.i.o.p.p.NotificationRepositoryAdapter - finding notifications with status: PENDING and scheduledAt before: 2026-01-17T19:53:32.118192400
2026-01-17 19:53:32 [websocket-heartbeat-1] INFO  c.z.n.s.d.u.NotificationProcessorImpl - Found 0 scheduled notifications to process
2026-01-17 19:53:32 [websocket-heartbeat-1] INFO  c.z.n.s.i.o.p.p.NotificationRepositoryAdapter - finding notifications with status: FAILED and retryCount less than: 3
2026-01-17 19:53:32 [websocket-heartbeat-1] INFO  c.z.n.s.d.u.NotificationProcessorImpl - Found 0 failed notifications to retry
2026-01-17 19:53:32 [websocket-heartbeat-1] INFO  c.z.n.s.i.o.p.p.NotificationRepositoryAdapter - finding notifications with status: PENDING and scheduledAt before: 2026-01-17T19:53:32.124193800
2026-01-17 19:53:32 [websocket-heartbeat-1] INFO  c.z.n.s.d.u.NotificationProcessorImpl - Found 0 scheduled notifications to process
2026-01-17 19:53:32 [websocket-heartbeat-1] INFO  c.z.n.s.i.o.p.p.NotificationRepositoryAdapter - finding notifications with status: PENDING and scheduledAt before: 2026-01-17T19:53:32.128193900
2026-01-17 19:53:32 [websocket-heartbeat-1] INFO  c.z.n.s.d.u.NotificationProcessorImpl - Found 0 scheduled notifications to process
2026-01-17 19:53:32 [websocket-heartbeat-1] INFO  c.z.n.s.i.o.p.p.NotificationRepositoryAdapter - finding notifications with status: PENDING and scheduledAt before: 2026-01-17T19:53:32.148707600
2026-01-17 19:53:32 [websocket-heartbeat-1] INFO  c.z.n.s.d.u.NotificationProcessorImpl - Found 0 scheduled notifications to process
2026-01-17 19:53:32 [websocket-heartbeat-1] INFO  c.z.n.s.i.o.p.p.NotificationRepositoryAdapter - finding notifications with status: PENDING and scheduledAt before: 2026-01-17T19:53:32.151707400
2026-01-17 19:53:32 [websocket-heartbeat-1] INFO  c.z.n.s.d.u.NotificationProcessorImpl - Found 0 scheduled notifications to process
2026-01-17 19:53:32 [websocket-heartbeat-1] INFO  c.z.n.s.i.o.p.p.NotificationRepositoryAdapter - finding notifications with status: PENDING and scheduledAt before: 2026-01-17T19:53:32.155708400
2026-01-17 19:53:32 [websocket-heartbeat-1] INFO  c.z.n.s.d.u.NotificationProcessorImpl - Found 0 scheduled notifications to process
2026-01-17 19:53:32 [websocket-heartbeat-1] INFO  c.z.n.s.i.o.p.p.NotificationRepositoryAdapter - finding notifications with status: FAILED and retryCount less than: 3
2026-01-17 19:53:32 [websocket-heartbeat-1] INFO  c.z.n.s.d.u.NotificationProcessorImpl - Found 0 failed notifications to retry
2026-01-17 19:53:32 [websocket-heartbeat-1] INFO  c.z.n.s.i.o.p.p.NotificationRepositoryAdapter - finding notifications with status: PENDING and scheduledAt before: 2026-01-17T19:53:32.162066300
2026-01-17 19:53:32 [websocket-heartbeat-1] INFO  c.z.n.s.d.u.NotificationProcessorImpl - Found 0 scheduled notifications to process
2026-01-17 19:53:32 [websocket-heartbeat-1] INFO  c.z.n.s.i.o.p.p.NotificationRepositoryAdapter - finding notifications with status: PENDING and scheduledAt before: 2026-01-17T19:53:32.165073400
2026-01-17 19:53:32 [websocket-heartbeat-1] INFO  c.z.n.s.d.u.NotificationProcessorImpl - Found 0 scheduled notifications to process
2026-01-17 19:53:32 [websocket-heartbeat-1] INFO  c.z.n.s.i.o.p.p.NotificationRepositoryAdapter - finding notifications with status: PENDING and scheduledAt before: 2026-01-17T19:53:32.169075400
2026-01-17 19:53:32 [websocket-heartbeat-1] INFO  c.z.n.s.d.u.NotificationProcessorImpl - Found 0 scheduled notifications to process
2026-01-17 19:53:32 [websocket-heartbeat-1] INFO  c.z.n.s.i.o.p.p.NotificationRepositoryAdapter - finding notifications with status: PENDING and scheduledAt before: 2026-01-17T19:53:32.172075900
2026-01-17 19:53:32 [websocket-heartbeat-1] INFO  c.z.n.s.d.u.NotificationProcessorImpl - Found 0 scheduled notifications to process
2026-01-17 19:53:32 [websocket-heartbeat-1] INFO  c.z.n.s.i.o.p.p.NotificationRepositoryAdapter - finding notifications with status: PENDING and scheduledAt before: 2026-01-17T19:53:32.182617900
2026-01-17 19:53:32 [websocket-heartbeat-1] INFO  c.z.n.s.d.u.NotificationProcessorImpl - Found 0 scheduled notifications to process
2026-01-17 19:53:32 [websocket-heartbeat-1] INFO  c.z.n.s.i.o.p.p.NotificationRepositoryAdapter - finding notifications with status: FAILED and retryCount less than: 3
2026-01-17 19:53:32 [websocket-heartbeat-1] INFO  c.z.n.s.d.u.NotificationProcessorImpl - Found 0 failed notifications to retry
2026-01-17 19:53:32 [websocket-heartbeat-1] INFO  c.z.n.s.i.o.p.p.NotificationRepositoryAdapter - finding notifications with status: PENDING and scheduledAt before: 2026-01-17T19:53:32.198639900
2026-01-17 19:53:32 [websocket-heartbeat-1] INFO  c.z.n.s.d.u.NotificationProcessorImpl - Found 0 scheduled notifications to process
2026-01-17 19:53:32 [websocket-heartbeat-1] INFO  c.z.n.s.i.o.p.p.NotificationRepositoryAdapter - finding notifications with status: PENDING and scheduledAt before: 2026-01-17T19:53:32.204640700
2026-01-17 19:53:32 [websocket-heartbeat-1] INFO  c.z.n.s.d.u.NotificationProcessorImpl - Found 0 scheduled notifications to process
2026-01-17 19:53:32 [websocket-heartbeat-1] INFO  c.z.n.s.i.o.p.p.NotificationRepositoryAdapter - finding notifications with status: PENDING and scheduledAt before: 2026-01-17T19:53:32.208640200
2026-01-17 19:53:32 [websocket-heartbeat-1] INFO  c.z.n.s.d.u.NotificationProcessorImpl - Found 0 scheduled notifications to process
2026-01-17 19:53:32 [websocket-heartbeat-1] INFO  c.z.n.s.i.o.p.p.NotificationRepositoryAdapter - finding notifications with status: PENDING and scheduledAt before: 2026-01-17T19:53:32.211725400
2026-01-17 19:53:32 [websocket-heartbeat-1] INFO  c.z.n.s.d.u.NotificationProcessorImpl - Found 0 scheduled notifications to process
2026-01-17 19:53:32 [websocket-heartbeat-1] INFO  c.z.n.s.i.o.p.p.NotificationRepositoryAdapter - finding notifications with status: PENDING and scheduledAt before: 2026-01-17T19:53:32.214724700
2026-01-17 19:53:32 [websocket-heartbeat-1] INFO  c.z.n.s.d.u.NotificationProcessorImpl - Found 0 scheduled notifications to process
2026-01-17 19:53:32 [websocket-heartbeat-1] INFO  c.z.n.s.i.o.p.p.NotificationRepositoryAdapter - finding notifications with status: FAILED and retryCount less than: 3
2026-01-17 19:53:32 [websocket-heartbeat-1] INFO  c.z.n.s.d.u.NotificationProcessorImpl - Found 0 failed notifications to retry
2026-01-17 19:53:32 [websocket-heartbeat-1] INFO  c.z.n.s.i.o.p.p.NotificationRepositoryAdapter - finding notifications with status: PENDING and scheduledAt before: 2026-01-17T19:53:32.220230800
2026-01-17 19:53:32 [websocket-heartbeat-1] INFO  c.z.n.s.d.u.NotificationProcessorImpl - Found 0 scheduled notifications to process
2026-01-17 19:53:32 [websocket-heartbeat-1] INFO  c.z.n.s.i.o.p.p.NotificationRepositoryAdapter - finding notifications with status: PENDING and scheduledAt before: 2026-01-17T19:53:32.224238800
2026-01-17 19:53:32 [websocket-heartbeat-1] INFO  c.z.n.s.d.u.NotificationProcessorImpl - Found 0 scheduled notifications to process
2026-01-17 19:53:32 [websocket-heartbeat-1] INFO  c.z.n.s.i.o.p.p.NotificationRepositoryAdapter - finding notifications with status: PENDING and scheduledAt before: 2026-01-17T19:53:32.227238600
2026-01-17 19:53:32 [websocket-heartbeat-1] INFO  c.z.n.s.d.u.NotificationProcessorImpl - Found 0 scheduled notifications to process
2026-01-17 19:53:32 [websocket-heartbeat-1] INFO  c.z.n.s.i.o.p.p.NotificationRepositoryAdapter - finding notifications with status: PENDING and scheduledAt before: 2026-01-17T19:53:32.231243
2026-01-17 19:53:32 [websocket-heartbeat-1] INFO  c.z.n.s.d.u.NotificationProcessorImpl - Found 0 scheduled notifications to process
2026-01-17 19:53:32 [websocket-heartbeat-1] INFO  c.z.n.s.i.o.p.p.NotificationRepositoryAdapter - finding notifications with status: PENDING and scheduledAt before: 2026-01-17T19:53:32.235238900
2026-01-17 19:53:32 [websocket-heartbeat-1] INFO  c.z.n.s.d.u.NotificationProcessorImpl - Found 0 scheduled notifications to process
2026-01-17 19:53:32 [websocket-heartbeat-1] INFO  c.z.n.s.i.o.p.p.NotificationRepositoryAdapter - finding notifications with status: FAILED and retryCount less than: 3
2026-01-17 19:53:32 [websocket-heartbeat-1] INFO  c.z.n.s.d.u.NotificationProcessorImpl - Found 0 failed notifications to retry
2026-01-17 19:53:32 [websocket-heartbeat-1] INFO  c.z.n.s.i.o.p.p.NotificationRepositoryAdapter - finding notifications with status: PENDING and scheduledAt before: 2026-01-17T19:53:32.241238300
2026-01-17 19:53:32 [websocket-heartbeat-1] INFO  c.z.n.s.d.u.NotificationProcessorImpl - Found 0 scheduled notifications to process
2026-01-17 19:53:32 [websocket-heartbeat-1] INFO  c.z.n.s.i.o.p.p.NotificationRepositoryAdapter - finding notifications with status: PENDING and scheduledAt before: 2026-01-17T19:53:32.245238500
2026-01-17 19:53:32 [websocket-heartbeat-1] INFO  c.z.n.s.d.u.NotificationProcessorImpl - Found 0 scheduled notifications to process
2026-01-17 19:53:32 [websocket-heartbeat-1] INFO  c.z.n.s.i.o.p.p.NotificationRepositoryAdapter - finding notifications with status: PENDING and scheduledAt before: 2026-01-17T19:53:32.247746600
2026-01-17 19:53:32 [websocket-heartbeat-1] INFO  c.z.n.s.d.u.NotificationProcessorImpl - Found 0 scheduled notifications to process
2026-01-17 19:53:32 [websocket-heartbeat-1] INFO  c.z.n.s.i.o.p.p.NotificationRepositoryAdapter - finding notifications with status: PENDING and scheduledAt before: 2026-01-17T19:53:32.250754
2026-01-17 19:53:32 [websocket-heartbeat-1] INFO  c.z.n.s.d.u.NotificationProcessorImpl - Found 0 scheduled notifications to process
2026-01-17 19:53:32 [websocket-heartbeat-1] INFO  c.z.n.s.i.o.p.p.NotificationRepositoryAdapter - finding notifications with status: PENDING and scheduledAt before: 2026-01-17T19:53:32.253754400
2026-01-17 19:53:32 [websocket-heartbeat-1] INFO  c.z.n.s.d.u.NotificationProcessorImpl - Found 0 scheduled notifications to process
2026-01-17 19:53:32 [websocket-heartbeat-1] INFO  c.z.n.s.i.o.p.p.NotificationRepositoryAdapter - finding notifications with status: FAILED and retryCount less than: 3
2026-01-17 19:53:32 [websocket-heartbeat-1] INFO  c.z.n.s.d.u.NotificationProcessorImpl - Found 0 failed notifications to retry
2026-01-17 19:53:32 [websocket-heartbeat-1] INFO  c.z.n.s.i.o.p.p.NotificationRepositoryAdapter - finding notifications with status: PENDING and scheduledAt before: 2026-01-17T19:53:32.259753600
2026-01-17 19:53:32 [websocket-heartbeat-1] INFO  c.z.n.s.d.u.NotificationProcessorImpl - Found 0 scheduled notifications to process
2026-01-17 19:53:32 [websocket-heartbeat-1] INFO  c.z.n.s.i.o.p.p.NotificationRepositoryAdapter - finding notifications with status: PENDING and scheduledAt before: 2026-01-17T19:53:32.262752800
2026-01-17 19:53:32 [websocket-heartbeat-1] INFO  c.z.n.s.d.u.NotificationProcessorImpl - Found 0 scheduled notifications to process
2026-01-17 19:53:32 [websocket-heartbeat-1] INFO  c.z.n.s.i.o.p.p.NotificationRepositoryAdapter - finding notifications with status: PENDING and scheduledAt before: 2026-01-17T19:53:32.265752500
2026-01-17 19:53:32 [websocket-heartbeat-1] INFO  c.z.n.s.d.u.NotificationProcessorImpl - Found 0 scheduled notifications to process
2026-01-17 19:53:32 [websocket-heartbeat-1] INFO  c.z.n.s.i.o.p.p.NotificationRepositoryAdapter - finding notifications with status: PENDING and scheduledAt before: 2026-01-17T19:53:32.268702500
2026-01-17 19:53:32 [websocket-heartbeat-1] INFO  c.z.n.s.d.u.NotificationProcessorImpl - Found 0 scheduled notifications to process
2026-01-17 19:53:32 [websocket-heartbeat-1] INFO  c.z.n.s.i.o.p.p.NotificationRepositoryAdapter - finding notifications with status: PENDING and scheduledAt before: 2026-01-17T19:53:32.271755200
2026-01-17 19:53:32 [websocket-heartbeat-1] INFO  c.z.n.s.d.u.NotificationProcessorImpl - Found 0 scheduled notifications to process
2026-01-17 19:53:32 [websocket-heartbeat-1] INFO  c.z.n.s.i.o.p.p.NotificationRepositoryAdapter - finding notifications with status: FAILED and retryCount less than: 3
2026-01-17 19:53:32 [websocket-heartbeat-1] INFO  c.z.n.s.d.u.NotificationProcessorImpl - Found 0 failed notifications to retry
2026-01-17 19:53:32 [websocket-heartbeat-1] INFO  c.z.n.s.i.o.p.p.NotificationRepositoryAdapter - finding notifications with status: PENDING and scheduledAt before: 2026-01-17T19:53:32.278754300
2026-01-17 19:53:32 [websocket-heartbeat-1] INFO  c.z.n.s.d.u.NotificationProcessorImpl - Found 0 scheduled notifications to process
2026-01-17 19:53:32 [websocket-heartbeat-1] INFO  c.z.n.s.i.o.p.p.NotificationRepositoryAdapter - finding notifications with status: PENDING and scheduledAt before: 2026-01-17T19:53:32.282275800
2026-01-17 19:53:32 [websocket-heartbeat-1] INFO  c.z.n.s.d.u.NotificationProcessorImpl - Found 0 scheduled notifications to process
2026-01-17 19:53:32 [websocket-heartbeat-1] INFO  c.z.n.s.i.o.p.p.NotificationRepositoryAdapter - finding notifications with status: PENDING and scheduledAt before: 2026-01-17T19:53:32.286268300
2026-01-17 19:53:32 [websocket-heartbeat-1] INFO  c.z.n.s.d.u.NotificationProcessorImpl - Found 0 scheduled notifications to process
2026-01-17 19:53:32 [websocket-heartbeat-1] INFO  c.z.n.s.i.o.p.p.NotificationRepositoryAdapter - finding notifications with status: PENDING and scheduledAt before: 2026-01-17T19:53:32.289267900
2026-01-17 19:53:32 [websocket-heartbeat-1] INFO  c.z.n.s.d.u.NotificationProcessorImpl - Found 0 scheduled notifications to process
2026-01-17 19:53:32 [websocket-heartbeat-1] INFO  c.z.n.s.i.o.p.p.NotificationRepositoryAdapter - finding notifications with status: PENDING and scheduledAt before: 2026-01-17T19:53:32.291773500
2026-01-17 19:53:32 [websocket-heartbeat-1] INFO  c.z.n.s.d.u.NotificationProcessorImpl - Found 0 scheduled notifications to process
2026-01-17 19:53:32 [websocket-heartbeat-1] INFO  c.z.n.s.i.o.p.p.NotificationRepositoryAdapter - finding notifications with status: FAILED and retryCount less than: 3
2026-01-17 19:53:32 [websocket-heartbeat-1] INFO  c.z.n.s.d.u.NotificationProcessorImpl - Found 0 failed notifications to retry
2026-01-17 19:53:32 [websocket-heartbeat-1] INFO  c.z.n.s.i.o.p.p.NotificationRepositoryAdapter - finding notifications with status: PENDING and scheduledAt before: 2026-01-17T19:53:32.297791
2026-01-17 19:53:32 [websocket-heartbeat-1] INFO  c.z.n.s.d.u.NotificationProcessorImpl - Found 0 scheduled notifications to process
2026-01-17 19:53:32 [websocket-heartbeat-1] INFO  c.z.n.s.i.o.p.p.NotificationRepositoryAdapter - finding notifications with status: PENDING and scheduledAt before: 2026-01-17T19:53:32.300789400
2026-01-17 19:53:32 [websocket-heartbeat-1] INFO  c.z.n.s.d.u.NotificationProcessorImpl - Found 0 scheduled notifications to process
2026-01-17 19:53:32 [websocket-heartbeat-1] INFO  c.z.n.s.i.o.p.p.NotificationRepositoryAdapter - finding notifications with status: PENDING and scheduledAt before: 2026-01-17T19:53:32.304301900
2026-01-17 19:53:32 [websocket-heartbeat-1] INFO  c.z.n.s.d.u.NotificationProcessorImpl - Found 0 scheduled notifications to process
2026-01-17 19:53:32 [websocket-heartbeat-1] INFO  c.z.n.s.i.o.p.p.NotificationRepositoryAdapter - finding notifications with status: PENDING and scheduledAt before: 2026-01-17T19:53:32.306301600
2026-01-17 19:53:32 [websocket-heartbeat-1] INFO  c.z.n.s.d.u.NotificationProcessorImpl - Found 0 scheduled notifications to process
2026-01-17 19:53:32 [websocket-heartbeat-1] INFO  c.z.n.s.i.o.p.p.NotificationRepositoryAdapter - finding notifications with status: PENDING and scheduledAt before: 2026-01-17T19:53:32.309302400
2026-01-17 19:53:32 [websocket-heartbeat-1] INFO  c.z.n.s.d.u.NotificationProcessorImpl - Found 0 scheduled notifications to process
2026-01-17 19:53:32 [websocket-heartbeat-1] INFO  c.z.n.s.i.o.p.p.NotificationRepositoryAdapter - finding notifications with status: FAILED and retryCount less than: 3
2026-01-17 19:53:32 [websocket-heartbeat-1] INFO  c.z.n.s.d.u.NotificationProcessorImpl - Found 0 failed notifications to retry
2026-01-17 19:53:32 [websocket-heartbeat-1] INFO  c.z.n.s.i.o.p.p.NotificationRepositoryAdapter - finding notifications with status: PENDING and scheduledAt before: 2026-01-17T19:53:32.318819600
2026-01-17 19:53:32 [websocket-heartbeat-1] INFO  c.z.n.s.d.u.NotificationProcessorImpl - Found 0 scheduled notifications to process
2026-01-17 19:53:32 [websocket-heartbeat-1] INFO  c.z.n.s.i.o.p.p.NotificationRepositoryAdapter - finding notifications with status: PENDING and scheduledAt before: 2026-01-17T19:53:32.321818500
2026-01-17 19:53:32 [websocket-heartbeat-1] INFO  c.z.n.s.d.u.NotificationProcessorImpl - Found 0 scheduled notifications to process
2026-01-17 19:53:32 [websocket-heartbeat-1] INFO  c.z.n.s.i.o.p.p.NotificationRepositoryAdapter - finding notifications with status: PENDING and scheduledAt before: 2026-01-17T19:53:32.325325
2026-01-17 19:53:32 [websocket-heartbeat-1] INFO  c.z.n.s.d.u.NotificationProcessorImpl - Found 0 scheduled notifications to process
2026-01-17 19:53:32 [websocket-heartbeat-1] INFO  c.z.n.s.i.o.p.p.NotificationRepositoryAdapter - finding notifications with status: PENDING and scheduledAt before: 2026-01-17T19:53:32.328423900
2026-01-17 19:53:32 [websocket-heartbeat-1] INFO  c.z.n.s.d.u.NotificationProcessorImpl - Found 0 scheduled notifications to process
2026-01-17 19:53:32 [websocket-heartbeat-1] INFO  c.z.n.s.i.o.p.p.NotificationRepositoryAdapter - finding notifications with status: PENDING and scheduledAt before: 2026-01-17T19:53:32.330425300
2026-01-17 19:53:32 [websocket-heartbeat-1] INFO  c.z.n.s.d.u.NotificationProcessorImpl - Found 0 scheduled notifications to process
2026-01-17 19:53:32 [websocket-heartbeat-1] INFO  c.z.n.s.i.o.p.p.NotificationRepositoryAdapter - finding notifications with status: FAILED and retryCount less than: 3
2026-01-17 19:53:32 [websocket-heartbeat-1] INFO  c.z.n.s.d.u.NotificationProcessorImpl - Found 0 failed notifications to retry
2026-01-17 19:53:32 [websocket-heartbeat-1] INFO  c.z.n.s.i.o.p.p.NotificationRepositoryAdapter - finding notifications with status: PENDING and scheduledAt before: 2026-01-17T19:53:32.338946300
2026-01-17 19:53:32 [websocket-heartbeat-1] INFO  c.z.n.s.d.u.NotificationProcessorImpl - Found 0 scheduled notifications to process
2026-01-17 19:53:32 [websocket-heartbeat-1] INFO  c.z.n.s.i.o.p.p.NotificationRepositoryAdapter - finding notifications with status: PENDING and scheduledAt before: 2026-01-17T19:53:32.341946300
2026-01-17 19:53:32 [websocket-heartbeat-1] INFO  c.z.n.s.d.u.NotificationProcessorImpl - Found 0 scheduled notifications to process
2026-01-17 19:53:32 [websocket-heartbeat-1] INFO  c.z.n.s.i.o.p.p.NotificationRepositoryAdapter - finding notifications with status: PENDING and scheduledAt before: 2026-01-17T19:53:32.344947100
2026-01-17 19:53:32 [websocket-heartbeat-1] INFO  c.z.n.s.d.u.NotificationProcessorImpl - Found 0 scheduled notifications to process
2026-01-17 19:53:32 [websocket-heartbeat-1] INFO  c.z.n.s.i.o.p.p.NotificationRepositoryAdapter - finding notifications with status: PENDING and scheduledAt before: 2026-01-17T19:53:32.347948
2026-01-17 19:53:32 [websocket-heartbeat-1] INFO  c.z.n.s.d.u.NotificationProcessorImpl - Found 0 scheduled notifications to process
2026-01-17 19:53:32 [websocket-heartbeat-1] INFO  c.z.n.s.i.o.p.p.NotificationRepositoryAdapter - finding notifications with status: PENDING and scheduledAt before: 2026-01-17T19:53:32.354946700
2026-01-17 19:53:32 [websocket-heartbeat-1] INFO  c.z.n.s.d.u.NotificationProcessorImpl - Found 0 scheduled notifications to process
2026-01-17 19:53:32 [websocket-heartbeat-1] INFO  c.z.n.s.i.o.p.p.NotificationRepositoryAdapter - finding notifications with status: FAILED and retryCount less than: 3
2026-01-17 19:53:32 [websocket-heartbeat-1] INFO  c.z.n.s.d.u.NotificationProcessorImpl - Found 0 failed notifications to retry
2026-01-17 19:53:32 [websocket-heartbeat-1] INFO  c.z.n.s.i.o.p.p.NotificationRepositoryAdapter - finding notifications with status: PENDING and scheduledAt before: 2026-01-17T19:53:32.361465
2026-01-17 19:53:32 [websocket-heartbeat-1] INFO  c.z.n.s.d.u.NotificationProcessorImpl - Found 0 scheduled notifications to process
2026-01-17 19:53:32 [websocket-heartbeat-1] INFO  c.z.n.s.i.o.p.p.NotificationRepositoryAdapter - finding notifications with status: PENDING and scheduledAt before: 2026-01-17T19:53:32.364461100
2026-01-17 19:53:32 [websocket-heartbeat-1] INFO  c.z.n.s.d.u.NotificationProcessorImpl - Found 0 scheduled notifications to process
2026-01-17 19:53:32 [websocket-heartbeat-1] INFO  c.z.n.s.i.o.p.p.NotificationRepositoryAdapter - finding notifications with status: PENDING and scheduledAt before: 2026-01-17T19:53:32.367461100
2026-01-17 19:53:32 [websocket-heartbeat-1] INFO  c.z.n.s.d.u.NotificationProcessorImpl - Found 0 scheduled notifications to process
2026-01-17 19:53:32 [websocket-heartbeat-1] INFO  c.z.n.s.i.o.p.p.NotificationRepositoryAdapter - finding notifications with status: PENDING and scheduledAt before: 2026-01-17T19:53:32.369974700
2026-01-17 19:53:32 [websocket-heartbeat-1] INFO  c.z.n.s.d.u.NotificationProcessorImpl - Found 0 scheduled notifications to process
2026-01-17 19:53:32 [websocket-heartbeat-1] INFO  c.z.n.s.i.o.p.p.NotificationRepositoryAdapter - finding notifications with status: PENDING and scheduledAt before: 2026-01-17T19:53:32.372975
2026-01-17 19:53:32 [websocket-heartbeat-1] INFO  c.z.n.s.d.u.NotificationProcessorImpl - Found 0 scheduled notifications to process
2026-01-17 19:53:32 [websocket-heartbeat-1] INFO  c.z.n.s.i.o.p.p.NotificationRepositoryAdapter - finding notifications with status: FAILED and retryCount less than: 3
2026-01-17 19:53:32 [websocket-heartbeat-1] INFO  c.z.n.s.d.u.NotificationProcessorImpl - Found 0 failed notifications to retry
2026-01-17 19:53:32 [websocket-heartbeat-1] INFO  c.z.n.s.i.o.p.p.NotificationRepositoryAdapter - finding notifications with status: PENDING and scheduledAt before: 2026-01-17T19:53:32.378976900
2026-01-17 19:53:32 [websocket-heartbeat-1] INFO  c.z.n.s.d.u.NotificationProcessorImpl - Found 0 scheduled notifications to process
2026-01-17 19:53:32 [websocket-heartbeat-1] INFO  c.z.n.s.i.o.p.p.NotificationRepositoryAdapter - finding notifications with status: PENDING and scheduledAt before: 2026-01-17T19:53:32.382975300
2026-01-17 19:53:32 [websocket-heartbeat-1] INFO  c.z.n.s.d.u.NotificationProcessorImpl - Found 0 scheduled notifications to process
2026-01-17 19:53:32 [websocket-heartbeat-1] INFO  c.z.n.s.i.o.p.p.NotificationRepositoryAdapter - finding notifications with status: PENDING and scheduledAt before: 2026-01-17T19:53:32.387975100
2026-01-17 19:53:32 [websocket-heartbeat-1] INFO  c.z.n.s.d.u.NotificationProcessorImpl - Found 0 scheduled notifications to process
2026-01-17 19:53:32 [websocket-heartbeat-1] INFO  c.z.n.s.i.o.p.p.NotificationRepositoryAdapter - finding notifications with status: PENDING and scheduledAt before: 2026-01-17T19:53:32.390977700
2026-01-17 19:53:32 [websocket-heartbeat-1] INFO  c.z.n.s.d.u.NotificationProcessorImpl - Found 0 scheduled notifications to process
2026-01-17 19:53:32 [websocket-heartbeat-1] INFO  c.z.n.s.i.o.p.p.NotificationRepositoryAdapter - finding notifications with status: PENDING and scheduledAt before: 2026-01-17T19:53:32.397495700
2026-01-17 19:53:32 [websocket-heartbeat-1] INFO  c.z.n.s.d.u.NotificationProcessorImpl - Found 0 scheduled notifications to process
2026-01-17 19:53:32 [websocket-heartbeat-1] INFO  c.z.n.s.i.o.p.p.NotificationRepositoryAdapter - finding notifications with status: FAILED and retryCount less than: 3
2026-01-17 19:53:32 [websocket-heartbeat-1] INFO  c.z.n.s.d.u.NotificationProcessorImpl - Found 0 failed notifications to retry
2026-01-17 19:53:32 [websocket-heartbeat-1] INFO  c.z.n.s.i.o.p.p.NotificationRepositoryAdapter - finding notifications with status: PENDING and scheduledAt before: 2026-01-17T19:53:32.403496300
2026-01-17 19:53:32 [websocket-heartbeat-1] INFO  c.z.n.s.d.u.NotificationProcessorImpl - Found 0 scheduled notifications to process
2026-01-17 19:53:32 [websocket-heartbeat-1] INFO  c.z.n.s.i.o.p.p.NotificationRepositoryAdapter - finding notifications with status: PENDING and scheduledAt before: 2026-01-17T19:53:32.406493700
2026-01-17 19:53:32 [websocket-heartbeat-1] INFO  c.z.n.s.d.u.NotificationProcessorImpl - Found 0 scheduled notifications to process
2026-01-17 19:53:32 [websocket-heartbeat-1] INFO  c.z.n.s.i.o.p.p.NotificationRepositoryAdapter - finding notifications with status: PENDING and scheduledAt before: 2026-01-17T19:53:32.409496200
2026-01-17 19:53:32 [websocket-heartbeat-1] INFO  c.z.n.s.d.u.NotificationProcessorImpl - Found 0 scheduled notifications to process
2026-01-17 19:53:32 [websocket-heartbeat-1] INFO  c.z.n.s.i.o.p.p.NotificationRepositoryAdapter - finding notifications with status: PENDING and scheduledAt before: 2026-01-17T19:53:32.412010600
2026-01-17 19:53:32 [websocket-heartbeat-1] INFO  c.z.n.s.d.u.NotificationProcessorImpl - Found 0 scheduled notifications to process
2026-01-17 19:53:32 [websocket-heartbeat-1] INFO  c.z.n.s.i.o.p.p.NotificationRepositoryAdapter - finding notifications with status: PENDING and scheduledAt before: 2026-01-17T19:53:32.415011500
2026-01-17 19:53:32 [websocket-heartbeat-1] INFO  c.z.n.s.d.u.NotificationProcessorImpl - Found 0 scheduled notifications to process
2026-01-17 19:53:32 [websocket-heartbeat-1] INFO  c.z.n.s.i.o.p.p.NotificationRepositoryAdapter - finding notifications with status: FAILED and retryCount less than: 3
2026-01-17 19:53:32 [websocket-heartbeat-1] INFO  c.z.n.s.d.u.NotificationProcessorImpl - Found 0 failed notifications to retry
2026-01-17 19:53:32 [websocket-heartbeat-1] INFO  c.z.n.s.i.o.p.p.NotificationRepositoryAdapter - finding notifications with status: PENDING and scheduledAt before: 2026-01-17T19:53:32.421008800
2026-01-17 19:53:32 [websocket-heartbeat-1] INFO  c.z.n.s.d.u.NotificationProcessorImpl - Found 0 scheduled notifications to process
2026-01-17 19:53:32 [websocket-heartbeat-1] INFO  c.z.n.s.i.o.p.p.NotificationRepositoryAdapter - finding notifications with status: PENDING and scheduledAt before: 2026-01-17T19:53:32.424009700
2026-01-17 19:53:32 [websocket-heartbeat-1] INFO  c.z.n.s.d.u.NotificationProcessorImpl - Found 0 scheduled notifications to process
2026-01-17 19:53:32 [websocket-heartbeat-1] INFO  c.z.n.s.i.o.p.p.NotificationRepositoryAdapter - finding notifications with status: PENDING and scheduledAt before: 2026-01-17T19:53:32.427009500
2026-01-17 19:53:32 [websocket-heartbeat-1] INFO  c.z.n.s.d.u.NotificationProcessorImpl - Found 0 scheduled notifications to process
2026-01-17 19:53:32 [websocket-heartbeat-1] INFO  c.z.n.s.i.o.p.p.NotificationRepositoryAdapter - finding notifications with status: PENDING and scheduledAt before: 2026-01-17T19:53:32.437010600
2026-01-17 19:53:32 [websocket-heartbeat-1] INFO  c.z.n.s.d.u.NotificationProcessorImpl - Found 0 scheduled notifications to process
2026-01-17 19:53:32 [websocket-heartbeat-1] INFO  c.z.n.s.i.o.p.p.NotificationRepositoryAdapter - finding notifications with status: PENDING and scheduledAt before: 2026-01-17T19:53:32.440010
2026-01-17 19:53:32 [websocket-heartbeat-1] INFO  c.z.n.s.d.u.NotificationProcessorImpl - Found 0 scheduled notifications to process
2026-01-17 19:53:32 [websocket-heartbeat-1] INFO  c.z.n.s.i.o.p.p.NotificationRepositoryAdapter - finding notifications with status: FAILED and retryCount less than: 3
2026-01-17 19:53:32 [websocket-heartbeat-1] INFO  c.z.n.s.d.u.NotificationProcessorImpl - Found 0 failed notifications to retry
2026-01-17 19:53:32 [websocket-heartbeat-1] INFO  c.z.n.s.i.o.p.p.NotificationRepositoryAdapter - finding notifications with status: PENDING and scheduledAt before: 2026-01-17T19:53:32.446009400
2026-01-17 19:53:32 [websocket-heartbeat-1] INFO  c.z.n.s.d.u.NotificationProcessorImpl - Found 0 scheduled notifications to process
2026-01-17 19:53:32 [websocket-heartbeat-1] INFO  c.z.n.s.i.o.p.p.NotificationRepositoryAdapter - finding notifications with status: PENDING and scheduledAt before: 2026-01-17T19:53:32.449010800
2026-01-17 19:53:32 [websocket-heartbeat-1] INFO  c.z.n.s.d.u.NotificationProcessorImpl - Found 0 scheduled notifications to process
2026-01-17 19:53:32 [websocket-heartbeat-1] INFO  c.z.n.s.i.o.p.p.NotificationRepositoryAdapter - finding notifications with status: PENDING and scheduledAt before: 2026-01-17T19:53:32.452010400
2026-01-17 19:53:32 [websocket-heartbeat-1] INFO  c.z.n.s.d.u.NotificationProcessorImpl - Found 0 scheduled notifications to process
2026-01-17 19:53:32 [websocket-heartbeat-1] INFO  c.z.n.s.i.o.p.p.NotificationRepositoryAdapter - finding notifications with status: PENDING and scheduledAt before: 2026-01-17T19:53:32.455010100
2026-01-17 19:53:32 [websocket-heartbeat-1] INFO  c.z.n.s.d.u.NotificationProcessorImpl - Found 0 scheduled notifications to process
2026-01-17 19:53:32 [websocket-heartbeat-1] INFO  c.z.n.s.i.o.p.p.NotificationRepositoryAdapter - finding notifications with status: PENDING and scheduledAt before: 2026-01-17T19:53:32.458009700
2026-01-17 19:53:32 [websocket-heartbeat-1] INFO  c.z.n.s.d.u.NotificationProcessorImpl - Found 0 scheduled notifications to process
2026-01-17 19:53:32 [websocket-heartbeat-1] INFO  c.z.n.s.i.o.p.p.NotificationRepositoryAdapter - finding notifications with status: FAILED and retryCount less than: 3
2026-01-17 19:53:32 [websocket-heartbeat-1] INFO  c.z.n.s.d.u.NotificationProcessorImpl - Found 0 failed notifications to retry
2026-01-17 19:53:32 [websocket-heartbeat-1] INFO  c.z.n.s.i.o.p.p.NotificationRepositoryAdapter - finding notifications with status: PENDING and scheduledAt before: 2026-01-17T19:53:32.464010200
2026-01-17 19:53:32 [websocket-heartbeat-1] INFO  c.z.n.s.d.u.NotificationProcessorImpl - Found 0 scheduled notifications to process
2026-01-17 19:53:32 [websocket-heartbeat-1] INFO  c.z.n.s.i.o.p.p.NotificationRepositoryAdapter - finding notifications with status: PENDING and scheduledAt before: 2026-01-17T19:53:32.466525800
2026-01-17 19:53:32 [websocket-heartbeat-1] INFO  c.z.n.s.d.u.NotificationProcessorImpl - Found 0 scheduled notifications to process
2026-01-17 19:53:32 [websocket-heartbeat-1] INFO  c.z.n.s.i.o.p.p.NotificationRepositoryAdapter - finding notifications with status: PENDING and scheduledAt before: 2026-01-17T19:53:32.469525600
2026-01-17 19:53:32 [websocket-heartbeat-1] INFO  c.z.n.s.d.u.NotificationProcessorImpl - Found 0 scheduled notifications to process
2026-01-17 19:53:32 [websocket-heartbeat-1] INFO  c.z.n.s.i.o.p.p.NotificationRepositoryAdapter - finding notifications with status: PENDING and scheduledAt before: 2026-01-17T19:53:32.473525400
2026-01-17 19:53:32 [websocket-heartbeat-1] INFO  c.z.n.s.d.u.NotificationProcessorImpl - Found 0 scheduled notifications to process
2026-01-17 19:53:32 [websocket-heartbeat-1] INFO  c.z.n.s.i.o.p.p.NotificationRepositoryAdapter - finding notifications with status: PENDING and scheduledAt before: 2026-01-17T19:53:32.476526800
2026-01-17 19:53:32 [websocket-heartbeat-1] INFO  c.z.n.s.d.u.NotificationProcessorImpl - Found 0 scheduled notifications to process
2026-01-17 19:53:32 [websocket-heartbeat-1] INFO  c.z.n.s.i.o.p.p.NotificationRepositoryAdapter - finding notifications with status: FAILED and retryCount less than: 3
2026-01-17 19:53:32 [websocket-heartbeat-1] INFO  c.z.n.s.d.u.NotificationProcessorImpl - Found 0 failed notifications to retry
2026-01-17 19:53:32 [websocket-heartbeat-1] INFO  c.z.n.s.i.o.p.p.NotificationRepositoryAdapter - finding notifications with status: PENDING and scheduledAt before: 2026-01-17T19:53:32.481527600
2026-01-17 19:53:32 [websocket-heartbeat-1] INFO  c.z.n.s.d.u.NotificationProcessorImpl - Found 0 scheduled notifications to process
2026-01-17 19:53:32 [websocket-heartbeat-1] INFO  c.z.n.s.i.o.p.p.NotificationRepositoryAdapter - finding notifications with status: PENDING and scheduledAt before: 2026-01-17T19:53:32.484525400
2026-01-17 19:53:32 [websocket-heartbeat-1] INFO  c.z.n.s.d.u.NotificationProcessorImpl - Found 0 scheduled notifications to process
2026-01-17 19:53:32 [websocket-heartbeat-1] INFO  c.z.n.s.i.o.p.p.NotificationRepositoryAdapter - finding notifications with status: PENDING and scheduledAt before: 2026-01-17T19:53:32.488526700
2026-01-17 19:53:32 [websocket-heartbeat-1] INFO  c.z.n.s.d.u.NotificationProcessorImpl - Found 0 scheduled notifications to process
2026-01-17 19:53:32 [websocket-heartbeat-1] INFO  c.z.n.s.i.o.p.p.NotificationRepositoryAdapter - finding notifications with status: PENDING and scheduledAt before: 2026-01-17T19:53:32.490525
2026-01-17 19:53:32 [websocket-heartbeat-1] INFO  c.z.n.s.d.u.NotificationProcessorImpl - Found 0 scheduled notifications to process
2026-01-17 19:53:32 [websocket-heartbeat-1] INFO  c.z.n.s.i.o.p.p.NotificationRepositoryAdapter - finding notifications with status: PENDING and scheduledAt before: 2026-01-17T19:53:32.495050100
2026-01-17 19:53:32 [websocket-heartbeat-1] INFO  c.z.n.s.d.u.NotificationProcessorImpl - Found 0 scheduled notifications to process
2026-01-17 19:53:32 [websocket-heartbeat-1] INFO  c.z.n.s.i.o.p.p.NotificationRepositoryAdapter - finding notifications with status: FAILED and retryCount less than: 3
2026-01-17 19:53:32 [websocket-heartbeat-1] INFO  c.z.n.s.d.u.NotificationProcessorImpl - Found 0 failed notifications to retry
2026-01-17 19:53:32 [websocket-heartbeat-1] INFO  c.z.n.s.i.o.p.p.NotificationRepositoryAdapter - finding notifications with status: PENDING and scheduledAt before: 2026-01-17T19:53:32.502049400
2026-01-17 19:53:32 [websocket-heartbeat-1] INFO  c.z.n.s.d.u.NotificationProcessorImpl - Found 0 scheduled notifications to process
2026-01-17 19:53:32 [websocket-heartbeat-1] INFO  c.z.n.s.i.o.p.p.NotificationRepositoryAdapter - finding notifications with status: PENDING and scheduledAt before: 2026-01-17T19:53:32.505049500
2026-01-17 19:53:32 [websocket-heartbeat-1] INFO  c.z.n.s.d.u.NotificationProcessorImpl - Found 0 scheduled notifications to process
2026-01-17 19:53:32 [websocket-heartbeat-1] INFO  c.z.n.s.i.o.p.p.NotificationRepositoryAdapter - finding notifications with status: PENDING and scheduledAt before: 2026-01-17T19:53:32.510047300
2026-01-17 19:53:32 [websocket-heartbeat-1] INFO  c.z.n.s.d.u.NotificationProcessorImpl - Found 0 scheduled notifications to process
2026-01-17 19:53:32 [websocket-heartbeat-1] INFO  c.z.n.s.i.o.p.p.NotificationRepositoryAdapter - finding notifications with status: PENDING and scheduledAt before: 2026-01-17T19:53:32.519047
2026-01-17 19:53:32 [websocket-heartbeat-1] INFO  c.z.n.s.d.u.NotificationProcessorImpl - Found 0 scheduled notifications to process
2026-01-17 19:53:32 [websocket-heartbeat-1] INFO  c.z.n.s.i.o.p.p.NotificationRepositoryAdapter - finding notifications with status: PENDING and scheduledAt before: 2026-01-17T19:53:32.522047500
2026-01-17 19:53:32 [websocket-heartbeat-1] INFO  c.z.n.s.d.u.NotificationProcessorImpl - Found 0 scheduled notifications to process
2026-01-17 19:53:32 [websocket-heartbeat-1] INFO  c.z.n.s.i.o.p.p.NotificationRepositoryAdapter - finding notifications with status: FAILED and retryCount less than: 3
2026-01-17 19:53:32 [websocket-heartbeat-1] INFO  c.z.n.s.d.u.NotificationProcessorImpl - Found 0 failed notifications to retry
2026-01-17 19:53:32 [websocket-heartbeat-1] INFO  c.z.n.s.i.o.p.p.NotificationRepositoryAdapter - finding notifications with status: PENDING and scheduledAt before: 2026-01-17T19:53:32.528049200
2026-01-17 19:53:32 [websocket-heartbeat-1] INFO  c.z.n.s.d.u.NotificationProcessorImpl - Found 0 scheduled notifications to process
2026-01-17 19:53:32 [websocket-heartbeat-1] INFO  c.z.n.s.i.o.p.p.NotificationRepositoryAdapter - finding notifications with status: PENDING and scheduledAt before: 2026-01-17T19:53:32.531589600
2026-01-17 19:53:32 [websocket-heartbeat-1] INFO  c.z.n.s.d.u.NotificationProcessorImpl - Found 0 scheduled notifications to process
2026-01-17 19:53:32 [websocket-heartbeat-1] INFO  c.z.n.s.i.o.p.p.NotificationRepositoryAdapter - finding notifications with status: PENDING and scheduledAt before: 2026-01-17T19:53:32.535579100
2026-01-17 19:53:32 [websocket-heartbeat-1] INFO  c.z.n.s.d.u.NotificationProcessorImpl - Found 0 scheduled notifications to process
2026-01-17 19:53:32 [websocket-heartbeat-1] INFO  c.z.n.s.i.o.p.p.NotificationRepositoryAdapter - finding notifications with status: PENDING and scheduledAt before: 2026-01-17T19:53:32.538579200
2026-01-17 19:53:32 [websocket-heartbeat-1] INFO  c.z.n.s.d.u.NotificationProcessorImpl - Found 0 scheduled notifications to process
2026-01-17 19:53:32 [websocket-heartbeat-1] INFO  c.z.n.s.i.o.p.p.NotificationRepositoryAdapter - finding notifications with status: PENDING and scheduledAt before: 2026-01-17T19:53:32.541579200
2026-01-17 19:53:32 [websocket-heartbeat-1] INFO  c.z.n.s.d.u.NotificationProcessorImpl - Found 0 scheduled notifications to process
2026-01-17 19:53:32 [websocket-heartbeat-1] INFO  c.z.n.s.i.o.p.p.NotificationRepositoryAdapter - finding notifications with status: FAILED and retryCount less than: 3
2026-01-17 19:53:32 [websocket-heartbeat-1] INFO  c.z.n.s.d.u.NotificationProcessorImpl - Found 0 failed notifications to retry
2026-01-17 19:53:32 [websocket-heartbeat-1] INFO  c.z.n.s.i.o.p.p.NotificationRepositoryAdapter - finding notifications with status: PENDING and scheduledAt before: 2026-01-17T19:53:32.547578600
2026-01-17 19:53:32 [websocket-heartbeat-1] INFO  c.z.n.s.d.u.NotificationProcessorImpl - Found 0 scheduled notifications to process
2026-01-17 19:53:32 [websocket-heartbeat-1] INFO  c.z.n.s.i.o.p.p.NotificationRepositoryAdapter - finding notifications with status: PENDING and scheduledAt before: 2026-01-17T19:53:32.550579100
2026-01-17 19:53:32 [websocket-heartbeat-1] INFO  c.z.n.s.d.u.NotificationProcessorImpl - Found 0 scheduled notifications to process
2026-01-17 19:53:32 [websocket-heartbeat-1] INFO  c.z.n.s.i.o.p.p.NotificationRepositoryAdapter - finding notifications with status: PENDING and scheduledAt before: 2026-01-17T19:53:32.556578100
2026-01-17 19:53:32 [websocket-heartbeat-1] INFO  c.z.n.s.d.u.NotificationProcessorImpl - Found 0 scheduled notifications to process
2026-01-17 19:53:32 [websocket-heartbeat-1] INFO  c.z.n.s.i.o.p.p.NotificationRepositoryAdapter - finding notifications with status: PENDING and scheduledAt before: 2026-01-17T19:53:32.559578500
2026-01-17 19:53:32 [websocket-heartbeat-1] INFO  c.z.n.s.d.u.NotificationProcessorImpl - Found 0 scheduled notifications to process
2026-01-17 19:53:32 [websocket-heartbeat-1] INFO  c.z.n.s.i.o.p.p.NotificationRepositoryAdapter - finding notifications with status: PENDING and scheduledAt before: 2026-01-17T19:53:32.562578800
2026-01-17 19:53:32 [websocket-heartbeat-1] INFO  c.z.n.s.d.u.NotificationProcessorImpl - Found 0 scheduled notifications to process
2026-01-17 19:53:32 [websocket-heartbeat-1] INFO  c.z.n.s.i.o.p.p.NotificationRepositoryAdapter - finding notifications with status: FAILED and retryCount less than: 3
2026-01-17 19:53:32 [websocket-heartbeat-1] INFO  c.z.n.s.d.u.NotificationProcessorImpl - Found 0 failed notifications to retry
2026-01-17 19:53:32 [websocket-heartbeat-1] INFO  c.z.n.s.i.o.p.p.NotificationRepositoryAdapter - finding notifications with status: PENDING and scheduledAt before: 2026-01-17T19:53:32.568579700
2026-01-17 19:53:32 [websocket-heartbeat-1] INFO  c.z.n.s.d.u.NotificationProcessorImpl - Found 0 scheduled notifications to process
2026-01-17 19:53:32 [websocket-heartbeat-1] INFO  c.z.n.s.i.o.p.p.NotificationRepositoryAdapter - finding notifications with status: PENDING and scheduledAt before: 2026-01-17T19:53:32.571579600
2026-01-17 19:53:32 [websocket-heartbeat-1] INFO  c.z.n.s.d.u.NotificationProcessorImpl - Found 0 scheduled notifications to process
2026-01-17 19:53:32 [websocket-heartbeat-1] INFO  c.z.n.s.i.o.p.p.NotificationRepositoryAdapter - finding notifications with status: PENDING and scheduledAt before: 2026-01-17T19:53:32.574578600
2026-01-17 19:53:32 [websocket-heartbeat-1] INFO  c.z.n.s.d.u.NotificationProcessorImpl - Found 0 scheduled notifications to process
2026-01-17 19:53:32 [websocket-heartbeat-1] INFO  c.z.n.s.i.o.p.p.NotificationRepositoryAdapter - finding notifications with status: PENDING and scheduledAt before: 2026-01-17T19:53:32.578580900
2026-01-17 19:53:32 [websocket-heartbeat-1] INFO  c.z.n.s.d.u.NotificationProcessorImpl - Found 0 scheduled notifications to process
2026-01-17 19:53:32 [websocket-heartbeat-1] INFO  c.z.n.s.i.o.p.p.NotificationRepositoryAdapter - finding notifications with status: PENDING and scheduledAt before: 2026-01-17T19:53:32.581582700
2026-01-17 19:53:32 [websocket-heartbeat-1] INFO  c.z.n.s.d.u.NotificationProcessorImpl - Found 0 scheduled notifications to process
2026-01-17 19:53:32 [websocket-heartbeat-1] INFO  c.z.n.s.i.o.p.p.NotificationRepositoryAdapter - finding notifications with status: FAILED and retryCount less than: 3
2026-01-17 19:53:32 [websocket-heartbeat-1] INFO  c.z.n.s.d.u.NotificationProcessorImpl - Found 0 failed notifications to retry
2026-01-17 19:53:32 [websocket-heartbeat-1] INFO  c.z.n.s.i.o.p.p.NotificationRepositoryAdapter - finding notifications with status: PENDING and scheduledAt before: 2026-01-17T19:53:32.589581200
2026-01-17 19:53:32 [websocket-heartbeat-1] INFO  c.z.n.s.d.u.NotificationProcessorImpl - Found 0 scheduled notifications to process
2026-01-17 19:53:32 [websocket-heartbeat-1] INFO  c.z.n.s.i.o.p.p.NotificationRepositoryAdapter - finding notifications with status: PENDING and scheduledAt before: 2026-01-17T19:53:32.591580
2026-01-17 19:53:32 [websocket-heartbeat-1] INFO  c.z.n.s.d.u.NotificationProcessorImpl - Found 0 scheduled notifications to process
2026-01-17 19:53:32 [websocket-heartbeat-1] INFO  c.z.n.s.i.o.p.p.NotificationRepositoryAdapter - finding notifications with status: PENDING and scheduledAt before: 2026-01-17T19:53:32.597093400
2026-01-17 19:53:32 [websocket-heartbeat-1] INFO  c.z.n.s.d.u.NotificationProcessorImpl - Found 0 scheduled notifications to process
2026-01-17 19:53:32 [websocket-heartbeat-1] INFO  c.z.n.s.i.o.p.p.NotificationRepositoryAdapter - finding notifications with status: PENDING and scheduledAt before: 2026-01-17T19:53:32.600094800
2026-01-17 19:53:32 [websocket-heartbeat-1] INFO  c.z.n.s.d.u.NotificationProcessorImpl - Found 0 scheduled notifications to process
2026-01-17 19:53:32 [websocket-heartbeat-1] INFO  c.z.n.s.i.o.p.p.NotificationRepositoryAdapter - finding notifications with status: PENDING and scheduledAt before: 2026-01-17T19:53:32.603092800
2026-01-17 19:53:32 [websocket-heartbeat-1] INFO  c.z.n.s.d.u.NotificationProcessorImpl - Found 0 scheduled notifications to process
2026-01-17 19:53:32 [websocket-heartbeat-1] INFO  c.z.n.s.i.o.p.p.NotificationRepositoryAdapter - finding notifications with status: FAILED and retryCount less than: 3
2026-01-17 19:53:32 [websocket-heartbeat-1] INFO  c.z.n.s.d.u.NotificationProcessorImpl - Found 0 failed notifications to retry
2026-01-17 19:53:32 [websocket-heartbeat-1] INFO  c.z.n.s.i.o.p.p.NotificationRepositoryAdapter - finding notifications with status: PENDING and scheduledAt before: 2026-01-17T19:53:32.609094500
2026-01-17 19:53:32 [websocket-heartbeat-1] INFO  c.z.n.s.d.u.NotificationProcessorImpl - Found 0 scheduled notifications to process
2026-01-17 19:53:32 [websocket-heartbeat-1] INFO  c.z.n.s.i.o.p.p.NotificationRepositoryAdapter - finding notifications with status: PENDING and scheduledAt before: 2026-01-17T19:53:32.612093900
2026-01-17 19:53:32 [websocket-heartbeat-1] INFO  c.z.n.s.d.u.NotificationProcessorImpl - Found 0 scheduled notifications to process
2026-01-17 19:53:32 [websocket-heartbeat-1] INFO  c.z.n.s.i.o.p.p.NotificationRepositoryAdapter - finding notifications with status: PENDING and scheduledAt before: 2026-01-17T19:53:32.615094500
2026-01-17 19:53:32 [websocket-heartbeat-1] INFO  c.z.n.s.d.u.NotificationProcessorImpl - Found 0 scheduled notifications to process
2026-01-17 19:53:32 [websocket-heartbeat-1] INFO  c.z.n.s.i.o.p.p.NotificationRepositoryAdapter - finding notifications with status: PENDING and scheduledAt before: 2026-01-17T19:53:32.618095
2026-01-17 19:53:32 [websocket-heartbeat-1] INFO  c.z.n.s.d.u.NotificationProcessorImpl - Found 0 scheduled notifications to process
2026-01-17 19:53:32 [websocket-heartbeat-1] INFO  c.z.n.s.i.o.p.p.NotificationRepositoryAdapter - finding notifications with status: PENDING and scheduledAt before: 2026-01-17T19:53:32.621611800
2026-01-17 19:53:32 [websocket-heartbeat-1] INFO  c.z.n.s.d.u.NotificationProcessorImpl - Found 0 scheduled notifications to process
2026-01-17 19:53:32 [websocket-heartbeat-1] INFO  c.z.n.s.i.o.p.p.NotificationRepositoryAdapter - finding notifications with status: FAILED and retryCount less than: 3
2026-01-17 19:53:32 [websocket-heartbeat-1] INFO  c.z.n.s.d.u.NotificationProcessorImpl - Found 0 failed notifications to retry
2026-01-17 19:53:32 [websocket-heartbeat-1] INFO  c.z.n.s.i.o.p.p.NotificationRepositoryAdapter - finding notifications with status: PENDING and scheduledAt before: 2026-01-17T19:53:32.628609600
2026-01-17 19:53:32 [websocket-heartbeat-1] INFO  c.z.n.s.d.u.NotificationProcessorImpl - Found 0 scheduled notifications to process
2026-01-17 19:53:32 [websocket-heartbeat-1] INFO  c.z.n.s.i.o.p.p.NotificationRepositoryAdapter - finding notifications with status: PENDING and scheduledAt before: 2026-01-17T19:53:32.637612
2026-01-17 19:53:32 [websocket-heartbeat-1] INFO  c.z.n.s.d.u.NotificationProcessorImpl - Found 0 scheduled notifications to process
2026-01-17 19:53:32 [websocket-heartbeat-1] INFO  c.z.n.s.i.o.p.p.NotificationRepositoryAdapter - finding notifications with status: PENDING and scheduledAt before: 2026-01-17T19:53:32.641611400
2026-01-17 19:53:32 [websocket-heartbeat-1] INFO  c.z.n.s.d.u.NotificationProcessorImpl - Found 0 scheduled notifications to process
2026-01-17 19:53:32 [websocket-heartbeat-1] INFO  c.z.n.s.i.o.p.p.NotificationRepositoryAdapter - finding notifications with status: PENDING and scheduledAt before: 2026-01-17T19:53:32.644610300
2026-01-17 19:53:32 [websocket-heartbeat-1] INFO  c.z.n.s.d.u.NotificationProcessorImpl - Found 0 scheduled notifications to process
2026-01-17 19:53:32 [websocket-heartbeat-1] INFO  c.z.n.s.i.o.p.p.NotificationRepositoryAdapter - finding notifications with status: PENDING and scheduledAt before: 2026-01-17T19:53:32.647610800
2026-01-17 19:53:32 [websocket-heartbeat-1] INFO  c.z.n.s.d.u.NotificationProcessorImpl - Found 0 scheduled notifications to process
2026-01-17 19:53:32 [websocket-heartbeat-1] INFO  c.z.n.s.i.o.p.p.NotificationRepositoryAdapter - finding notifications with status: FAILED and retryCount less than: 3
2026-01-17 19:53:32 [websocket-heartbeat-1] INFO  c.z.n.s.d.u.NotificationProcessorImpl - Found 0 failed notifications to retry
2026-01-17 19:53:32 [websocket-heartbeat-1] INFO  c.z.n.s.i.o.p.p.NotificationRepositoryAdapter - finding notifications with status: PENDING and scheduledAt before: 2026-01-17T19:53:32.652610900
2026-01-17 19:53:32 [websocket-heartbeat-1] INFO  c.z.n.s.d.u.NotificationProcessorImpl - Found 0 scheduled notifications to process
2026-01-17 19:53:32 [websocket-heartbeat-1] INFO  c.z.n.s.i.o.p.p.NotificationRepositoryAdapter - finding notifications with status: PENDING and scheduledAt before: 2026-01-17T19:53:32.656608400
2026-01-17 19:53:32 [websocket-heartbeat-1] INFO  c.z.n.s.d.u.NotificationProcessorImpl - Found 0 scheduled notifications to process
2026-01-17 19:53:32 [websocket-heartbeat-1] INFO  c.z.n.s.i.o.p.p.NotificationRepositoryAdapter - finding notifications with status: PENDING and scheduledAt before: 2026-01-17T19:53:32.659609800
2026-01-17 19:53:32 [websocket-heartbeat-1] INFO  c.z.n.s.d.u.NotificationProcessorImpl - Found 0 scheduled notifications to process
2026-01-17 19:53:32 [websocket-heartbeat-1] INFO  c.z.n.s.i.o.p.p.NotificationRepositoryAdapter - finding notifications with status: PENDING and scheduledAt before: 2026-01-17T19:53:32.677121700
2026-01-17 19:53:32 [websocket-heartbeat-1] INFO  c.z.n.s.d.u.NotificationProcessorImpl - Found 0 scheduled notifications to process
2026-01-17 19:53:32 [websocket-heartbeat-1] INFO  c.z.n.s.i.o.p.p.NotificationRepositoryAdapter - finding notifications with status: PENDING and scheduledAt before: 2026-01-17T19:53:32.680121600
2026-01-17 19:53:32 [websocket-heartbeat-1] INFO  c.z.n.s.d.u.NotificationProcessorImpl - Found 0 scheduled notifications to process
2026-01-17 19:53:32 [websocket-heartbeat-1] INFO  c.z.n.s.i.o.p.p.NotificationRepositoryAdapter - finding notifications with status: FAILED and retryCount less than: 3
2026-01-17 19:53:32 [websocket-heartbeat-1] INFO  c.z.n.s.d.u.NotificationProcessorImpl - Found 0 failed notifications to retry
2026-01-17 19:53:32 [websocket-heartbeat-1] INFO  c.z.n.s.i.o.p.p.NotificationRepositoryAdapter - finding notifications with status: PENDING and scheduledAt before: 2026-01-17T19:53:32.691121600
2026-01-17 19:53:32 [websocket-heartbeat-1] INFO  c.z.n.s.d.u.NotificationProcessorImpl - Found 0 scheduled notifications to process
2026-01-17 19:53:32 [websocket-heartbeat-1] INFO  c.z.n.s.i.o.p.p.NotificationRepositoryAdapter - finding notifications with status: PENDING and scheduledAt before: 2026-01-17T19:53:32.695637500
2026-01-17 19:53:32 [websocket-heartbeat-1] INFO  c.z.n.s.d.u.NotificationProcessorImpl - Found 0 scheduled notifications to process
2026-01-17 19:53:32 [websocket-heartbeat-1] INFO  c.z.n.s.i.o.p.p.NotificationRepositoryAdapter - finding notifications with status: PENDING and scheduledAt before: 2026-01-17T19:53:32.697635100
2026-01-17 19:53:32 [websocket-heartbeat-1] INFO  c.z.n.s.d.u.NotificationProcessorImpl - Found 0 scheduled notifications to process
2026-01-17 19:53:32 [websocket-heartbeat-1] INFO  c.z.n.s.i.o.p.p.NotificationRepositoryAdapter - finding notifications with status: PENDING and scheduledAt before: 2026-01-17T19:53:32.700635100
2026-01-17 19:53:32 [websocket-heartbeat-1] INFO  c.z.n.s.d.u.NotificationProcessorImpl - Found 0 scheduled notifications to process
2026-01-17 19:53:32 [websocket-heartbeat-1] INFO  c.z.n.s.i.o.p.p.NotificationRepositoryAdapter - finding notifications with status: PENDING and scheduledAt before: 2026-01-17T19:53:32.703639200
2026-01-17 19:53:32 [websocket-heartbeat-1] INFO  c.z.n.s.d.u.NotificationProcessorImpl - Found 0 scheduled notifications to process
2026-01-17 19:53:32 [websocket-heartbeat-1] INFO  c.z.n.s.i.o.p.p.NotificationRepositoryAdapter - finding notifications with status: FAILED and retryCount less than: 3
2026-01-17 19:53:32 [websocket-heartbeat-1] INFO  c.z.n.s.d.u.NotificationProcessorImpl - Found 0 failed notifications to retry
2026-01-17 19:53:32 [websocket-heartbeat-1] INFO  c.z.n.s.i.o.p.p.NotificationRepositoryAdapter - finding notifications with status: PENDING and scheduledAt before: 2026-01-17T19:53:32.709639400
2026-01-17 19:53:32 [websocket-heartbeat-1] INFO  c.z.n.s.d.u.NotificationProcessorImpl - Found 0 scheduled notifications to process
2026-01-17 19:53:32 [websocket-heartbeat-1] INFO  c.z.n.s.i.o.p.p.NotificationRepositoryAdapter - finding notifications with status: PENDING and scheduledAt before: 2026-01-17T19:53:32.712634100
2026-01-17 19:53:32 [websocket-heartbeat-1] INFO  c.z.n.s.d.u.NotificationProcessorImpl - Found 0 scheduled notifications to process
2026-01-17 19:53:32 [websocket-heartbeat-1] INFO  c.z.n.s.i.o.p.p.NotificationRepositoryAdapter - finding notifications with status: PENDING and scheduledAt before: 2026-01-17T19:53:32.715634300
2026-01-17 19:53:32 [websocket-heartbeat-1] INFO  c.z.n.s.d.u.NotificationProcessorImpl - Found 0 scheduled notifications to process
2026-01-17 19:53:32 [websocket-heartbeat-1] INFO  c.z.n.s.i.o.p.p.NotificationRepositoryAdapter - finding notifications with status: PENDING and scheduledAt before: 2026-01-17T19:53:32.717637400
2026-01-17 19:53:32 [websocket-heartbeat-1] INFO  c.z.n.s.d.u.NotificationProcessorImpl - Found 0 scheduled notifications to process
2026-01-17 19:53:32 [websocket-heartbeat-1] INFO  c.z.n.s.i.o.p.p.NotificationRepositoryAdapter - finding notifications with status: PENDING and scheduledAt before: 2026-01-17T19:53:32.720636700
2026-01-17 19:53:32 [websocket-heartbeat-1] INFO  c.z.n.s.d.u.NotificationProcessorImpl - Found 0 scheduled notifications to process
2026-01-17 19:53:32 [websocket-heartbeat-1] INFO  c.z.n.s.i.o.p.p.NotificationRepositoryAdapter - finding notifications with status: FAILED and retryCount less than: 3
2026-01-17 19:53:32 [websocket-heartbeat-1] INFO  c.z.n.s.d.u.NotificationProcessorImpl - Found 0 failed notifications to retry
2026-01-17 19:53:32 [websocket-heartbeat-1] INFO  c.z.n.s.i.o.p.p.NotificationRepositoryAdapter - finding notifications with status: PENDING and scheduledAt before: 2026-01-17T19:53:32.727633300
2026-01-17 19:53:32 [websocket-heartbeat-1] INFO  c.z.n.s.d.u.NotificationProcessorImpl - Found 0 scheduled notifications to process
2026-01-17 19:53:32 [websocket-heartbeat-1] INFO  c.z.n.s.i.o.p.p.NotificationRepositoryAdapter - finding notifications with status: PENDING and scheduledAt before: 2026-01-17T19:53:32.732146500
2026-01-17 19:53:32 [websocket-heartbeat-1] INFO  c.z.n.s.d.u.NotificationProcessorImpl - Found 0 scheduled notifications to process
2026-01-17 19:53:32 [websocket-heartbeat-1] INFO  c.z.n.s.i.o.p.p.NotificationRepositoryAdapter - finding notifications with status: PENDING and scheduledAt before: 2026-01-17T19:53:32.736667700
2026-01-17 19:53:32 [websocket-heartbeat-1] INFO  c.z.n.s.d.u.NotificationProcessorImpl - Found 0 scheduled notifications to process
2026-01-17 19:53:32 [websocket-heartbeat-1] INFO  c.z.n.s.i.o.p.p.NotificationRepositoryAdapter - finding notifications with status: PENDING and scheduledAt before: 2026-01-17T19:53:32.739679100
2026-01-17 19:53:32 [websocket-heartbeat-1] INFO  c.z.n.s.d.u.NotificationProcessorImpl - Found 0 scheduled notifications to process
2026-01-17 19:53:32 [websocket-heartbeat-1] INFO  c.z.n.s.i.o.p.p.NotificationRepositoryAdapter - finding notifications with status: PENDING and scheduledAt before: 2026-01-17T19:53:32.742184600
2026-01-17 19:53:32 [websocket-heartbeat-1] INFO  c.z.n.s.d.u.NotificationProcessorImpl - Found 0 scheduled notifications to process
2026-01-17 19:53:32 [websocket-heartbeat-1] INFO  c.z.n.s.i.o.p.p.NotificationRepositoryAdapter - finding notifications with status: FAILED and retryCount less than: 3
2026-01-17 19:53:32 [websocket-heartbeat-1] INFO  c.z.n.s.d.u.NotificationProcessorImpl - Found 0 failed notifications to retry
2026-01-17 19:53:32 [websocket-heartbeat-1] INFO  c.z.n.s.i.o.p.p.NotificationRepositoryAdapter - finding notifications with status: PENDING and scheduledAt before: 2026-01-17T19:53:32.748195400
2026-01-17 19:53:32 [websocket-heartbeat-1] INFO  c.z.n.s.d.u.NotificationProcessorImpl - Found 0 scheduled notifications to process
2026-01-17 19:53:32 [websocket-heartbeat-1] INFO  c.z.n.s.i.o.p.p.NotificationRepositoryAdapter - finding notifications with status: PENDING and scheduledAt before: 2026-01-17T19:53:32.751193600
2026-01-17 19:53:32 [websocket-heartbeat-1] INFO  c.z.n.s.d.u.NotificationProcessorImpl - Found 0 scheduled notifications to process
2026-01-17 19:53:32 [websocket-heartbeat-1] INFO  c.z.n.s.i.o.p.p.NotificationRepositoryAdapter - finding notifications with status: PENDING and scheduledAt before: 2026-01-17T19:53:32.754195200
2026-01-17 19:53:32 [websocket-heartbeat-1] INFO  c.z.n.s.d.u.NotificationProcessorImpl - Found 0 scheduled notifications to process
2026-01-17 19:53:32 [websocket-heartbeat-1] INFO  c.z.n.s.i.o.p.p.NotificationRepositoryAdapter - finding notifications with status: PENDING and scheduledAt before: 2026-01-17T19:53:32.757196600
2026-01-17 19:53:32 [websocket-heartbeat-1] INFO  c.z.n.s.d.u.NotificationProcessorImpl - Found 0 scheduled notifications to process
2026-01-17 19:53:32 [websocket-heartbeat-1] INFO  c.z.n.s.i.o.p.p.NotificationRepositoryAdapter - finding notifications with status: PENDING and scheduledAt before: 2026-01-17T19:53:32.760194800
2026-01-17 19:53:32 [websocket-heartbeat-1] INFO  c.z.n.s.d.u.NotificationProcessorImpl - Found 0 scheduled notifications to process
2026-01-17 19:53:32 [websocket-heartbeat-1] INFO  c.z.n.s.i.o.p.p.NotificationRepositoryAdapter - finding notifications with status: FAILED and retryCount less than: 3
2026-01-17 19:53:32 [websocket-heartbeat-1] INFO  c.z.n.s.d.u.NotificationProcessorImpl - Found 0 failed notifications to retry
2026-01-17 19:53:32 [websocket-heartbeat-1] INFO  c.z.n.s.i.o.p.p.NotificationRepositoryAdapter - finding notifications with status: PENDING and scheduledAt before: 2026-01-17T19:53:32.765193900
2026-01-17 19:53:32 [websocket-heartbeat-1] INFO  c.z.n.s.d.u.NotificationProcessorImpl - Found 0 scheduled notifications to process
2026-01-17 19:53:32 [websocket-heartbeat-1] INFO  c.z.n.s.i.o.p.p.NotificationRepositoryAdapter - finding notifications with status: PENDING and scheduledAt before: 2026-01-17T19:53:32.769194800
2026-01-17 19:53:32 [websocket-heartbeat-1] INFO  c.z.n.s.d.u.NotificationProcessorImpl - Found 0 scheduled notifications to process
2026-01-17 19:53:32 [websocket-heartbeat-1] INFO  c.z.n.s.i.o.p.p.NotificationRepositoryAdapter - finding notifications with status: PENDING and scheduledAt before: 2026-01-17T19:53:32.771705
2026-01-17 19:53:32 [websocket-heartbeat-1] INFO  c.z.n.s.d.u.NotificationProcessorImpl - Found 0 scheduled notifications to process
2026-01-17 19:53:32 [websocket-heartbeat-1] INFO  c.z.n.s.i.o.p.p.NotificationRepositoryAdapter - finding notifications with status: PENDING and scheduledAt before: 2026-01-17T19:53:32.774714600
2026-01-17 19:53:32 [websocket-heartbeat-1] INFO  c.z.n.s.d.u.NotificationProcessorImpl - Found 0 scheduled notifications to process
2026-01-17 19:53:32 [websocket-heartbeat-1] INFO  c.z.n.s.i.o.p.p.NotificationRepositoryAdapter - finding notifications with status: PENDING and scheduledAt before: 2026-01-17T19:53:32.777714
2026-01-17 19:53:32 [websocket-heartbeat-1] INFO  c.z.n.s.d.u.NotificationProcessorImpl - Found 0 scheduled notifications to process
2026-01-17 19:53:32 [websocket-heartbeat-1] INFO  c.z.n.s.i.o.p.p.NotificationRepositoryAdapter - finding notifications with status: FAILED and retryCount less than: 3
2026-01-17 19:53:32 [websocket-heartbeat-1] INFO  c.z.n.s.d.u.NotificationProcessorImpl - Found 0 failed notifications to retry
2026-01-17 19:53:32 [websocket-heartbeat-1] INFO  c.z.n.s.i.o.p.p.NotificationRepositoryAdapter - finding notifications with status: PENDING and scheduledAt before: 2026-01-17T19:53:32.785843300
2026-01-17 19:53:32 [websocket-heartbeat-1] INFO  c.z.n.s.d.u.NotificationProcessorImpl - Found 0 scheduled notifications to process
2026-01-17 19:53:32 [websocket-heartbeat-1] INFO  c.z.n.s.i.o.p.p.NotificationRepositoryAdapter - finding notifications with status: PENDING and scheduledAt before: 2026-01-17T19:53:32.788425200
2026-01-17 19:53:32 [websocket-heartbeat-1] INFO  c.z.n.s.d.u.NotificationProcessorImpl - Found 0 scheduled notifications to process
2026-01-17 19:53:32 [websocket-heartbeat-1] INFO  c.z.n.s.i.o.p.p.NotificationRepositoryAdapter - finding notifications with status: PENDING and scheduledAt before: 2026-01-17T19:53:32.790942300
2026-01-17 19:53:32 [websocket-heartbeat-1] INFO  c.z.n.s.d.u.NotificationProcessorImpl - Found 0 scheduled notifications to process
2026-01-17 19:53:32 [websocket-heartbeat-1] INFO  c.z.n.s.i.o.p.p.NotificationRepositoryAdapter - finding notifications with status: PENDING and scheduledAt before: 2026-01-17T19:53:32.793990800
2026-01-17 19:53:32 [websocket-heartbeat-1] INFO  c.z.n.s.d.u.NotificationProcessorImpl - Found 0 scheduled notifications to process
2026-01-17 19:53:32 [websocket-heartbeat-1] INFO  c.z.n.s.i.o.p.p.NotificationRepositoryAdapter - finding notifications with status: PENDING and scheduledAt before: 2026-01-17T19:53:32.795993200
2026-01-17 19:53:32 [websocket-heartbeat-1] INFO  c.z.n.s.d.u.NotificationProcessorImpl - Found 0 scheduled notifications to process
2026-01-17 19:53:32 [websocket-heartbeat-1] INFO  c.z.n.s.i.o.p.p.NotificationRepositoryAdapter - finding notifications with status: FAILED and retryCount less than: 3
2026-01-17 19:53:32 [websocket-heartbeat-1] INFO  c.z.n.s.d.u.NotificationProcessorImpl - Found 0 failed notifications to retry
2026-01-17 19:53:32 [websocket-heartbeat-1] INFO  c.z.n.s.i.o.p.p.NotificationRepositoryAdapter - finding notifications with status: PENDING and scheduledAt before: 2026-01-17T19:53:32.802021900
2026-01-17 19:53:32 [websocket-heartbeat-1] INFO  c.z.n.s.d.u.NotificationProcessorImpl - Found 0 scheduled notifications to process
2026-01-17 19:53:32 [websocket-heartbeat-1] INFO  c.z.n.s.i.o.p.p.NotificationRepositoryAdapter - finding notifications with status: PENDING and scheduledAt before: 2026-01-17T19:53:32.807040600
2026-01-17 19:53:32 [websocket-heartbeat-1] INFO  c.z.n.s.d.u.NotificationProcessorImpl - Found 0 scheduled notifications to process
2026-01-17 19:53:32 [websocket-heartbeat-1] INFO  c.z.n.s.i.o.p.p.NotificationRepositoryAdapter - finding notifications with status: PENDING and scheduledAt before: 2026-01-17T19:53:32.810050700
2026-01-17 19:53:32 [websocket-heartbeat-1] INFO  c.z.n.s.d.u.NotificationProcessorImpl - Found 0 scheduled notifications to process
2026-01-17 19:53:32 [websocket-heartbeat-1] INFO  c.z.n.s.i.o.p.p.NotificationRepositoryAdapter - finding notifications with status: PENDING and scheduledAt before: 2026-01-17T19:53:32.812567500
2026-01-17 19:53:32 [websocket-heartbeat-1] INFO  c.z.n.s.d.u.NotificationProcessorImpl - Found 0 scheduled notifications to process
2026-01-17 19:53:32 [websocket-heartbeat-1] INFO  c.z.n.s.i.o.p.p.NotificationRepositoryAdapter - finding notifications with status: PENDING and scheduledAt before: 2026-01-17T19:53:32.815566400
2026-01-17 19:53:32 [websocket-heartbeat-1] INFO  c.z.n.s.d.u.NotificationProcessorImpl - Found 0 scheduled notifications to process
2026-01-17 19:53:32 [websocket-heartbeat-1] INFO  c.z.n.s.i.o.p.p.NotificationRepositoryAdapter - finding notifications with status: FAILED and retryCount less than: 3
2026-01-17 19:53:32 [websocket-heartbeat-1] INFO  c.z.n.s.d.u.NotificationProcessorImpl - Found 0 failed notifications to retry
2026-01-17 19:53:32 [websocket-heartbeat-1] INFO  c.z.n.s.i.o.p.p.NotificationRepositoryAdapter - finding notifications with status: PENDING and scheduledAt before: 2026-01-17T19:53:32.821083400
2026-01-17 19:53:32 [websocket-heartbeat-1] INFO  c.z.n.s.d.u.NotificationProcessorImpl - Found 0 scheduled notifications to process
2026-01-17 19:53:32 [websocket-heartbeat-1] INFO  c.z.n.s.i.o.p.p.NotificationRepositoryAdapter - finding notifications with status: PENDING and scheduledAt before: 2026-01-17T19:53:32.823608
2026-01-17 19:53:32 [websocket-heartbeat-1] INFO  c.z.n.s.d.u.NotificationProcessorImpl - Found 0 scheduled notifications to process
2026-01-17 19:53:32 [websocket-heartbeat-1] INFO  c.z.n.s.i.o.p.p.NotificationRepositoryAdapter - finding notifications with status: PENDING and scheduledAt before: 2026-01-17T19:53:32.826608900
2026-01-17 19:53:32 [websocket-heartbeat-1] INFO  c.z.n.s.d.u.NotificationProcessorImpl - Found 0 scheduled notifications to process
2026-01-17 19:53:32 [websocket-heartbeat-1] INFO  c.z.n.s.i.o.p.p.NotificationRepositoryAdapter - finding notifications with status: PENDING and scheduledAt before: 2026-01-17T19:53:32.829127100
2026-01-17 19:53:32 [websocket-heartbeat-1] INFO  c.z.n.s.d.u.NotificationProcessorImpl - Found 0 scheduled notifications to process
2026-01-17 19:53:32 [websocket-heartbeat-1] INFO  c.z.n.s.i.o.p.p.NotificationRepositoryAdapter - finding notifications with status: PENDING and scheduledAt before: 2026-01-17T19:53:32.832632800
2026-01-17 19:53:32 [websocket-heartbeat-1] INFO  c.z.n.s.d.u.NotificationProcessorImpl - Found 0 scheduled notifications to process
2026-01-17 19:53:32 [websocket-heartbeat-1] INFO  c.z.n.s.i.o.p.p.NotificationRepositoryAdapter - finding notifications with status: FAILED and retryCount less than: 3
2026-01-17 19:53:32 [websocket-heartbeat-1] INFO  c.z.n.s.d.u.NotificationProcessorImpl - Found 0 failed notifications to retry
2026-01-17 19:53:32 [websocket-heartbeat-1] INFO  c.z.n.s.i.o.p.p.NotificationRepositoryAdapter - finding notifications with status: PENDING and scheduledAt before: 2026-01-17T19:53:32.840174900
2026-01-17 19:53:32 [websocket-heartbeat-1] INFO  c.z.n.s.d.u.NotificationProcessorImpl - Found 0 scheduled notifications to process
2026-01-17 19:53:32 [websocket-heartbeat-1] INFO  c.z.n.s.i.o.p.p.NotificationRepositoryAdapter - finding notifications with status: PENDING and scheduledAt before: 2026-01-17T19:53:32.843682200
2026-01-17 19:53:32 [websocket-heartbeat-1] INFO  c.z.n.s.d.u.NotificationProcessorImpl - Found 0 scheduled notifications to process
2026-01-17 19:53:32 [websocket-heartbeat-1] INFO  c.z.n.s.i.o.p.p.NotificationRepositoryAdapter - finding notifications with status: PENDING and scheduledAt before: 2026-01-17T19:53:32.846689400
2026-01-17 19:53:32 [websocket-heartbeat-1] INFO  c.z.n.s.d.u.NotificationProcessorImpl - Found 0 scheduled notifications to process
2026-01-17 19:53:32 [websocket-heartbeat-1] INFO  c.z.n.s.i.o.p.p.NotificationRepositoryAdapter - finding notifications with status: PENDING and scheduledAt before: 2026-01-17T19:53:32.849198900
2026-01-17 19:53:32 [websocket-heartbeat-1] INFO  c.z.n.s.d.u.NotificationProcessorImpl - Found 0 scheduled notifications to process
2026-01-17 19:53:32 [websocket-heartbeat-1] INFO  c.z.n.s.i.o.p.p.NotificationRepositoryAdapter - finding notifications with status: PENDING and scheduledAt before: 2026-01-17T19:53:32.852206800
2026-01-17 19:53:32 [websocket-heartbeat-1] INFO  c.z.n.s.d.u.NotificationProcessorImpl - Found 0 scheduled notifications to process
2026-01-17 19:53:32 [websocket-heartbeat-1] INFO  c.z.n.s.i.o.p.p.NotificationRepositoryAdapter - finding notifications with status: FAILED and retryCount less than: 3
2026-01-17 19:53:32 [websocket-heartbeat-1] INFO  c.z.n.s.d.u.NotificationProcessorImpl - Found 0 failed notifications to retry
2026-01-17 19:53:32 [websocket-heartbeat-1] INFO  c.z.n.s.i.o.p.p.NotificationRepositoryAdapter - finding notifications with status: PENDING and scheduledAt before: 2026-01-17T19:53:32.858720400
2026-01-17 19:53:32 [websocket-heartbeat-1] INFO  c.z.n.s.d.u.NotificationProcessorImpl - Found 0 scheduled notifications to process
2026-01-17 19:53:32 [websocket-heartbeat-1] INFO  c.z.n.s.i.o.p.p.NotificationRepositoryAdapter - finding notifications with status: PENDING and scheduledAt before: 2026-01-17T19:53:32.863235200
2026-01-17 19:53:32 [websocket-heartbeat-1] INFO  c.z.n.s.d.u.NotificationProcessorImpl - Found 0 scheduled notifications to process
2026-01-17 19:53:32 [websocket-heartbeat-1] INFO  c.z.n.s.i.o.p.p.NotificationRepositoryAdapter - finding notifications with status: PENDING and scheduledAt before: 2026-01-17T19:53:32.865703100
2026-01-17 19:53:32 [websocket-heartbeat-1] INFO  c.z.n.s.d.u.NotificationProcessorImpl - Found 0 scheduled notifications to process
2026-01-17 19:53:32 [websocket-heartbeat-1] INFO  c.z.n.s.i.o.p.p.NotificationRepositoryAdapter - finding notifications with status: PENDING and scheduledAt before: 2026-01-17T19:53:32.869216600
2026-01-17 19:53:32 [websocket-heartbeat-1] INFO  c.z.n.s.d.u.NotificationProcessorImpl - Found 0 scheduled notifications to process
2026-01-17 19:53:32 [websocket-heartbeat-1] INFO  c.z.n.s.i.o.p.p.NotificationRepositoryAdapter - finding notifications with status: PENDING and scheduledAt before: 2026-01-17T19:53:32.871232200
2026-01-17 19:53:32 [websocket-heartbeat-1] INFO  c.z.n.s.d.u.NotificationProcessorImpl - Found 0 scheduled notifications to process
2026-01-17 19:53:32 [websocket-heartbeat-1] INFO  c.z.n.s.i.o.p.p.NotificationRepositoryAdapter - finding notifications with status: FAILED and retryCount less than: 3
2026-01-17 19:53:32 [websocket-heartbeat-1] INFO  c.z.n.s.d.u.NotificationProcessorImpl - Found 0 failed notifications to retry
2026-01-17 19:53:32 [websocket-heartbeat-1] INFO  c.z.n.s.i.o.p.p.NotificationRepositoryAdapter - finding notifications with status: PENDING and scheduledAt before: 2026-01-17T19:53:32.876746600
2026-01-17 19:53:32 [websocket-heartbeat-1] INFO  c.z.n.s.d.u.NotificationProcessorImpl - Found 0 scheduled notifications to process
2026-01-17 19:53:32 [websocket-heartbeat-1] INFO  c.z.n.s.i.o.p.p.NotificationRepositoryAdapter - finding notifications with status: PENDING and scheduledAt before: 2026-01-17T19:53:32.879744900
2026-01-17 19:53:32 [websocket-heartbeat-1] INFO  c.z.n.s.d.u.NotificationProcessorImpl - Found 0 scheduled notifications to process
2026-01-17 19:53:32 [websocket-heartbeat-1] INFO  c.z.n.s.i.o.p.p.NotificationRepositoryAdapter - finding notifications with status: PENDING and scheduledAt before: 2026-01-17T19:53:32.894641100
2026-01-17 19:53:32 [websocket-heartbeat-1] INFO  c.z.n.s.d.u.NotificationProcessorImpl - Found 0 scheduled notifications to process
2026-01-17 19:53:32 [websocket-heartbeat-1] INFO  c.z.n.s.i.o.p.p.NotificationRepositoryAdapter - finding notifications with status: PENDING and scheduledAt before: 2026-01-17T19:53:32.897153800
2026-01-17 19:53:32 [websocket-heartbeat-1] INFO  c.z.n.s.d.u.NotificationProcessorImpl - Found 0 scheduled notifications to process
2026-01-17 19:53:32 [websocket-heartbeat-1] INFO  c.z.n.s.i.o.p.p.NotificationRepositoryAdapter - finding notifications with status: PENDING and scheduledAt before: 2026-01-17T19:53:32.900155500
2026-01-17 19:53:32 [websocket-heartbeat-1] INFO  c.z.n.s.d.u.NotificationProcessorImpl - Found 0 scheduled notifications to process
2026-01-17 19:53:32 [websocket-heartbeat-1] INFO  c.z.n.s.i.o.p.p.NotificationRepositoryAdapter - finding notifications with status: FAILED and retryCount less than: 3
2026-01-17 19:53:32 [websocket-heartbeat-1] INFO  c.z.n.s.d.u.NotificationProcessorImpl - Found 0 failed notifications to retry
2026-01-17 19:53:32 [websocket-heartbeat-1] INFO  c.z.n.s.i.o.p.p.NotificationRepositoryAdapter - finding notifications with status: PENDING and scheduledAt before: 2026-01-17T19:53:32.905515200
2026-01-17 19:53:32 [websocket-heartbeat-1] INFO  c.z.n.s.d.u.NotificationProcessorImpl - Found 0 scheduled notifications to process
2026-01-17 19:53:32 [websocket-heartbeat-1] INFO  c.z.n.s.i.o.p.p.NotificationRepositoryAdapter - finding notifications with status: PENDING and scheduledAt before: 2026-01-17T19:53:32.908080
2026-01-17 19:53:32 [websocket-heartbeat-1] INFO  c.z.n.s.d.u.NotificationProcessorImpl - Found 0 scheduled notifications to process
2026-01-17 19:53:32 [websocket-heartbeat-1] INFO  c.z.n.s.i.o.p.p.NotificationRepositoryAdapter - finding notifications with status: PENDING and scheduledAt before: 2026-01-17T19:53:32.910087300
2026-01-17 19:53:32 [websocket-heartbeat-1] INFO  c.z.n.s.d.u.NotificationProcessorImpl - Found 0 scheduled notifications to process
2026-01-17 19:53:32 [websocket-heartbeat-1] INFO  c.z.n.s.i.o.p.p.NotificationRepositoryAdapter - finding notifications with status: PENDING and scheduledAt before: 2026-01-17T19:53:32.913088
2026-01-17 19:53:32 [websocket-heartbeat-1] INFO  c.z.n.s.d.u.NotificationProcessorImpl - Found 0 scheduled notifications to process
2026-01-17 19:53:32 [websocket-heartbeat-1] INFO  c.z.n.s.i.o.p.p.NotificationRepositoryAdapter - finding notifications with status: PENDING and scheduledAt before: 2026-01-17T19:53:32.915087600
2026-01-17 19:53:32 [websocket-heartbeat-1] INFO  c.z.n.s.d.u.NotificationProcessorImpl - Found 0 scheduled notifications to process
2026-01-17 19:53:32 [websocket-heartbeat-1] INFO  c.z.n.s.i.o.p.p.NotificationRepositoryAdapter - finding notifications with status: FAILED and retryCount less than: 3
2026-01-17 19:53:32 [websocket-heartbeat-1] INFO  c.z.n.s.d.u.NotificationProcessorImpl - Found 0 failed notifications to retry
2026-01-17 19:53:32 [websocket-heartbeat-1] INFO  c.z.n.s.i.o.p.p.NotificationRepositoryAdapter - finding notifications with status: PENDING and scheduledAt before: 2026-01-17T19:53:32.920607700
2026-01-17 19:53:32 [websocket-heartbeat-1] INFO  c.z.n.s.d.u.NotificationProcessorImpl - Found 0 scheduled notifications to process
2026-01-17 19:53:32 [websocket-heartbeat-1] INFO  c.z.n.s.i.o.p.p.NotificationRepositoryAdapter - finding notifications with status: PENDING and scheduledAt before: 2026-01-17T19:53:32.923563
2026-01-17 19:53:32 [websocket-heartbeat-1] INFO  c.z.n.s.d.u.NotificationProcessorImpl - Found 0 scheduled notifications to process
2026-01-17 19:53:32 [websocket-heartbeat-1] INFO  c.z.n.s.i.o.p.p.NotificationRepositoryAdapter - finding notifications with status: PENDING and scheduledAt before: 2026-01-17T19:53:32.925564
2026-01-17 19:53:32 [websocket-heartbeat-1] INFO  c.z.n.s.d.u.NotificationProcessorImpl - Found 0 scheduled notifications to process
2026-01-17 19:53:32 [websocket-heartbeat-1] INFO  c.z.n.s.i.o.p.p.NotificationRepositoryAdapter - finding notifications with status: PENDING and scheduledAt before: 2026-01-17T19:53:32.938613700
2026-01-17 19:53:32 [websocket-heartbeat-1] INFO  c.z.n.s.d.u.NotificationProcessorImpl - Found 0 scheduled notifications to process
2026-01-17 19:53:32 [websocket-heartbeat-1] INFO  c.z.n.s.i.o.p.p.NotificationRepositoryAdapter - finding notifications with status: PENDING and scheduledAt before: 2026-01-17T19:53:32.941129
2026-01-17 19:53:32 [websocket-heartbeat-1] INFO  c.z.n.s.d.u.NotificationProcessorImpl - Found 0 scheduled notifications to process
2026-01-17 19:53:32 [websocket-heartbeat-1] INFO  c.z.n.s.i.o.p.p.NotificationRepositoryAdapter - finding notifications with status: FAILED and retryCount less than: 3
2026-01-17 19:53:32 [websocket-heartbeat-1] INFO  c.z.n.s.d.u.NotificationProcessorImpl - Found 0 failed notifications to retry
2026-01-17 19:53:32 [websocket-heartbeat-1] INFO  c.z.n.s.i.o.p.p.NotificationRepositoryAdapter - finding notifications with status: PENDING and scheduledAt before: 2026-01-17T19:53:32.947089200
2026-01-17 19:53:32 [websocket-heartbeat-1] INFO  c.z.n.s.d.u.NotificationProcessorImpl - Found 0 scheduled notifications to process
2026-01-17 19:53:32 [websocket-heartbeat-1] INFO  c.z.n.s.i.o.p.p.NotificationRepositoryAdapter - finding notifications with status: PENDING and scheduledAt before: 2026-01-17T19:53:32.949603300
2026-01-17 19:53:32 [websocket-heartbeat-1] INFO  c.z.n.s.d.u.NotificationProcessorImpl - Found 0 scheduled notifications to process
2026-01-17 19:53:32 [websocket-heartbeat-1] INFO  c.z.n.s.i.o.p.p.NotificationRepositoryAdapter - finding notifications with status: PENDING and scheduledAt before: 2026-01-17T19:53:32.952602400
2026-01-17 19:53:32 [websocket-heartbeat-1] INFO  c.z.n.s.d.u.NotificationProcessorImpl - Found 0 scheduled notifications to process
2026-01-17 19:53:32 [websocket-heartbeat-1] INFO  c.z.n.s.i.o.p.p.NotificationRepositoryAdapter - finding notifications with status: PENDING and scheduledAt before: 2026-01-17T19:53:32.955111800
2026-01-17 19:53:32 [websocket-heartbeat-1] INFO  c.z.n.s.d.u.NotificationProcessorImpl - Found 0 scheduled notifications to process
2026-01-17 19:53:32 [websocket-heartbeat-1] INFO  c.z.n.s.i.o.p.p.NotificationRepositoryAdapter - finding notifications with status: PENDING and scheduledAt before: 2026-01-17T19:53:32.958120800
2026-01-17 19:53:32 [websocket-heartbeat-1] INFO  c.z.n.s.d.u.NotificationProcessorImpl - Found 0 scheduled notifications to process
2026-01-17 19:53:32 [websocket-heartbeat-1] INFO  c.z.n.s.i.o.p.p.NotificationRepositoryAdapter - finding notifications with status: FAILED and retryCount less than: 3
2026-01-17 19:53:32 [websocket-heartbeat-1] INFO  c.z.n.s.d.u.NotificationProcessorImpl - Found 0 failed notifications to retry
2026-01-17 19:53:32 [websocket-heartbeat-1] INFO  c.z.n.s.i.o.p.p.NotificationRepositoryAdapter - finding notifications with status: PENDING and scheduledAt before: 2026-01-17T19:53:32.963635600
2026-01-17 19:53:32 [websocket-heartbeat-1] INFO  c.z.n.s.d.u.NotificationProcessorImpl - Found 0 scheduled notifications to process
2026-01-17 19:53:32 [websocket-heartbeat-1] INFO  c.z.n.s.i.o.p.p.NotificationRepositoryAdapter - finding notifications with status: PENDING and scheduledAt before: 2026-01-17T19:53:32.966156700
2026-01-17 19:53:32 [websocket-heartbeat-1] INFO  c.z.n.s.d.u.NotificationProcessorImpl - Found 0 scheduled notifications to process
2026-01-17 19:53:32 [websocket-heartbeat-1] INFO  c.z.n.s.i.o.p.p.NotificationRepositoryAdapter - finding notifications with status: PENDING and scheduledAt before: 2026-01-17T19:53:32.969666400
2026-01-17 19:53:32 [websocket-heartbeat-1] INFO  c.z.n.s.d.u.NotificationProcessorImpl - Found 0 scheduled notifications to process
2026-01-17 19:53:32 [websocket-heartbeat-1] INFO  c.z.n.s.i.o.p.p.NotificationRepositoryAdapter - finding notifications with status: PENDING and scheduledAt before: 2026-01-17T19:53:32.972675800
2026-01-17 19:53:32 [websocket-heartbeat-1] INFO  c.z.n.s.d.u.NotificationProcessorImpl - Found 0 scheduled notifications to process
2026-01-17 19:53:32 [websocket-heartbeat-1] INFO  c.z.n.s.i.o.p.p.NotificationRepositoryAdapter - finding notifications with status: PENDING and scheduledAt before: 2026-01-17T19:53:32.976191200
2026-01-17 19:53:32 [websocket-heartbeat-1] INFO  c.z.n.s.d.u.NotificationProcessorImpl - Found 0 scheduled notifications to process
2026-01-17 19:53:32 [websocket-heartbeat-1] INFO  c.z.n.s.i.o.p.p.NotificationRepositoryAdapter - finding notifications with status: FAILED and retryCount less than: 3
2026-01-17 19:53:32 [websocket-heartbeat-1] INFO  c.z.n.s.d.u.NotificationProcessorImpl - Found 0 failed notifications to retry
2026-01-17 19:53:32 [websocket-heartbeat-1] INFO  c.z.n.s.i.o.p.p.NotificationRepositoryAdapter - finding notifications with status: PENDING and scheduledAt before: 2026-01-17T19:53:32.981223500
2026-01-17 19:53:32 [websocket-heartbeat-1] INFO  c.z.n.s.d.u.NotificationProcessorImpl - Found 0 scheduled notifications to process
2026-01-17 19:53:32 [websocket-heartbeat-1] INFO  c.z.n.s.i.o.p.p.NotificationRepositoryAdapter - finding notifications with status: PENDING and scheduledAt before: 2026-01-17T19:53:32.985761200
2026-01-17 19:53:32 [websocket-heartbeat-1] INFO  c.z.n.s.d.u.NotificationProcessorImpl - Found 0 scheduled notifications to process
2026-01-17 19:53:32 [websocket-heartbeat-1] INFO  c.z.n.s.i.o.p.p.NotificationRepositoryAdapter - finding notifications with status: PENDING and scheduledAt before: 2026-01-17T19:53:32.988761700
2026-01-17 19:53:32 [websocket-heartbeat-1] INFO  c.z.n.s.d.u.NotificationProcessorImpl - Found 0 scheduled notifications to process
2026-01-17 19:53:32 [websocket-heartbeat-1] INFO  c.z.n.s.i.o.p.p.NotificationRepositoryAdapter - finding notifications with status: PENDING and scheduledAt before: 2026-01-17T19:53:32.993275700
2026-01-17 19:53:32 [websocket-heartbeat-1] INFO  c.z.n.s.d.u.NotificationProcessorImpl - Found 0 scheduled notifications to process
2026-01-17 19:53:32 [websocket-heartbeat-1] INFO  c.z.n.s.i.o.p.p.NotificationRepositoryAdapter - finding notifications with status: PENDING and scheduledAt before: 2026-01-17T19:53:32.995286700
2026-01-17 19:53:32 [websocket-heartbeat-1] INFO  c.z.n.s.d.u.NotificationProcessorImpl - Found 0 scheduled notifications to process
2026-01-17 19:53:32 [websocket-heartbeat-1] INFO  c.z.n.s.i.o.p.p.NotificationRepositoryAdapter - finding notifications with status: FAILED and retryCount less than: 3
2026-01-17 19:53:33 [websocket-heartbeat-1] INFO  c.z.n.s.d.u.NotificationProcessorImpl - Found 0 failed notifications to retry
2026-01-17 19:53:33 [websocket-heartbeat-1] INFO  c.z.n.s.i.o.p.p.NotificationRepositoryAdapter - finding notifications with status: PENDING and scheduledAt before: 2026-01-17T19:53:33.000797700
2026-01-17 19:53:33 [websocket-heartbeat-1] INFO  c.z.n.s.d.u.NotificationProcessorImpl - Found 0 scheduled notifications to process
2026-01-17 19:53:33 [websocket-heartbeat-1] INFO  c.z.n.s.i.o.p.p.NotificationRepositoryAdapter - finding notifications with status: PENDING and scheduledAt before: 2026-01-17T19:53:33.003806600
2026-01-17 19:53:33 [websocket-heartbeat-1] INFO  c.z.n.s.d.u.NotificationProcessorImpl - Found 0 scheduled notifications to process
2026-01-17 19:53:33 [websocket-heartbeat-1] INFO  c.z.n.s.i.o.p.p.NotificationRepositoryAdapter - finding notifications with status: PENDING and scheduledAt before: 2026-01-17T19:53:33.007321300
2026-01-17 19:53:33 [websocket-heartbeat-1] INFO  c.z.n.s.d.u.NotificationProcessorImpl - Found 0 scheduled notifications to process
2026-01-17 19:53:33 [websocket-heartbeat-1] INFO  c.z.n.s.i.o.p.p.NotificationRepositoryAdapter - finding notifications with status: PENDING and scheduledAt before: 2026-01-17T19:53:33.013578700
2026-01-17 19:53:33 [websocket-heartbeat-1] INFO  c.z.n.s.d.u.NotificationProcessorImpl - Found 0 scheduled notifications to process
2026-01-17 19:53:33 [websocket-heartbeat-1] INFO  c.z.n.s.i.o.p.p.NotificationRepositoryAdapter - finding notifications with status: PENDING and scheduledAt before: 2026-01-17T19:53:33.016085900
2026-01-17 19:53:33 [websocket-heartbeat-1] INFO  c.z.n.s.d.u.NotificationProcessorImpl - Found 0 scheduled notifications to process
2026-01-17 19:53:33 [websocket-heartbeat-1] INFO  c.z.n.s.i.o.p.p.NotificationRepositoryAdapter - finding notifications with status: FAILED and retryCount less than: 3
2026-01-17 19:53:33 [websocket-heartbeat-1] INFO  c.z.n.s.d.u.NotificationProcessorImpl - Found 0 failed notifications to retry
2026-01-17 19:53:33 [websocket-heartbeat-1] INFO  c.z.n.s.i.o.p.p.NotificationRepositoryAdapter - finding notifications with status: PENDING and scheduledAt before: 2026-01-17T19:53:33.021094300
2026-01-17 19:53:33 [websocket-heartbeat-1] INFO  c.z.n.s.d.u.NotificationProcessorImpl - Found 0 scheduled notifications to process
2026-01-17 19:53:33 [websocket-heartbeat-1] INFO  c.z.n.s.i.o.p.p.NotificationRepositoryAdapter - finding notifications with status: PENDING and scheduledAt before: 2026-01-17T19:53:33.024611900
2026-01-17 19:53:33 [websocket-heartbeat-1] INFO  c.z.n.s.d.u.NotificationProcessorImpl - Found 0 scheduled notifications to process
2026-01-17 19:53:33 [websocket-heartbeat-1] INFO  c.z.n.s.i.o.p.p.NotificationRepositoryAdapter - finding notifications with status: PENDING and scheduledAt before: 2026-01-17T19:53:33.035245800
2026-01-17 19:53:33 [websocket-heartbeat-1] INFO  c.z.n.s.d.u.NotificationProcessorImpl - Found 0 scheduled notifications to process
2026-01-17 19:53:33 [websocket-heartbeat-1] INFO  c.z.n.s.i.o.p.p.NotificationRepositoryAdapter - finding notifications with status: PENDING and scheduledAt before: 2026-01-17T19:53:33.041192500
2026-01-17 19:53:33 [websocket-heartbeat-1] INFO  c.z.n.s.d.u.NotificationProcessorImpl - Found 0 scheduled notifications to process
2026-01-17 19:53:33 [websocket-heartbeat-1] INFO  c.z.n.s.i.o.p.p.NotificationRepositoryAdapter - finding notifications with status: PENDING and scheduledAt before: 2026-01-17T19:53:33.044102900
2026-01-17 19:53:33 [websocket-heartbeat-1] INFO  c.z.n.s.d.u.NotificationProcessorImpl - Found 0 scheduled notifications to process
2026-01-17 19:53:33 [websocket-heartbeat-1] INFO  c.z.n.s.i.o.p.p.NotificationRepositoryAdapter - finding notifications with status: FAILED and retryCount less than: 3
2026-01-17 19:53:33 [websocket-heartbeat-1] INFO  c.z.n.s.d.u.NotificationProcessorImpl - Found 0 failed notifications to retry
2026-01-17 19:53:33 [websocket-heartbeat-1] INFO  c.z.n.s.i.o.p.p.NotificationRepositoryAdapter - finding notifications with status: PENDING and scheduledAt before: 2026-01-17T19:53:33.057587700
2026-01-17 19:53:33 [websocket-heartbeat-1] INFO  c.z.n.s.d.u.NotificationProcessorImpl - Found 0 scheduled notifications to process
2026-01-17 19:53:33 [websocket-heartbeat-1] INFO  c.z.n.s.i.o.p.p.NotificationRepositoryAdapter - finding notifications with status: PENDING and scheduledAt before: 2026-01-17T19:53:33.063416600
2026-01-17 19:53:33 [websocket-heartbeat-1] INFO  c.z.n.s.d.u.NotificationProcessorImpl - Found 0 scheduled notifications to process
2026-01-17 19:53:33 [websocket-heartbeat-1] INFO  c.z.n.s.i.o.p.p.NotificationRepositoryAdapter - finding notifications with status: PENDING and scheduledAt before: 2026-01-17T19:53:33.066671800
2026-01-17 19:53:33 [websocket-heartbeat-1] INFO  c.z.n.s.d.u.NotificationProcessorImpl - Found 0 scheduled notifications to process
2026-01-17 19:53:33 [websocket-heartbeat-1] INFO  c.z.n.s.i.o.p.p.NotificationRepositoryAdapter - finding notifications with status: PENDING and scheduledAt before: 2026-01-17T19:53:33.069879200
2026-01-17 19:53:33 [websocket-heartbeat-1] INFO  c.z.n.s.d.u.NotificationProcessorImpl - Found 0 scheduled notifications to process
2026-01-17 19:53:33 [websocket-heartbeat-1] INFO  c.z.n.s.i.o.p.p.NotificationRepositoryAdapter - finding notifications with status: PENDING and scheduledAt before: 2026-01-17T19:53:33.072521800
2026-01-17 19:53:33 [websocket-heartbeat-1] INFO  c.z.n.s.d.u.NotificationProcessorImpl - Found 0 scheduled notifications to process
2026-01-17 19:53:33 [websocket-heartbeat-1] INFO  c.z.n.s.i.o.p.p.NotificationRepositoryAdapter - finding notifications with status: FAILED and retryCount less than: 3
2026-01-17 19:53:33 [websocket-heartbeat-1] INFO  c.z.n.s.d.u.NotificationProcessorImpl - Found 0 failed notifications to retry
2026-01-17 19:53:33 [websocket-heartbeat-1] INFO  c.z.n.s.i.o.p.p.NotificationRepositoryAdapter - finding notifications with status: PENDING and scheduledAt before: 2026-01-17T19:53:33.078170400
2026-01-17 19:53:33 [websocket-heartbeat-1] INFO  c.z.n.s.d.u.NotificationProcessorImpl - Found 0 scheduled notifications to process
2026-01-17 19:53:33 [websocket-heartbeat-1] INFO  c.z.n.s.i.o.p.p.NotificationRepositoryAdapter - finding notifications with status: PENDING and scheduledAt before: 2026-01-17T19:53:33.080650100
2026-01-17 19:53:33 [websocket-heartbeat-1] INFO  c.z.n.s.d.u.NotificationProcessorImpl - Found 0 scheduled notifications to process
2026-01-17 19:53:33 [websocket-heartbeat-1] INFO  c.z.n.s.i.o.p.p.NotificationRepositoryAdapter - finding notifications with status: PENDING and scheduledAt before: 2026-01-17T19:53:33.083201
2026-01-17 19:53:33 [websocket-heartbeat-1] INFO  c.z.n.s.d.u.NotificationProcessorImpl - Found 0 scheduled notifications to process
2026-01-17 19:53:33 [websocket-heartbeat-1] INFO  c.z.n.s.i.o.p.p.NotificationRepositoryAdapter - finding notifications with status: PENDING and scheduledAt before: 2026-01-17T19:53:33.085725
2026-01-17 19:53:33 [websocket-heartbeat-1] INFO  c.z.n.s.d.u.NotificationProcessorImpl - Found 0 scheduled notifications to process
2026-01-17 19:53:33 [websocket-heartbeat-1] INFO  c.z.n.s.i.o.p.p.NotificationRepositoryAdapter - finding notifications with status: PENDING and scheduledAt before: 2026-01-17T19:53:33.088731100
2026-01-17 19:53:33 [websocket-heartbeat-1] INFO  c.z.n.s.d.u.NotificationProcessorImpl - Found 0 scheduled notifications to process
2026-01-17 19:53:33 [websocket-heartbeat-1] INFO  c.z.n.s.i.o.p.p.NotificationRepositoryAdapter - finding notifications with status: FAILED and retryCount less than: 3
2026-01-17 19:53:33 [websocket-heartbeat-1] INFO  c.z.n.s.d.u.NotificationProcessorImpl - Found 0 failed notifications to retry
2026-01-17 19:53:33 [websocket-heartbeat-1] INFO  c.z.n.s.i.o.p.p.NotificationRepositoryAdapter - finding notifications with status: PENDING and scheduledAt before: 2026-01-17T19:53:33.095764800
2026-01-17 19:53:33 [websocket-heartbeat-1] INFO  c.z.n.s.d.u.NotificationProcessorImpl - Found 0 scheduled notifications to process
2026-01-17 19:53:33 [websocket-heartbeat-1] INFO  c.z.n.s.i.o.p.p.NotificationRepositoryAdapter - finding notifications with status: PENDING and scheduledAt before: 2026-01-17T19:53:33.100278700
2026-01-17 19:53:33 [websocket-heartbeat-1] INFO  c.z.n.s.d.u.NotificationProcessorImpl - Found 0 scheduled notifications to process
2026-01-17 19:53:33 [websocket-heartbeat-1] INFO  c.z.n.s.i.o.p.p.NotificationRepositoryAdapter - finding notifications with status: PENDING and scheduledAt before: 2026-01-17T19:53:33.105397800
2026-01-17 19:53:33 [websocket-heartbeat-1] INFO  c.z.n.s.d.u.NotificationProcessorImpl - Found 0 scheduled notifications to process
2026-01-17 19:53:33 [websocket-heartbeat-1] INFO  c.z.n.s.i.o.p.p.NotificationRepositoryAdapter - finding notifications with status: PENDING and scheduledAt before: 2026-01-17T19:53:33.107918500
2026-01-17 19:53:33 [websocket-heartbeat-1] INFO  c.z.n.s.d.u.NotificationProcessorImpl - Found 0 scheduled notifications to process
2026-01-17 19:53:33 [websocket-heartbeat-1] INFO  c.z.n.s.i.o.p.p.NotificationRepositoryAdapter - finding notifications with status: PENDING and scheduledAt before: 2026-01-17T19:53:33.110439300
2026-01-17 19:53:33 [websocket-heartbeat-1] INFO  c.z.n.s.d.u.NotificationProcessorImpl - Found 0 scheduled notifications to process
2026-01-17 19:53:33 [websocket-heartbeat-1] INFO  c.z.n.s.i.o.p.p.NotificationRepositoryAdapter - finding notifications with status: FAILED and retryCount less than: 3
2026-01-17 19:53:33 [websocket-heartbeat-1] INFO  c.z.n.s.d.u.NotificationProcessorImpl - Found 0 failed notifications to retry
2026-01-17 19:53:33 [websocket-heartbeat-1] INFO  c.z.n.s.i.o.p.p.NotificationRepositoryAdapter - finding notifications with status: PENDING and scheduledAt before: 2026-01-17T19:53:33.116792400
2026-01-17 19:53:33 [websocket-heartbeat-1] INFO  c.z.n.s.d.u.NotificationProcessorImpl - Found 0 scheduled notifications to process
2026-01-17 19:53:33 [websocket-heartbeat-1] INFO  c.z.n.s.i.o.p.p.NotificationRepositoryAdapter - finding notifications with status: PENDING and scheduledAt before: 2026-01-17T19:53:33.119457500
2026-01-17 19:53:33 [websocket-heartbeat-1] INFO  c.z.n.s.d.u.NotificationProcessorImpl - Found 0 scheduled notifications to process
2026-01-17 19:53:33 [websocket-heartbeat-1] INFO  c.z.n.s.i.o.p.p.NotificationRepositoryAdapter - finding notifications with status: PENDING and scheduledAt before: 2026-01-17T19:53:33.122127300
2026-01-17 19:53:33 [websocket-heartbeat-1] INFO  c.z.n.s.d.u.NotificationProcessorImpl - Found 0 scheduled notifications to process
2026-01-17 19:53:33 [websocket-heartbeat-1] INFO  c.z.n.s.i.o.p.p.NotificationRepositoryAdapter - finding notifications with status: PENDING and scheduledAt before: 2026-01-17T19:53:33.124761300
2026-01-17 19:53:33 [websocket-heartbeat-1] INFO  c.z.n.s.d.u.NotificationProcessorImpl - Found 0 scheduled notifications to process
2026-01-17 19:53:33 [websocket-heartbeat-1] INFO  c.z.n.s.i.o.p.p.NotificationRepositoryAdapter - finding notifications with status: PENDING and scheduledAt before: 2026-01-17T19:53:33.127403400
2026-01-17 19:53:33 [websocket-heartbeat-1] INFO  c.z.n.s.d.u.NotificationProcessorImpl - Found 0 scheduled notifications to process
2026-01-17 19:53:33 [websocket-heartbeat-1] INFO  c.z.n.s.i.o.p.p.NotificationRepositoryAdapter - finding notifications with status: FAILED and retryCount less than: 3
2026-01-17 19:53:33 [websocket-heartbeat-1] INFO  c.z.n.s.d.u.NotificationProcessorImpl - Found 0 failed notifications to retry
2026-01-17 19:53:33 [websocket-heartbeat-1] INFO  c.z.n.s.i.o.p.p.NotificationRepositoryAdapter - finding notifications with status: PENDING and scheduledAt before: 2026-01-17T19:53:33.132302
2026-01-17 19:53:33 [websocket-heartbeat-1] INFO  c.z.n.s.d.u.NotificationProcessorImpl - Found 0 scheduled notifications to process
2026-01-17 19:53:33 [websocket-heartbeat-1] INFO  c.z.n.s.i.o.p.p.NotificationRepositoryAdapter - finding notifications with status: PENDING and scheduledAt before: 2026-01-17T19:53:33.137237800
2026-01-17 19:53:33 [websocket-heartbeat-1] INFO  c.z.n.s.d.u.NotificationProcessorImpl - Found 0 scheduled notifications to process
2026-01-17 19:53:33 [websocket-heartbeat-1] INFO  c.z.n.s.i.o.p.p.NotificationRepositoryAdapter - finding notifications with status: PENDING and scheduledAt before: 2026-01-17T19:53:33.140817400
2026-01-17 19:53:33 [websocket-heartbeat-1] INFO  c.z.n.s.d.u.NotificationProcessorImpl - Found 0 scheduled notifications to process
2026-01-17 19:53:33 [websocket-heartbeat-1] INFO  c.z.n.s.i.o.p.p.NotificationRepositoryAdapter - finding notifications with status: PENDING and scheduledAt before: 2026-01-17T19:53:33.143404500
2026-01-17 19:53:33 [websocket-heartbeat-1] INFO  c.z.n.s.d.u.NotificationProcessorImpl - Found 0 scheduled notifications to process
2026-01-17 19:53:33 [websocket-heartbeat-1] INFO  c.z.n.s.i.o.p.p.NotificationRepositoryAdapter - finding notifications with status: PENDING and scheduledAt before: 2026-01-17T19:53:33.146455700
2026-01-17 19:53:33 [websocket-heartbeat-1] INFO  c.z.n.s.d.u.NotificationProcessorImpl - Found 0 scheduled notifications to process
2026-01-17 19:53:33 [websocket-heartbeat-1] INFO  c.z.n.s.i.o.p.p.NotificationRepositoryAdapter - finding notifications with status: FAILED and retryCount less than: 3
2026-01-17 19:53:33 [websocket-heartbeat-1] INFO  c.z.n.s.d.u.NotificationProcessorImpl - Found 0 failed notifications to retry
2026-01-17 19:53:33 [websocket-heartbeat-1] INFO  c.z.n.s.i.o.p.p.NotificationRepositoryAdapter - finding notifications with status: PENDING and scheduledAt before: 2026-01-17T19:53:33.151973700
2026-01-17 19:53:33 [websocket-heartbeat-1] INFO  c.z.n.s.d.u.NotificationProcessorImpl - Found 0 scheduled notifications to process
2026-01-17 19:53:33 [websocket-heartbeat-1] INFO  c.z.n.s.i.o.p.p.NotificationRepositoryAdapter - finding notifications with status: PENDING and scheduledAt before: 2026-01-17T19:53:33.154484900
2026-01-17 19:53:33 [websocket-heartbeat-1] INFO  c.z.n.s.d.u.NotificationProcessorImpl - Found 0 scheduled notifications to process
2026-01-17 19:53:33 [websocket-heartbeat-1] INFO  c.z.n.s.i.o.p.p.NotificationRepositoryAdapter - finding notifications with status: PENDING and scheduledAt before: 2026-01-17T19:53:33.157486100
2026-01-17 19:53:33 [websocket-heartbeat-1] INFO  c.z.n.s.d.u.NotificationProcessorImpl - Found 0 scheduled notifications to process
2026-01-17 19:53:33 [websocket-heartbeat-1] INFO  c.z.n.s.i.o.p.p.NotificationRepositoryAdapter - finding notifications with status: PENDING and scheduledAt before: 2026-01-17T19:53:33.159486500
2026-01-17 19:53:33 [websocket-heartbeat-1] INFO  c.z.n.s.d.u.NotificationProcessorImpl - Found 0 scheduled notifications to process
2026-01-17 19:53:33 [websocket-heartbeat-1] INFO  c.z.n.s.i.o.p.p.NotificationRepositoryAdapter - finding notifications with status: PENDING and scheduledAt before: 2026-01-17T19:53:33.162486200
2026-01-17 19:53:33 [websocket-heartbeat-1] INFO  c.z.n.s.d.u.NotificationProcessorImpl - Found 0 scheduled notifications to process
2026-01-17 19:53:33 [websocket-heartbeat-1] INFO  c.z.n.s.i.o.p.p.NotificationRepositoryAdapter - finding notifications with status: FAILED and retryCount less than: 3
2026-01-17 19:53:33 [websocket-heartbeat-1] INFO  c.z.n.s.d.u.NotificationProcessorImpl - Found 0 failed notifications to retry
2026-01-17 19:53:33 [websocket-heartbeat-1] INFO  c.z.n.s.i.o.p.p.NotificationRepositoryAdapter - finding notifications with status: PENDING and scheduledAt before: 2026-01-17T19:53:33.169001400
2026-01-17 19:53:33 [websocket-heartbeat-1] INFO  c.z.n.s.d.u.NotificationProcessorImpl - Found 0 scheduled notifications to process
2026-01-17 19:53:33 [websocket-heartbeat-1] INFO  c.z.n.s.i.o.p.p.NotificationRepositoryAdapter - finding notifications with status: PENDING and scheduledAt before: 2026-01-17T19:53:33.172002
2026-01-17 19:53:33 [websocket-heartbeat-1] INFO  c.z.n.s.d.u.NotificationProcessorImpl - Found 0 scheduled notifications to process
2026-01-17 19:53:33 [websocket-heartbeat-1] INFO  c.z.n.s.i.o.p.p.NotificationRepositoryAdapter - finding notifications with status: PENDING and scheduledAt before: 2026-01-17T19:53:33.174556900
2026-01-17 19:53:33 [websocket-heartbeat-1] INFO  c.z.n.s.d.u.NotificationProcessorImpl - Found 0 scheduled notifications to process
2026-01-17 19:53:33 [websocket-heartbeat-1] INFO  c.z.n.s.i.o.p.p.NotificationRepositoryAdapter - finding notifications with status: PENDING and scheduledAt before: 2026-01-17T19:53:33.178073300
2026-01-17 19:53:33 [websocket-heartbeat-1] INFO  c.z.n.s.d.u.NotificationProcessorImpl - Found 0 scheduled notifications to process
2026-01-17 19:53:33 [websocket-heartbeat-1] INFO  c.z.n.s.i.o.p.p.NotificationRepositoryAdapter - finding notifications with status: PENDING and scheduledAt before: 2026-01-17T19:53:33.181081900
2026-01-17 19:53:33 [websocket-heartbeat-1] INFO  c.z.n.s.d.u.NotificationProcessorImpl - Found 0 scheduled notifications to process
2026-01-17 19:53:33 [websocket-heartbeat-1] INFO  c.z.n.s.i.o.p.p.NotificationRepositoryAdapter - finding notifications with status: FAILED and retryCount less than: 3
2026-01-17 19:53:33 [websocket-heartbeat-1] INFO  c.z.n.s.d.u.NotificationProcessorImpl - Found 0 failed notifications to retry
2026-01-17 19:53:33 [websocket-heartbeat-1] INFO  c.z.n.s.i.o.p.p.NotificationRepositoryAdapter - finding notifications with status: PENDING and scheduledAt before: 2026-01-17T19:53:33.188597100
2026-01-17 19:53:33 [websocket-heartbeat-1] INFO  c.z.n.s.d.u.NotificationProcessorImpl - Found 0 scheduled notifications to process
2026-01-17 19:53:33 [websocket-heartbeat-1] INFO  c.z.n.s.i.o.p.p.NotificationRepositoryAdapter - finding notifications with status: PENDING and scheduledAt before: 2026-01-17T19:53:33.191069700
2026-01-17 19:53:33 [websocket-heartbeat-1] INFO  c.z.n.s.d.u.NotificationProcessorImpl - Found 0 scheduled notifications to process
2026-01-17 19:53:33 [websocket-heartbeat-1] INFO  c.z.n.s.i.o.p.p.NotificationRepositoryAdapter - finding notifications with status: PENDING and scheduledAt before: 2026-01-17T19:53:33.193584300
2026-01-17 19:53:33 [websocket-heartbeat-1] INFO  c.z.n.s.d.u.NotificationProcessorImpl - Found 0 scheduled notifications to process
2026-01-17 19:53:33 [websocket-heartbeat-1] INFO  c.z.n.s.i.o.p.p.NotificationRepositoryAdapter - finding notifications with status: PENDING and scheduledAt before: 2026-01-17T19:53:33.196692300
2026-01-17 19:53:33 [websocket-heartbeat-1] INFO  c.z.n.s.d.u.NotificationProcessorImpl - Found 0 scheduled notifications to process
2026-01-17 19:53:33 [websocket-heartbeat-1] INFO  c.z.n.s.i.o.p.p.NotificationRepositoryAdapter - finding notifications with status: PENDING and scheduledAt before: 2026-01-17T19:53:33.199338500
2026-01-17 19:53:33 [websocket-heartbeat-1] INFO  c.z.n.s.d.u.NotificationProcessorImpl - Found 0 scheduled notifications to process
2026-01-17 19:53:33 [websocket-heartbeat-1] INFO  c.z.n.s.i.o.p.p.NotificationRepositoryAdapter - finding notifications with status: FAILED and retryCount less than: 3
2026-01-17 19:53:33 [websocket-heartbeat-1] INFO  c.z.n.s.d.u.NotificationProcessorImpl - Found 0 failed notifications to retry
2026-01-17 19:53:33 [websocket-heartbeat-1] INFO  c.z.n.s.i.o.p.p.NotificationRepositoryAdapter - finding notifications with status: PENDING and scheduledAt before: 2026-01-17T19:53:33.204636100
2026-01-17 19:53:33 [websocket-heartbeat-1] INFO  c.z.n.s.d.u.NotificationProcessorImpl - Found 0 scheduled notifications to process
2026-01-17 19:53:33 [websocket-heartbeat-1] INFO  c.z.n.s.i.o.p.p.NotificationRepositoryAdapter - finding notifications with status: PENDING and scheduledAt before: 2026-01-17T19:53:33.208473800
2026-01-17 19:53:33 [websocket-heartbeat-1] INFO  c.z.n.s.d.u.NotificationProcessorImpl - Found 0 scheduled notifications to process
2026-01-17 19:53:33 [websocket-heartbeat-1] INFO  c.z.n.s.i.o.p.p.NotificationRepositoryAdapter - finding notifications with status: PENDING and scheduledAt before: 2026-01-17T19:53:33.211318500
2026-01-17 19:53:33 [websocket-heartbeat-1] INFO  c.z.n.s.d.u.NotificationProcessorImpl - Found 0 scheduled notifications to process
2026-01-17 19:53:33 [websocket-heartbeat-1] INFO  c.z.n.s.i.o.p.p.NotificationRepositoryAdapter - finding notifications with status: PENDING and scheduledAt before: 2026-01-17T19:53:33.214664200
2026-01-17 19:53:33 [websocket-heartbeat-1] INFO  c.z.n.s.d.u.NotificationProcessorImpl - Found 0 scheduled notifications to process
2026-01-17 19:53:33 [websocket-heartbeat-1] INFO  c.z.n.s.i.o.p.p.NotificationRepositoryAdapter - finding notifications with status: PENDING and scheduledAt before: 2026-01-17T19:53:33.217863300
2026-01-17 19:53:33 [websocket-heartbeat-1] INFO  c.z.n.s.d.u.NotificationProcessorImpl - Found 0 scheduled notifications to process
2026-01-17 19:53:33 [websocket-heartbeat-1] INFO  c.z.n.s.i.o.p.p.NotificationRepositoryAdapter - finding notifications with status: FAILED and retryCount less than: 3
2026-01-17 19:53:33 [websocket-heartbeat-1] INFO  c.z.n.s.d.u.NotificationProcessorImpl - Found 0 failed notifications to retry
2026-01-17 19:53:33 [websocket-heartbeat-1] INFO  c.z.n.s.i.o.p.p.NotificationRepositoryAdapter - finding notifications with status: PENDING and scheduledAt before: 2026-01-17T19:53:33.223248300
2026-01-17 19:53:33 [websocket-heartbeat-1] INFO  c.z.n.s.d.u.NotificationProcessorImpl - Found 0 scheduled notifications to process
2026-01-17 19:53:33 [websocket-heartbeat-1] INFO  c.z.n.s.i.o.p.p.NotificationRepositoryAdapter - finding notifications with status: PENDING and scheduledAt before: 2026-01-17T19:53:33.226427200
2026-01-17 19:53:33 [websocket-heartbeat-1] INFO  c.z.n.s.d.u.NotificationProcessorImpl - Found 0 scheduled notifications to process
2026-01-17 19:53:33 [websocket-heartbeat-1] INFO  c.z.n.s.i.o.p.p.NotificationRepositoryAdapter - finding notifications with status: PENDING and scheduledAt before: 2026-01-17T19:53:33.229217200
2026-01-17 19:53:33 [websocket-heartbeat-1] INFO  c.z.n.s.d.u.NotificationProcessorImpl - Found 0 scheduled notifications to process
2026-01-17 19:53:33 [websocket-heartbeat-1] INFO  c.z.n.s.i.o.p.p.NotificationRepositoryAdapter - finding notifications with status: PENDING and scheduledAt before: 2026-01-17T19:53:33.233070900
2026-01-17 19:53:33 [websocket-heartbeat-1] INFO  c.z.n.s.d.u.NotificationProcessorImpl - Found 0 scheduled notifications to process
2026-01-17 19:53:33 [websocket-heartbeat-1] INFO  c.z.n.s.i.o.p.p.NotificationRepositoryAdapter - finding notifications with status: PENDING and scheduledAt before: 2026-01-17T19:53:33.236582800
2026-01-17 19:53:33 [websocket-heartbeat-1] INFO  c.z.n.s.d.u.NotificationProcessorImpl - Found 0 scheduled notifications to process
2026-01-17 19:53:33 [websocket-heartbeat-1] INFO  c.z.n.s.i.o.p.p.NotificationRepositoryAdapter - finding notifications with status: FAILED and retryCount less than: 3
2026-01-17 19:53:33 [websocket-heartbeat-1] INFO  c.z.n.s.d.u.NotificationProcessorImpl - Found 0 failed notifications to retry
2026-01-17 19:53:33 [websocket-heartbeat-1] INFO  c.z.n.s.i.o.p.p.NotificationRepositoryAdapter - finding notifications with status: PENDING and scheduledAt before: 2026-01-17T19:53:33.241749100
2026-01-17 19:53:33 [websocket-heartbeat-1] INFO  c.z.n.s.d.u.NotificationProcessorImpl - Found 0 scheduled notifications to process
2026-01-17 19:53:33 [websocket-heartbeat-1] INFO  c.z.n.s.i.o.p.p.NotificationRepositoryAdapter - finding notifications with status: PENDING and scheduledAt before: 2026-01-17T19:53:33.244781600
2026-01-17 19:53:33 [websocket-heartbeat-1] INFO  c.z.n.s.d.u.NotificationProcessorImpl - Found 0 scheduled notifications to process
2026-01-17 19:53:33 [websocket-heartbeat-1] INFO  c.z.n.s.i.o.p.p.NotificationRepositoryAdapter - finding notifications with status: PENDING and scheduledAt before: 2026-01-17T19:53:33.247345900
2026-01-17 19:53:33 [websocket-heartbeat-1] INFO  c.z.n.s.d.u.NotificationProcessorImpl - Found 0 scheduled notifications to process
2026-01-17 19:53:33 [websocket-heartbeat-1] INFO  c.z.n.s.i.o.p.p.NotificationRepositoryAdapter - finding notifications with status: PENDING and scheduledAt before: 2026-01-17T19:53:33.248851200
2026-01-17 19:53:33 [websocket-heartbeat-1] INFO  c.z.n.s.d.u.NotificationProcessorImpl - Found 0 scheduled notifications to process
2026-01-17 19:53:33 [websocket-heartbeat-1] INFO  c.z.n.s.i.o.p.p.NotificationRepositoryAdapter - finding notifications with status: PENDING and scheduledAt before: 2026-01-17T19:53:33.254174100
2026-01-17 19:53:33 [websocket-heartbeat-1] INFO  c.z.n.s.d.u.NotificationProcessorImpl - Found 0 scheduled notifications to process
2026-01-17 19:53:33 [websocket-heartbeat-1] INFO  c.z.n.s.i.o.p.p.NotificationRepositoryAdapter - finding notifications with status: FAILED and retryCount less than: 3
2026-01-17 19:53:33 [websocket-heartbeat-1] INFO  c.z.n.s.d.u.NotificationProcessorImpl - Found 0 failed notifications to retry
2026-01-17 19:53:33 [websocket-heartbeat-1] INFO  c.z.n.s.i.o.p.p.NotificationRepositoryAdapter - finding notifications with status: PENDING and scheduledAt before: 2026-01-17T19:53:33.260181100
2026-01-17 19:53:33 [websocket-heartbeat-1] INFO  c.z.n.s.d.u.NotificationProcessorImpl - Found 0 scheduled notifications to process
2026-01-17 19:53:33 [websocket-heartbeat-1] INFO  c.z.n.s.i.o.p.p.NotificationRepositoryAdapter - finding notifications with status: PENDING and scheduledAt before: 2026-01-17T19:53:33.262203800
2026-01-17 19:53:33 [websocket-heartbeat-1] INFO  c.z.n.s.d.u.NotificationProcessorImpl - Found 0 scheduled notifications to process
2026-01-17 19:53:33 [websocket-heartbeat-1] INFO  c.z.n.s.i.o.p.p.NotificationRepositoryAdapter - finding notifications with status: PENDING and scheduledAt before: 2026-01-17T19:53:33.265109400
2026-01-17 19:53:33 [websocket-heartbeat-1] INFO  c.z.n.s.d.u.NotificationProcessorImpl - Found 0 scheduled notifications to process
2026-01-17 19:53:33 [websocket-heartbeat-1] INFO  c.z.n.s.i.o.p.p.NotificationRepositoryAdapter - finding notifications with status: PENDING and scheduledAt before: 2026-01-17T19:53:33.267933300
2026-01-17 19:53:33 [websocket-heartbeat-1] INFO  c.z.n.s.d.u.NotificationProcessorImpl - Found 0 scheduled notifications to process
2026-01-17 19:53:33 [websocket-heartbeat-1] INFO  c.z.n.s.i.o.p.p.NotificationRepositoryAdapter - finding notifications with status: PENDING and scheduledAt before: 2026-01-17T19:53:33.270309400
2026-01-17 19:53:33 [websocket-heartbeat-1] INFO  c.z.n.s.d.u.NotificationProcessorImpl - Found 0 scheduled notifications to process
2026-01-17 19:53:33 [websocket-heartbeat-1] INFO  c.z.n.s.i.o.p.p.NotificationRepositoryAdapter - finding notifications with status: FAILED and retryCount less than: 3
2026-01-17 19:53:33 [websocket-heartbeat-1] INFO  c.z.n.s.d.u.NotificationProcessorImpl - Found 0 failed notifications to retry
2026-01-17 19:53:33 [websocket-heartbeat-1] INFO  c.z.n.s.i.o.p.p.NotificationRepositoryAdapter - finding notifications with status: PENDING and scheduledAt before: 2026-01-17T19:53:33.275538800
2026-01-17 19:53:33 [websocket-heartbeat-1] INFO  c.z.n.s.d.u.NotificationProcessorImpl - Found 0 scheduled notifications to process
2026-01-17 19:53:33 [websocket-heartbeat-1] INFO  c.z.n.s.i.o.p.p.NotificationRepositoryAdapter - finding notifications with status: PENDING and scheduledAt before: 2026-01-17T19:53:33.279051200
2026-01-17 19:53:33 [websocket-heartbeat-1] INFO  c.z.n.s.d.u.NotificationProcessorImpl - Found 0 scheduled notifications to process
2026-01-17 19:53:33 [websocket-heartbeat-1] INFO  c.z.n.s.i.o.p.p.NotificationRepositoryAdapter - finding notifications with status: PENDING and scheduledAt before: 2026-01-17T19:53:33.283106200
2026-01-17 19:53:33 [websocket-heartbeat-1] INFO  c.z.n.s.d.u.NotificationProcessorImpl - Found 0 scheduled notifications to process
2026-01-17 19:53:33 [websocket-heartbeat-1] INFO  c.z.n.s.i.o.p.p.NotificationRepositoryAdapter - finding notifications with status: PENDING and scheduledAt before: 2026-01-17T19:53:33.285642
2026-01-17 19:53:33 [websocket-heartbeat-1] INFO  c.z.n.s.d.u.NotificationProcessorImpl - Found 0 scheduled notifications to process
2026-01-17 19:53:33 [websocket-heartbeat-1] INFO  c.z.n.s.i.o.p.p.NotificationRepositoryAdapter - finding notifications with status: PENDING and scheduledAt before: 2026-01-17T19:53:33.289642400
2026-01-17 19:53:33 [websocket-heartbeat-1] INFO  c.z.n.s.d.u.NotificationProcessorImpl - Found 0 scheduled notifications to process
2026-01-17 19:53:33 [websocket-heartbeat-1] INFO  c.z.n.s.i.o.p.p.NotificationRepositoryAdapter - finding notifications with status: FAILED and retryCount less than: 3
2026-01-17 19:53:33 [websocket-heartbeat-1] INFO  c.z.n.s.d.u.NotificationProcessorImpl - Found 0 failed notifications to retry
2026-01-17 19:53:33 [websocket-heartbeat-1] INFO  c.z.n.s.i.o.p.p.NotificationRepositoryAdapter - finding notifications with status: PENDING and scheduledAt before: 2026-01-17T19:53:33.295830
2026-01-17 19:53:33 [websocket-heartbeat-1] INFO  c.z.n.s.d.u.NotificationProcessorImpl - Found 0 scheduled notifications to process
2026-01-17 19:53:33 [websocket-heartbeat-1] INFO  c.z.n.s.i.o.p.p.NotificationRepositoryAdapter - finding notifications with status: PENDING and scheduledAt before: 2026-01-17T19:53:33.301922500
2026-01-17 19:53:33 [websocket-heartbeat-1] INFO  c.z.n.s.d.u.NotificationProcessorImpl - Found 0 scheduled notifications to process
2026-01-17 19:53:33 [websocket-heartbeat-1] INFO  c.z.n.s.i.o.p.p.NotificationRepositoryAdapter - finding notifications with status: PENDING and scheduledAt before: 2026-01-17T19:53:33.303880200
2026-01-17 19:53:33 [websocket-heartbeat-1] INFO  c.z.n.s.d.u.NotificationProcessorImpl - Found 0 scheduled notifications to process
2026-01-17 19:53:33 [websocket-heartbeat-1] INFO  c.z.n.s.i.o.p.p.NotificationRepositoryAdapter - finding notifications with status: PENDING and scheduledAt before: 2026-01-17T19:53:33.306410400
2026-01-17 19:53:33 [websocket-heartbeat-1] INFO  c.z.n.s.d.u.NotificationProcessorImpl - Found 0 scheduled notifications to process
2026-01-17 19:53:33 [websocket-heartbeat-1] INFO  c.z.n.s.i.o.p.p.NotificationRepositoryAdapter - finding notifications with status: PENDING and scheduledAt before: 2026-01-17T19:53:33.308921300
2026-01-17 19:53:33 [websocket-heartbeat-1] INFO  c.z.n.s.d.u.NotificationProcessorImpl - Found 0 scheduled notifications to process
2026-01-17 19:53:33 [websocket-heartbeat-1] INFO  c.z.n.s.i.o.p.p.NotificationRepositoryAdapter - finding notifications with status: FAILED and retryCount less than: 3
2026-01-17 19:53:33 [websocket-heartbeat-1] INFO  c.z.n.s.d.u.NotificationProcessorImpl - Found 0 failed notifications to retry
2026-01-17 19:53:33 [websocket-heartbeat-1] INFO  c.z.n.s.i.o.p.p.NotificationRepositoryAdapter - finding notifications with status: PENDING and scheduledAt before: 2026-01-17T19:53:33.313942800
2026-01-17 19:53:33 [websocket-heartbeat-1] INFO  c.z.n.s.d.u.NotificationProcessorImpl - Found 0 scheduled notifications to process
2026-01-17 19:53:33 [websocket-heartbeat-1] INFO  c.z.n.s.i.o.p.p.NotificationRepositoryAdapter - finding notifications with status: PENDING and scheduledAt before: 2026-01-17T19:53:33.316446100
2026-01-17 19:53:33 [websocket-heartbeat-1] INFO  c.z.n.s.d.u.NotificationProcessorImpl - Found 0 scheduled notifications to process
2026-01-17 19:53:33 [websocket-heartbeat-1] INFO  c.z.n.s.i.o.p.p.NotificationRepositoryAdapter - finding notifications with status: PENDING and scheduledAt before: 2026-01-17T19:53:33.319957800
2026-01-17 19:53:33 [websocket-heartbeat-1] INFO  c.z.n.s.d.u.NotificationProcessorImpl - Found 0 scheduled notifications to process
2026-01-17 19:53:33 [websocket-heartbeat-1] INFO  c.z.n.s.i.o.p.p.NotificationRepositoryAdapter - finding notifications with status: PENDING and scheduledAt before: 2026-01-17T19:53:33.323471400
2026-01-17 19:53:33 [websocket-heartbeat-1] INFO  c.z.n.s.d.u.NotificationProcessorImpl - Found 0 scheduled notifications to process
2026-01-17 19:53:33 [websocket-heartbeat-1] INFO  c.z.n.s.i.o.p.p.NotificationRepositoryAdapter - finding notifications with status: PENDING and scheduledAt before: 2026-01-17T19:53:33.326491400
2026-01-17 19:53:33 [websocket-heartbeat-1] INFO  c.z.n.s.d.u.NotificationProcessorImpl - Found 0 scheduled notifications to process
2026-01-17 19:53:33 [websocket-heartbeat-1] INFO  c.z.n.s.i.o.p.p.NotificationRepositoryAdapter - finding notifications with status: FAILED and retryCount less than: 3
2026-01-17 19:53:33 [websocket-heartbeat-1] INFO  c.z.n.s.d.u.NotificationProcessorImpl - Found 0 failed notifications to retry
2026-01-17 19:53:33 [websocket-heartbeat-1] INFO  c.z.n.s.i.o.p.p.NotificationRepositoryAdapter - finding notifications with status: PENDING and scheduledAt before: 2026-01-17T19:53:33.332003600
2026-01-17 19:53:33 [websocket-heartbeat-1] INFO  c.z.n.s.d.u.NotificationProcessorImpl - Found 0 scheduled notifications to process
2026-01-17 19:53:33 [websocket-heartbeat-1] INFO  c.z.n.s.i.o.p.p.NotificationRepositoryAdapter - finding notifications with status: PENDING and scheduledAt before: 2026-01-17T19:53:33.337052800
2026-01-17 19:53:33 [websocket-heartbeat-1] INFO  c.z.n.s.d.u.NotificationProcessorImpl - Found 0 scheduled notifications to process
2026-01-17 19:53:33 [websocket-heartbeat-1] INFO  c.z.n.s.i.o.p.p.NotificationRepositoryAdapter - finding notifications with status: PENDING and scheduledAt before: 2026-01-17T19:53:33.340067200
2026-01-17 19:53:33 [websocket-heartbeat-1] INFO  c.z.n.s.d.u.NotificationProcessorImpl - Found 0 scheduled notifications to process
2026-01-17 19:53:33 [websocket-heartbeat-1] INFO  c.z.n.s.i.o.p.p.NotificationRepositoryAdapter - finding notifications with status: PENDING and scheduledAt before: 2026-01-17T19:53:33.342580500
2026-01-17 19:53:33 [websocket-heartbeat-1] INFO  c.z.n.s.d.u.NotificationProcessorImpl - Found 0 scheduled notifications to process
2026-01-17 19:53:33 [websocket-heartbeat-1] INFO  c.z.n.s.i.o.p.p.NotificationRepositoryAdapter - finding notifications with status: PENDING and scheduledAt before: 2026-01-17T19:53:33.345093200
2026-01-17 19:53:33 [websocket-heartbeat-1] INFO  c.z.n.s.d.u.NotificationProcessorImpl - Found 0 scheduled notifications to process
2026-01-17 19:53:33 [websocket-heartbeat-1] INFO  c.z.n.s.i.o.p.p.NotificationRepositoryAdapter - finding notifications with status: FAILED and retryCount less than: 3
2026-01-17 19:53:33 [websocket-heartbeat-1] INFO  c.z.n.s.d.u.NotificationProcessorImpl - Found 0 failed notifications to retry
2026-01-17 19:53:33 [websocket-heartbeat-1] INFO  c.z.n.s.i.o.p.p.NotificationRepositoryAdapter - finding notifications with status: PENDING and scheduledAt before: 2026-01-17T19:53:33.350128
2026-01-17 19:53:33 [websocket-heartbeat-1] INFO  c.z.n.s.d.u.NotificationProcessorImpl - Found 0 scheduled notifications to process
2026-01-17 19:53:33 [websocket-heartbeat-1] INFO  c.z.n.s.i.o.p.p.NotificationRepositoryAdapter - finding notifications with status: PENDING and scheduledAt before: 2026-01-17T19:53:33.352634400
2026-01-17 19:53:33 [websocket-heartbeat-1] INFO  c.z.n.s.d.u.NotificationProcessorImpl - Found 0 scheduled notifications to process
2026-01-17 19:53:33 [websocket-heartbeat-1] INFO  c.z.n.s.i.o.p.p.NotificationRepositoryAdapter - finding notifications with status: PENDING and scheduledAt before: 2026-01-17T19:53:33.355155700
2026-01-17 19:53:33 [websocket-heartbeat-1] INFO  c.z.n.s.d.u.NotificationProcessorImpl - Found 0 scheduled notifications to process
2026-01-17 19:53:33 [websocket-heartbeat-1] INFO  c.z.n.s.i.o.p.p.NotificationRepositoryAdapter - finding notifications with status: PENDING and scheduledAt before: 2026-01-17T19:53:33.358165100
2026-01-17 19:53:33 [websocket-heartbeat-1] INFO  c.z.n.s.d.u.NotificationProcessorImpl - Found 0 scheduled notifications to process
2026-01-17 19:53:33 [websocket-heartbeat-1] INFO  c.z.n.s.i.o.p.p.NotificationRepositoryAdapter - finding notifications with status: PENDING and scheduledAt before: 2026-01-17T19:53:33.360685600
2026-01-17 19:53:33 [websocket-heartbeat-1] INFO  c.z.n.s.d.u.NotificationProcessorImpl - Found 0 scheduled notifications to process
2026-01-17 19:53:33 [websocket-heartbeat-1] INFO  c.z.n.s.i.o.p.p.NotificationRepositoryAdapter - finding notifications with status: FAILED and retryCount less than: 3
2026-01-17 19:53:33 [websocket-heartbeat-1] INFO  c.z.n.s.d.u.NotificationProcessorImpl - Found 0 failed notifications to retry
2026-01-17 19:53:33 [websocket-heartbeat-1] INFO  c.z.n.s.i.o.p.p.NotificationRepositoryAdapter - finding notifications with status: PENDING and scheduledAt before: 2026-01-17T19:53:33.365706800
2026-01-17 19:53:33 [websocket-heartbeat-1] INFO  c.z.n.s.d.u.NotificationProcessorImpl - Found 0 scheduled notifications to process
2026-01-17 19:53:33 [websocket-heartbeat-1] INFO  c.z.n.s.i.o.p.p.NotificationRepositoryAdapter - finding notifications with status: PENDING and scheduledAt before: 2026-01-17T19:53:33.368213400
2026-01-17 19:53:33 [websocket-heartbeat-1] INFO  c.z.n.s.d.u.NotificationProcessorImpl - Found 0 scheduled notifications to process
2026-01-17 19:53:33 [websocket-heartbeat-1] INFO  c.z.n.s.i.o.p.p.NotificationRepositoryAdapter - finding notifications with status: PENDING and scheduledAt before: 2026-01-17T19:53:33.372236800
2026-01-17 19:53:33 [websocket-heartbeat-1] INFO  c.z.n.s.d.u.NotificationProcessorImpl - Found 0 scheduled notifications to process
2026-01-17 19:53:33 [websocket-heartbeat-1] INFO  c.z.n.s.i.o.p.p.NotificationRepositoryAdapter - finding notifications with status: PENDING and scheduledAt before: 2026-01-17T19:53:33.374237100
2026-01-17 19:53:33 [websocket-heartbeat-1] INFO  c.z.n.s.d.u.NotificationProcessorImpl - Found 0 scheduled notifications to process
2026-01-17 19:53:33 [websocket-heartbeat-1] INFO  c.z.n.s.i.o.p.p.NotificationRepositoryAdapter - finding notifications with status: PENDING and scheduledAt before: 2026-01-17T19:53:33.377751100
2026-01-17 19:53:33 [websocket-heartbeat-1] INFO  c.z.n.s.d.u.NotificationProcessorImpl - Found 0 scheduled notifications to process
2026-01-17 19:53:33 [websocket-heartbeat-1] INFO  c.z.n.s.i.o.p.p.NotificationRepositoryAdapter - finding notifications with status: FAILED and retryCount less than: 3
2026-01-17 19:53:33 [websocket-heartbeat-1] INFO  c.z.n.s.d.u.NotificationProcessorImpl - Found 0 failed notifications to retry
2026-01-17 19:53:33 [websocket-heartbeat-1] INFO  c.z.n.s.i.o.p.p.NotificationRepositoryAdapter - finding notifications with status: PENDING and scheduledAt before: 2026-01-17T19:53:33.382771800
2026-01-17 19:53:33 [websocket-heartbeat-1] INFO  c.z.n.s.d.u.NotificationProcessorImpl - Found 0 scheduled notifications to process
2026-01-17 19:53:33 [websocket-heartbeat-1] INFO  c.z.n.s.i.o.p.p.NotificationRepositoryAdapter - finding notifications with status: PENDING and scheduledAt before: 2026-01-17T19:53:33.387284100
2026-01-17 19:53:33 [websocket-heartbeat-1] INFO  c.z.n.s.d.u.NotificationProcessorImpl - Found 0 scheduled notifications to process
2026-01-17 19:53:33 [websocket-heartbeat-1] INFO  c.z.n.s.i.o.p.p.NotificationRepositoryAdapter - finding notifications with status: PENDING and scheduledAt before: 2026-01-17T19:53:33.390328500
2026-01-17 19:53:33 [websocket-heartbeat-1] INFO  c.z.n.s.d.u.NotificationProcessorImpl - Found 0 scheduled notifications to process
2026-01-17 19:53:33 [websocket-heartbeat-1] INFO  c.z.n.s.i.o.p.p.NotificationRepositoryAdapter - finding notifications with status: PENDING and scheduledAt before: 2026-01-17T19:53:33.393334600
2026-01-17 19:53:33 [websocket-heartbeat-1] INFO  c.z.n.s.d.u.NotificationProcessorImpl - Found 0 scheduled notifications to process
2026-01-17 19:53:33 [websocket-heartbeat-1] INFO  c.z.n.s.i.o.p.p.NotificationRepositoryAdapter - finding notifications with status: PENDING and scheduledAt before: 2026-01-17T19:53:33.395847800
2026-01-17 19:53:33 [websocket-heartbeat-1] INFO  c.z.n.s.d.u.NotificationProcessorImpl - Found 0 scheduled notifications to process
2026-01-17 19:53:33 [websocket-heartbeat-1] INFO  c.z.n.s.i.o.p.p.NotificationRepositoryAdapter - finding notifications with status: FAILED and retryCount less than: 3
2026-01-17 19:53:33 [websocket-heartbeat-1] INFO  c.z.n.s.d.u.NotificationProcessorImpl - Found 0 failed notifications to retry
2026-01-17 19:53:33 [websocket-heartbeat-1] INFO  c.z.n.s.i.o.p.p.NotificationRepositoryAdapter - finding notifications with status: PENDING and scheduledAt before: 2026-01-17T19:53:33.400386200
2026-01-17 19:53:33 [websocket-heartbeat-1] INFO  c.z.n.s.d.u.NotificationProcessorImpl - Found 0 scheduled notifications to process
2026-01-17 19:53:33 [websocket-heartbeat-1] INFO  c.z.n.s.i.o.p.p.NotificationRepositoryAdapter - finding notifications with status: PENDING and scheduledAt before: 2026-01-17T19:53:33.402386600
2026-01-17 19:53:33 [websocket-heartbeat-1] INFO  c.z.n.s.d.u.NotificationProcessorImpl - Found 0 scheduled notifications to process
2026-01-17 19:53:33 [websocket-heartbeat-1] INFO  c.z.n.s.i.o.p.p.NotificationRepositoryAdapter - finding notifications with status: PENDING and scheduledAt before: 2026-01-17T19:53:33.405899900
2026-01-17 19:53:33 [websocket-heartbeat-1] INFO  c.z.n.s.d.u.NotificationProcessorImpl - Found 0 scheduled notifications to process
2026-01-17 19:53:33 [websocket-heartbeat-1] INFO  c.z.n.s.i.o.p.p.NotificationRepositoryAdapter - finding notifications with status: PENDING and scheduledAt before: 2026-01-17T19:53:33.410475400
2026-01-17 19:53:33 [websocket-heartbeat-1] INFO  c.z.n.s.d.u.NotificationProcessorImpl - Found 0 scheduled notifications to process
2026-01-17 19:53:33 [websocket-heartbeat-1] INFO  c.z.n.s.i.o.p.p.NotificationRepositoryAdapter - finding notifications with status: PENDING and scheduledAt before: 2026-01-17T19:53:33.412475600
2026-01-17 19:53:33 [websocket-heartbeat-1] INFO  c.z.n.s.d.u.NotificationProcessorImpl - Found 0 scheduled notifications to process
2026-01-17 19:53:33 [websocket-heartbeat-1] INFO  c.z.n.s.i.o.p.p.NotificationRepositoryAdapter - finding notifications with status: FAILED and retryCount less than: 3
2026-01-17 19:53:33 [websocket-heartbeat-1] INFO  c.z.n.s.d.u.NotificationProcessorImpl - Found 0 failed notifications to retry
2026-01-17 19:53:33 [websocket-heartbeat-1] INFO  c.z.n.s.i.o.p.p.NotificationRepositoryAdapter - finding notifications with status: PENDING and scheduledAt before: 2026-01-17T19:53:33.417514900
2026-01-17 19:53:33 [websocket-heartbeat-1] INFO  c.z.n.s.d.u.NotificationProcessorImpl - Found 0 scheduled notifications to process
2026-01-17 19:53:33 [websocket-heartbeat-1] INFO  c.z.n.s.i.o.p.p.NotificationRepositoryAdapter - finding notifications with status: PENDING and scheduledAt before: 2026-01-17T19:53:33.420866700
2026-01-17 19:53:33 [websocket-heartbeat-1] INFO  c.z.n.s.d.u.NotificationProcessorImpl - Found 0 scheduled notifications to process
2026-01-17 19:53:33 [websocket-heartbeat-1] INFO  c.z.n.s.i.o.p.p.NotificationRepositoryAdapter - finding notifications with status: PENDING and scheduledAt before: 2026-01-17T19:53:33.423380100
2026-01-17 19:53:33 [websocket-heartbeat-1] INFO  c.z.n.s.d.u.NotificationProcessorImpl - Found 0 scheduled notifications to process
2026-01-17 19:53:33 [websocket-heartbeat-1] INFO  c.z.n.s.i.o.p.p.NotificationRepositoryAdapter - finding notifications with status: PENDING and scheduledAt before: 2026-01-17T19:53:33.448160900
2026-01-17 19:53:33 [websocket-heartbeat-1] INFO  c.z.n.s.d.u.NotificationProcessorImpl - Found 0 scheduled notifications to process
2026-01-17 19:53:33 [websocket-heartbeat-1] INFO  c.z.n.s.i.o.p.p.NotificationRepositoryAdapter - finding notifications with status: PENDING and scheduledAt before: 2026-01-17T19:53:33.451194
2026-01-17 19:53:33 [websocket-heartbeat-1] INFO  c.z.n.s.d.u.NotificationProcessorImpl - Found 0 scheduled notifications to process
2026-01-17 19:53:33 [websocket-heartbeat-1] INFO  c.z.n.s.i.o.p.p.NotificationRepositoryAdapter - finding notifications with status: FAILED and retryCount less than: 3
2026-01-17 19:53:33 [websocket-heartbeat-1] INFO  c.z.n.s.d.u.NotificationProcessorImpl - Found 0 failed notifications to retry
2026-01-17 19:53:33 [websocket-heartbeat-1] INFO  c.z.n.s.i.o.p.p.NotificationRepositoryAdapter - finding notifications with status: PENDING and scheduledAt before: 2026-01-17T19:53:33.456731500
2026-01-17 19:53:33 [websocket-heartbeat-1] INFO  c.z.n.s.d.u.NotificationProcessorImpl - Found 0 scheduled notifications to process
2026-01-17 19:53:33 [websocket-heartbeat-1] INFO  c.z.n.s.i.o.p.p.NotificationRepositoryAdapter - finding notifications with status: PENDING and scheduledAt before: 2026-01-17T19:53:33.459744800
2026-01-17 19:53:33 [websocket-heartbeat-1] INFO  c.z.n.s.d.u.NotificationProcessorImpl - Found 0 scheduled notifications to process
2026-01-17 19:53:33 [websocket-heartbeat-1] INFO  c.z.n.s.i.o.p.p.NotificationRepositoryAdapter - finding notifications with status: PENDING and scheduledAt before: 2026-01-17T19:53:33.462257800
2026-01-17 19:53:33 [websocket-heartbeat-1] INFO  c.z.n.s.d.u.NotificationProcessorImpl - Found 0 scheduled notifications to process
2026-01-17 19:53:33 [websocket-heartbeat-1] INFO  c.z.n.s.i.o.p.p.NotificationRepositoryAdapter - finding notifications with status: PENDING and scheduledAt before: 2026-01-17T19:53:33.465279600
2026-01-17 19:53:33 [websocket-heartbeat-1] INFO  c.z.n.s.d.u.NotificationProcessorImpl - Found 0 scheduled notifications to process
2026-01-17 19:53:33 [websocket-heartbeat-1] INFO  c.z.n.s.i.o.p.p.NotificationRepositoryAdapter - finding notifications with status: PENDING and scheduledAt before: 2026-01-17T19:53:33.468287100
2026-01-17 19:53:33 [websocket-heartbeat-1] INFO  c.z.n.s.d.u.NotificationProcessorImpl - Found 0 scheduled notifications to process
2026-01-17 19:53:33 [websocket-heartbeat-1] INFO  c.z.n.s.i.o.p.p.NotificationRepositoryAdapter - finding notifications with status: FAILED and retryCount less than: 3
2026-01-17 19:53:33 [websocket-heartbeat-1] INFO  c.z.n.s.d.u.NotificationProcessorImpl - Found 0 failed notifications to retry
2026-01-17 19:53:33 [websocket-heartbeat-1] INFO  c.z.n.s.i.o.p.p.NotificationRepositoryAdapter - finding notifications with status: PENDING and scheduledAt before: 2026-01-17T19:53:33.473815200
2026-01-17 19:53:33 [websocket-heartbeat-1] INFO  c.z.n.s.d.u.NotificationProcessorImpl - Found 0 scheduled notifications to process
2026-01-17 19:53:33 [websocket-heartbeat-1] INFO  c.z.n.s.i.o.p.p.NotificationRepositoryAdapter - finding notifications with status: PENDING and scheduledAt before: 2026-01-17T19:53:33.475835300
2026-01-17 19:53:33 [websocket-heartbeat-1] INFO  c.z.n.s.d.u.NotificationProcessorImpl - Found 0 scheduled notifications to process
2026-01-17 19:53:33 [websocket-heartbeat-1] INFO  c.z.n.s.i.o.p.p.NotificationRepositoryAdapter - finding notifications with status: PENDING and scheduledAt before: 2026-01-17T19:53:33.478854800
2026-01-17 19:53:33 [websocket-heartbeat-1] INFO  c.z.n.s.d.u.NotificationProcessorImpl - Found 0 scheduled notifications to process
2026-01-17 19:53:33 [websocket-heartbeat-1] INFO  c.z.n.s.i.o.p.p.NotificationRepositoryAdapter - finding notifications with status: PENDING and scheduledAt before: 2026-01-17T19:53:33.482387600
2026-01-17 19:53:33 [websocket-heartbeat-1] INFO  c.z.n.s.d.u.NotificationProcessorImpl - Found 0 scheduled notifications to process
2026-01-17 19:53:33 [websocket-heartbeat-1] INFO  c.z.n.s.i.o.p.p.NotificationRepositoryAdapter - finding notifications with status: PENDING and scheduledAt before: 2026-01-17T19:53:33.486407500
2026-01-17 19:53:33 [websocket-heartbeat-1] INFO  c.z.n.s.d.u.NotificationProcessorImpl - Found 0 scheduled notifications to process
2026-01-17 19:53:33 [websocket-heartbeat-1] INFO  c.z.n.s.i.o.p.p.NotificationRepositoryAdapter - finding notifications with status: FAILED and retryCount less than: 3
2026-01-17 19:53:33 [websocket-heartbeat-1] INFO  c.z.n.s.d.u.NotificationProcessorImpl - Found 0 failed notifications to retry
2026-01-17 19:53:33 [websocket-heartbeat-1] INFO  c.z.n.s.i.o.p.p.NotificationRepositoryAdapter - finding notifications with status: PENDING and scheduledAt before: 2026-01-17T19:53:33.490925
2026-01-17 19:53:33 [websocket-heartbeat-1] INFO  c.z.n.s.d.u.NotificationProcessorImpl - Found 0 scheduled notifications to process
2026-01-17 19:53:33 [websocket-heartbeat-1] INFO  c.z.n.s.i.o.p.p.NotificationRepositoryAdapter - finding notifications with status: PENDING and scheduledAt before: 2026-01-17T19:53:33.494476200
2026-01-17 19:53:33 [websocket-heartbeat-1] INFO  c.z.n.s.d.u.NotificationProcessorImpl - Found 0 scheduled notifications to process
2026-01-17 19:53:33 [websocket-heartbeat-1] INFO  c.z.n.s.i.o.p.p.NotificationRepositoryAdapter - finding notifications with status: PENDING and scheduledAt before: 2026-01-17T19:53:33.496988400
2026-01-17 19:53:33 [websocket-heartbeat-1] INFO  c.z.n.s.d.u.NotificationProcessorImpl - Found 0 scheduled notifications to process
2026-01-17 19:53:33 [websocket-heartbeat-1] INFO  c.z.n.s.i.o.p.p.NotificationRepositoryAdapter - finding notifications with status: PENDING and scheduledAt before: 2026-01-17T19:53:33.498996600
2026-01-17 19:53:33 [websocket-heartbeat-1] INFO  c.z.n.s.d.u.NotificationProcessorImpl - Found 0 scheduled notifications to process
2026-01-17 19:53:33 [websocket-heartbeat-1] INFO  c.z.n.s.i.o.p.p.NotificationRepositoryAdapter - finding notifications with status: PENDING and scheduledAt before: 2026-01-17T19:53:33.502509300
2026-01-17 19:53:33 [websocket-heartbeat-1] INFO  c.z.n.s.d.u.NotificationProcessorImpl - Found 0 scheduled notifications to process
2026-01-17 19:53:33 [websocket-heartbeat-1] INFO  c.z.n.s.i.o.p.p.NotificationRepositoryAdapter - finding notifications with status: FAILED and retryCount less than: 3
2026-01-17 19:53:33 [websocket-heartbeat-1] INFO  c.z.n.s.d.u.NotificationProcessorImpl - Found 0 failed notifications to retry
2026-01-17 19:53:33 [websocket-heartbeat-1] INFO  c.z.n.s.i.o.p.p.NotificationRepositoryAdapter - finding notifications with status: PENDING and scheduledAt before: 2026-01-17T19:53:33.508023300
2026-01-17 19:53:33 [websocket-heartbeat-1] INFO  c.z.n.s.d.u.NotificationProcessorImpl - Found 0 scheduled notifications to process
2026-01-17 19:53:33 [websocket-heartbeat-1] INFO  c.z.n.s.i.o.p.p.NotificationRepositoryAdapter - finding notifications with status: PENDING and scheduledAt before: 2026-01-17T19:53:33.510537800
2026-01-17 19:53:33 [websocket-heartbeat-1] INFO  c.z.n.s.d.u.NotificationProcessorImpl - Found 0 scheduled notifications to process
2026-01-17 19:53:33 [websocket-heartbeat-1] INFO  c.z.n.s.i.o.p.p.NotificationRepositoryAdapter - finding notifications with status: PENDING and scheduledAt before: 2026-01-17T19:53:33.513044900
2026-01-17 19:53:33 [websocket-heartbeat-1] INFO  c.z.n.s.d.u.NotificationProcessorImpl - Found 0 scheduled notifications to process
2026-01-17 19:53:33 [websocket-heartbeat-1] INFO  c.z.n.s.i.o.p.p.NotificationRepositoryAdapter - finding notifications with status: PENDING and scheduledAt before: 2026-01-17T19:53:33.515061100
2026-01-17 19:53:33 [websocket-heartbeat-1] INFO  c.z.n.s.d.u.NotificationProcessorImpl - Found 0 scheduled notifications to process
2026-01-17 19:53:33 [websocket-heartbeat-1] INFO  c.z.n.s.i.o.p.p.NotificationRepositoryAdapter - finding notifications with status: PENDING and scheduledAt before: 2026-01-17T19:53:33.517579700
2026-01-17 19:53:33 [websocket-heartbeat-1] INFO  c.z.n.s.d.u.NotificationProcessorImpl - Found 0 scheduled notifications to process
2026-01-17 19:53:33 [websocket-heartbeat-1] INFO  c.z.n.s.i.o.p.p.NotificationRepositoryAdapter - finding notifications with status: FAILED and retryCount less than: 3
2026-01-17 19:53:33 [websocket-heartbeat-1] INFO  c.z.n.s.d.u.NotificationProcessorImpl - Found 0 failed notifications to retry
2026-01-17 19:53:33 [websocket-heartbeat-1] INFO  c.z.n.s.i.o.p.p.NotificationRepositoryAdapter - finding notifications with status: PENDING and scheduledAt before: 2026-01-17T19:53:33.522093700
2026-01-17 19:53:33 [websocket-heartbeat-1] INFO  c.z.n.s.d.u.NotificationProcessorImpl - Found 0 scheduled notifications to process
2026-01-17 19:53:33 [websocket-heartbeat-1] INFO  c.z.n.s.i.o.p.p.NotificationRepositoryAdapter - finding notifications with status: PENDING and scheduledAt before: 2026-01-17T19:53:33.524092600
2026-01-17 19:53:33 [websocket-heartbeat-1] INFO  c.z.n.s.d.u.NotificationProcessorImpl - Found 0 scheduled notifications to process
2026-01-17 19:53:33 [websocket-heartbeat-1] INFO  c.z.n.s.i.o.p.p.NotificationRepositoryAdapter - finding notifications with status: PENDING and scheduledAt before: 2026-01-17T19:53:33.525600200
2026-01-17 19:53:33 [websocket-heartbeat-1] INFO  c.z.n.s.d.u.NotificationProcessorImpl - Found 0 scheduled notifications to process
2026-01-17 19:53:33 [websocket-heartbeat-1] INFO  c.z.n.s.i.o.p.p.NotificationRepositoryAdapter - finding notifications with status: PENDING and scheduledAt before: 2026-01-17T19:53:33.530157600
2026-01-17 19:53:33 [websocket-heartbeat-1] INFO  c.z.n.s.d.u.NotificationProcessorImpl - Found 0 scheduled notifications to process
2026-01-17 19:53:33 [websocket-heartbeat-1] INFO  c.z.n.s.i.o.p.p.NotificationRepositoryAdapter - finding notifications with status: PENDING and scheduledAt before: 2026-01-17T19:53:33.534159100
2026-01-17 19:53:33 [websocket-heartbeat-1] INFO  c.z.n.s.d.u.NotificationProcessorImpl - Found 0 scheduled notifications to process
2026-01-17 19:53:33 [websocket-heartbeat-1] INFO  c.z.n.s.i.o.p.p.NotificationRepositoryAdapter - finding notifications with status: FAILED and retryCount less than: 3
2026-01-17 19:53:33 [websocket-heartbeat-1] INFO  c.z.n.s.d.u.NotificationProcessorImpl - Found 0 failed notifications to retry
2026-01-17 19:53:33 [websocket-heartbeat-1] INFO  c.z.n.s.i.o.p.p.NotificationRepositoryAdapter - finding notifications with status: PENDING and scheduledAt before: 2026-01-17T19:53:33.540176300
2026-01-17 19:53:33 [websocket-heartbeat-1] INFO  c.z.n.s.d.u.NotificationProcessorImpl - Found 0 scheduled notifications to process
2026-01-17 19:53:33 [websocket-heartbeat-1] INFO  c.z.n.s.i.o.p.p.NotificationRepositoryAdapter - finding notifications with status: PENDING and scheduledAt before: 2026-01-17T19:53:33.544182800
2026-01-17 19:53:33 [websocket-heartbeat-1] INFO  c.z.n.s.d.u.NotificationProcessorImpl - Found 0 scheduled notifications to process
2026-01-17 19:53:33 [websocket-heartbeat-1] INFO  c.z.n.s.i.o.p.p.NotificationRepositoryAdapter - finding notifications with status: PENDING and scheduledAt before: 2026-01-17T19:53:33.547185600
2026-01-17 19:53:33 [websocket-heartbeat-1] INFO  c.z.n.s.d.u.NotificationProcessorImpl - Found 0 scheduled notifications to process
2026-01-17 19:53:33 [websocket-heartbeat-1] INFO  c.z.n.s.i.o.p.p.NotificationRepositoryAdapter - finding notifications with status: PENDING and scheduledAt before: 2026-01-17T19:53:33.549690500
2026-01-17 19:53:33 [websocket-heartbeat-1] INFO  c.z.n.s.d.u.NotificationProcessorImpl - Found 0 scheduled notifications to process
2026-01-17 19:53:33 [websocket-heartbeat-1] INFO  c.z.n.s.i.o.p.p.NotificationRepositoryAdapter - finding notifications with status: PENDING and scheduledAt before: 2026-01-17T19:53:33.551708800
2026-01-17 19:53:33 [websocket-heartbeat-1] INFO  c.z.n.s.d.u.NotificationProcessorImpl - Found 0 scheduled notifications to process
2026-01-17 19:53:33 [websocket-heartbeat-1] INFO  c.z.n.s.i.o.p.p.NotificationRepositoryAdapter - finding notifications with status: FAILED and retryCount less than: 3
2026-01-17 19:53:33 [websocket-heartbeat-1] INFO  c.z.n.s.d.u.NotificationProcessorImpl - Found 0 failed notifications to retry
2026-01-17 19:53:33 [websocket-heartbeat-1] INFO  c.z.n.s.i.o.p.p.NotificationRepositoryAdapter - finding notifications with status: PENDING and scheduledAt before: 2026-01-17T19:53:33.557716100
2026-01-17 19:53:33 [websocket-heartbeat-1] INFO  c.z.n.s.d.u.NotificationProcessorImpl - Found 0 scheduled notifications to process
2026-01-17 19:53:33 [websocket-heartbeat-1] INFO  c.z.n.s.i.o.p.p.NotificationRepositoryAdapter - finding notifications with status: PENDING and scheduledAt before: 2026-01-17T19:53:33.559228400
2026-01-17 19:53:33 [websocket-heartbeat-1] INFO  c.z.n.s.d.u.NotificationProcessorImpl - Found 0 scheduled notifications to process
2026-01-17 19:53:33 [websocket-heartbeat-1] INFO  c.z.n.s.i.o.p.p.NotificationRepositoryAdapter - finding notifications with status: PENDING and scheduledAt before: 2026-01-17T19:53:33.562259500
2026-01-17 19:53:33 [websocket-heartbeat-1] INFO  c.z.n.s.d.u.NotificationProcessorImpl - Found 0 scheduled notifications to process
2026-01-17 19:53:33 [websocket-heartbeat-1] INFO  c.z.n.s.i.o.p.p.NotificationRepositoryAdapter - finding notifications with status: PENDING and scheduledAt before: 2026-01-17T19:53:33.565266800
2026-01-17 19:53:33 [websocket-heartbeat-1] INFO  c.z.n.s.d.u.NotificationProcessorImpl - Found 0 scheduled notifications to process
2026-01-17 19:53:33 [websocket-heartbeat-1] INFO  c.z.n.s.i.o.p.p.NotificationRepositoryAdapter - finding notifications with status: PENDING and scheduledAt before: 2026-01-17T19:53:33.567269200
2026-01-17 19:53:33 [websocket-heartbeat-1] INFO  c.z.n.s.d.u.NotificationProcessorImpl - Found 0 scheduled notifications to process
2026-01-17 19:53:33 [websocket-heartbeat-1] INFO  c.z.n.s.i.o.p.p.NotificationRepositoryAdapter - finding notifications with status: FAILED and retryCount less than: 3
2026-01-17 19:53:33 [websocket-heartbeat-1] INFO  c.z.n.s.d.u.NotificationProcessorImpl - Found 0 failed notifications to retry
2026-01-17 19:53:33 [websocket-heartbeat-1] INFO  c.z.n.s.i.o.p.p.NotificationRepositoryAdapter - finding notifications with status: PENDING and scheduledAt before: 2026-01-17T19:53:33.572293600
2026-01-17 19:53:33 [websocket-heartbeat-1] INFO  c.z.n.s.d.u.NotificationProcessorImpl - Found 0 scheduled notifications to process
2026-01-17 19:53:33 [websocket-heartbeat-1] INFO  c.z.n.s.i.o.p.p.NotificationRepositoryAdapter - finding notifications with status: PENDING and scheduledAt before: 2026-01-17T19:53:33.574301100
2026-01-17 19:53:33 [websocket-heartbeat-1] INFO  c.z.n.s.d.u.NotificationProcessorImpl - Found 0 scheduled notifications to process
2026-01-17 19:53:33 [websocket-heartbeat-1] INFO  c.z.n.s.i.o.p.p.NotificationRepositoryAdapter - finding notifications with status: PENDING and scheduledAt before: 2026-01-17T19:53:33.577300700
2026-01-17 19:53:33 [websocket-heartbeat-1] INFO  c.z.n.s.d.u.NotificationProcessorImpl - Found 0 scheduled notifications to process
2026-01-17 19:53:33 [websocket-heartbeat-1] INFO  c.z.n.s.i.o.p.p.NotificationRepositoryAdapter - finding notifications with status: PENDING and scheduledAt before: 2026-01-17T19:53:33.579806900
2026-01-17 19:53:33 [websocket-heartbeat-1] INFO  c.z.n.s.d.u.NotificationProcessorImpl - Found 0 scheduled notifications to process
2026-01-17 19:53:33 [websocket-heartbeat-1] INFO  c.z.n.s.i.o.p.p.NotificationRepositoryAdapter - finding notifications with status: PENDING and scheduledAt before: 2026-01-17T19:53:33.587341100
2026-01-17 19:53:33 [websocket-heartbeat-1] INFO  c.z.n.s.d.u.NotificationProcessorImpl - Found 0 scheduled notifications to process
2026-01-17 19:53:33 [websocket-heartbeat-1] INFO  c.z.n.s.i.o.p.p.NotificationRepositoryAdapter - finding notifications with status: FAILED and retryCount less than: 3
2026-01-17 19:53:33 [websocket-heartbeat-1] INFO  c.z.n.s.d.u.NotificationProcessorImpl - Found 0 failed notifications to retry
2026-01-17 19:53:33 [websocket-heartbeat-1] INFO  c.z.n.s.i.o.p.p.NotificationRepositoryAdapter - finding notifications with status: PENDING and scheduledAt before: 2026-01-17T19:53:33.593400800
2026-01-17 19:53:33 [websocket-heartbeat-1] INFO  c.z.n.s.d.u.NotificationProcessorImpl - Found 0 scheduled notifications to process
2026-01-17 19:53:33 [websocket-heartbeat-1] INFO  c.z.n.s.i.o.p.p.NotificationRepositoryAdapter - finding notifications with status: PENDING and scheduledAt before: 2026-01-17T19:53:33.595406900
2026-01-17 19:53:33 [websocket-heartbeat-1] INFO  c.z.n.s.d.u.NotificationProcessorImpl - Found 0 scheduled notifications to process
2026-01-17 19:53:33 [websocket-heartbeat-1] INFO  c.z.n.s.i.o.p.p.NotificationRepositoryAdapter - finding notifications with status: PENDING and scheduledAt before: 2026-01-17T19:53:33.597919900
2026-01-17 19:53:33 [websocket-heartbeat-1] INFO  c.z.n.s.d.u.NotificationProcessorImpl - Found 0 scheduled notifications to process
2026-01-17 19:53:33 [websocket-heartbeat-1] INFO  c.z.n.s.i.o.p.p.NotificationRepositoryAdapter - finding notifications with status: PENDING and scheduledAt before: 2026-01-17T19:53:33.599918300
2026-01-17 19:53:33 [websocket-heartbeat-1] INFO  c.z.n.s.d.u.NotificationProcessorImpl - Found 0 scheduled notifications to process
2026-01-17 19:53:33 [websocket-heartbeat-1] INFO  c.z.n.s.i.o.p.p.NotificationRepositoryAdapter - finding notifications with status: PENDING and scheduledAt before: 2026-01-17T19:53:33.602429400
2026-01-17 19:53:33 [websocket-heartbeat-1] INFO  c.z.n.s.d.u.NotificationProcessorImpl - Found 0 scheduled notifications to process
2026-01-17 19:53:33 [websocket-heartbeat-1] INFO  c.z.n.s.i.o.p.p.NotificationRepositoryAdapter - finding notifications with status: FAILED and retryCount less than: 3
2026-01-17 19:53:33 [websocket-heartbeat-1] INFO  c.z.n.s.d.u.NotificationProcessorImpl - Found 0 failed notifications to retry
2026-01-17 19:53:33 [websocket-heartbeat-1] INFO  c.z.n.s.i.o.p.p.NotificationRepositoryAdapter - finding notifications with status: PENDING and scheduledAt before: 2026-01-17T19:53:33.606942600
2026-01-17 19:53:33 [websocket-heartbeat-1] INFO  c.z.n.s.d.u.NotificationProcessorImpl - Found 0 scheduled notifications to process
2026-01-17 19:53:33 [websocket-heartbeat-1] INFO  c.z.n.s.i.o.p.p.NotificationRepositoryAdapter - finding notifications with status: PENDING and scheduledAt before: 2026-01-17T19:53:33.608943400
2026-01-17 19:53:33 [websocket-heartbeat-1] INFO  c.z.n.s.d.u.NotificationProcessorImpl - Found 0 scheduled notifications to process
2026-01-17 19:53:33 [websocket-heartbeat-1] INFO  c.z.n.s.i.o.p.p.NotificationRepositoryAdapter - finding notifications with status: PENDING and scheduledAt before: 2026-01-17T19:53:33.611459600
2026-01-17 19:53:33 [websocket-heartbeat-1] INFO  c.z.n.s.d.u.NotificationProcessorImpl - Found 0 scheduled notifications to process
2026-01-17 19:53:33 [websocket-heartbeat-1] INFO  c.z.n.s.i.o.p.p.NotificationRepositoryAdapter - finding notifications with status: PENDING and scheduledAt before: 2026-01-17T19:53:33.612966
2026-01-17 19:53:33 [websocket-heartbeat-1] INFO  c.z.n.s.d.u.NotificationProcessorImpl - Found 0 scheduled notifications to process
2026-01-17 19:53:33 [websocket-heartbeat-1] INFO  c.z.n.s.i.o.p.p.NotificationRepositoryAdapter - finding notifications with status: PENDING and scheduledAt before: 2026-01-17T19:53:33.614972300
2026-01-17 19:53:33 [websocket-heartbeat-1] INFO  c.z.n.s.d.u.NotificationProcessorImpl - Found 0 scheduled notifications to process
2026-01-17 19:53:33 [websocket-heartbeat-1] INFO  c.z.n.s.i.o.p.p.NotificationRepositoryAdapter - finding notifications with status: FAILED and retryCount less than: 3
2026-01-17 19:53:33 [websocket-heartbeat-1] INFO  c.z.n.s.d.u.NotificationProcessorImpl - Found 0 failed notifications to retry
2026-01-17 19:53:33 [websocket-heartbeat-1] INFO  c.z.n.s.i.o.p.p.NotificationRepositoryAdapter - finding notifications with status: PENDING and scheduledAt before: 2026-01-17T19:53:33.618974800
2026-01-17 19:53:33 [websocket-heartbeat-1] INFO  c.z.n.s.d.u.NotificationProcessorImpl - Found 0 scheduled notifications to process
2026-01-17 19:53:33 [websocket-heartbeat-1] INFO  c.z.n.s.i.o.p.p.NotificationRepositoryAdapter - finding notifications with status: PENDING and scheduledAt before: 2026-01-17T19:53:33.621481500
2026-01-17 19:53:33 [websocket-heartbeat-1] INFO  c.z.n.s.d.u.NotificationProcessorImpl - Found 0 scheduled notifications to process
2026-01-17 19:53:33 [websocket-heartbeat-1] INFO  c.z.n.s.i.o.p.p.NotificationRepositoryAdapter - finding notifications with status: PENDING and scheduledAt before: 2026-01-17T19:53:33.623551100
2026-01-17 19:53:33 [websocket-heartbeat-1] INFO  c.z.n.s.d.u.NotificationProcessorImpl - Found 0 scheduled notifications to process
2026-01-17 19:53:33 [websocket-heartbeat-1] INFO  c.z.n.s.i.o.p.p.NotificationRepositoryAdapter - finding notifications with status: PENDING and scheduledAt before: 2026-01-17T19:53:33.626056100
2026-01-17 19:53:33 [websocket-heartbeat-1] INFO  c.z.n.s.d.u.NotificationProcessorImpl - Found 0 scheduled notifications to process
2026-01-17 19:53:33 [websocket-heartbeat-1] INFO  c.z.n.s.i.o.p.p.NotificationRepositoryAdapter - finding notifications with status: PENDING and scheduledAt before: 2026-01-17T19:53:33.628063400
2026-01-17 19:53:33 [websocket-heartbeat-1] INFO  c.z.n.s.d.u.NotificationProcessorImpl - Found 0 scheduled notifications to process
2026-01-17 19:53:33 [websocket-heartbeat-1] INFO  c.z.n.s.i.o.p.p.NotificationRepositoryAdapter - finding notifications with status: FAILED and retryCount less than: 3
2026-01-17 19:53:33 [websocket-heartbeat-1] INFO  c.z.n.s.d.u.NotificationProcessorImpl - Found 0 failed notifications to retry
2026-01-17 19:53:33 [websocket-heartbeat-1] INFO  c.z.n.s.i.o.p.p.NotificationRepositoryAdapter - finding notifications with status: PENDING and scheduledAt before: 2026-01-17T19:53:33.632576300
2026-01-17 19:53:33 [websocket-heartbeat-1] INFO  c.z.n.s.d.u.NotificationProcessorImpl - Found 0 scheduled notifications to process
2026-01-17 19:53:33 [websocket-heartbeat-1] INFO  c.z.n.s.i.o.p.p.NotificationRepositoryAdapter - finding notifications with status: PENDING and scheduledAt before: 2026-01-17T19:53:33.636582700
2026-01-17 19:53:33 [websocket-heartbeat-1] INFO  c.z.n.s.d.u.NotificationProcessorImpl - Found 0 scheduled notifications to process
2026-01-17 19:53:33 [websocket-heartbeat-1] INFO  c.z.n.s.i.o.p.p.NotificationRepositoryAdapter - finding notifications with status: PENDING and scheduledAt before: 2026-01-17T19:53:33.639577600
2026-01-17 19:53:33 [websocket-heartbeat-1] INFO  c.z.n.s.d.u.NotificationProcessorImpl - Found 0 scheduled notifications to process
2026-01-17 19:53:33 [websocket-heartbeat-1] INFO  c.z.n.s.i.o.p.p.NotificationRepositoryAdapter - finding notifications with status: PENDING and scheduledAt before: 2026-01-17T19:53:33.641575400
2026-01-17 19:53:33 [websocket-heartbeat-1] INFO  c.z.n.s.d.u.NotificationProcessorImpl - Found 0 scheduled notifications to process
2026-01-17 19:53:33 [websocket-heartbeat-1] INFO  c.z.n.s.i.o.p.p.NotificationRepositoryAdapter - finding notifications with status: PENDING and scheduledAt before: 2026-01-17T19:53:33.644088100
2026-01-17 19:53:33 [websocket-heartbeat-1] INFO  c.z.n.s.d.u.NotificationProcessorImpl - Found 0 scheduled notifications to process
2026-01-17 19:53:33 [websocket-heartbeat-1] INFO  c.z.n.s.i.o.p.p.NotificationRepositoryAdapter - finding notifications with status: FAILED and retryCount less than: 3
2026-01-17 19:53:33 [websocket-heartbeat-1] INFO  c.z.n.s.d.u.NotificationProcessorImpl - Found 0 failed notifications to retry
2026-01-17 19:53:33 [websocket-heartbeat-1] INFO  c.z.n.s.i.o.p.p.NotificationRepositoryAdapter - finding notifications with status: PENDING and scheduledAt before: 2026-01-17T19:53:33.649087100
2026-01-17 19:53:33 [websocket-heartbeat-1] INFO  c.z.n.s.d.u.NotificationProcessorImpl - Found 0 scheduled notifications to process
2026-01-17 19:53:33 [websocket-heartbeat-1] INFO  c.z.n.s.i.o.p.p.NotificationRepositoryAdapter - finding notifications with status: PENDING and scheduledAt before: 2026-01-17T19:53:33.651085800
2026-01-17 19:53:33 [websocket-heartbeat-1] INFO  c.z.n.s.d.u.NotificationProcessorImpl - Found 0 scheduled notifications to process
2026-01-17 19:53:33 [websocket-heartbeat-1] INFO  c.z.n.s.i.o.p.p.NotificationRepositoryAdapter - finding notifications with status: PENDING and scheduledAt before: 2026-01-17T19:53:33.654596
2026-01-17 19:53:33 [websocket-heartbeat-1] INFO  c.z.n.s.d.u.NotificationProcessorImpl - Found 0 scheduled notifications to process
2026-01-17 19:53:33 [websocket-heartbeat-1] INFO  c.z.n.s.i.o.p.p.NotificationRepositoryAdapter - finding notifications with status: PENDING and scheduledAt before: 2026-01-17T19:53:33.656596300
2026-01-17 19:53:33 [websocket-heartbeat-1] INFO  c.z.n.s.d.u.NotificationProcessorImpl - Found 0 scheduled notifications to process
2026-01-17 19:53:33 [websocket-heartbeat-1] INFO  c.z.n.s.i.o.p.p.NotificationRepositoryAdapter - finding notifications with status: PENDING and scheduledAt before: 2026-01-17T19:53:33.658596200
2026-01-17 19:53:33 [websocket-heartbeat-1] INFO  c.z.n.s.d.u.NotificationProcessorImpl - Found 0 scheduled notifications to process
2026-01-17 19:53:33 [websocket-heartbeat-1] INFO  c.z.n.s.i.o.p.p.NotificationRepositoryAdapter - finding notifications with status: FAILED and retryCount less than: 3
2026-01-17 19:53:33 [websocket-heartbeat-1] INFO  c.z.n.s.d.u.NotificationProcessorImpl - Found 0 failed notifications to retry
2026-01-17 19:53:33 [websocket-heartbeat-1] INFO  c.z.n.s.i.o.p.p.NotificationRepositoryAdapter - finding notifications with status: PENDING and scheduledAt before: 2026-01-17T19:53:33.663595600
2026-01-17 19:53:33 [websocket-heartbeat-1] INFO  c.z.n.s.d.u.NotificationProcessorImpl - Found 0 scheduled notifications to process
2026-01-17 19:53:33 [websocket-heartbeat-1] INFO  c.z.n.s.i.o.p.p.NotificationRepositoryAdapter - finding notifications with status: PENDING and scheduledAt before: 2026-01-17T19:53:33.665105100
2026-01-17 19:53:33 [websocket-heartbeat-1] INFO  c.z.n.s.d.u.NotificationProcessorImpl - Found 0 scheduled notifications to process
2026-01-17 19:53:33 [websocket-heartbeat-1] INFO  c.z.n.s.i.o.p.p.NotificationRepositoryAdapter - finding notifications with status: PENDING and scheduledAt before: 2026-01-17T19:53:33.667104200
2026-01-17 19:53:33 [websocket-heartbeat-1] INFO  c.z.n.s.d.u.NotificationProcessorImpl - Found 0 scheduled notifications to process
2026-01-17 19:53:33 [websocket-heartbeat-1] INFO  c.z.n.s.i.o.p.p.NotificationRepositoryAdapter - finding notifications with status: PENDING and scheduledAt before: 2026-01-17T19:53:33.670107300
2026-01-17 19:53:33 [websocket-heartbeat-1] INFO  c.z.n.s.d.u.NotificationProcessorImpl - Found 0 scheduled notifications to process
2026-01-17 19:53:33 [websocket-heartbeat-1] INFO  c.z.n.s.i.o.p.p.NotificationRepositoryAdapter - finding notifications with status: PENDING and scheduledAt before: 2026-01-17T19:53:33.672106500
2026-01-17 19:53:33 [websocket-heartbeat-1] INFO  c.z.n.s.d.u.NotificationProcessorImpl - Found 0 scheduled notifications to process
2026-01-17 19:53:33 [websocket-heartbeat-1] INFO  c.z.n.s.i.o.p.p.NotificationRepositoryAdapter - finding notifications with status: FAILED and retryCount less than: 3
2026-01-17 19:53:33 [websocket-heartbeat-1] INFO  c.z.n.s.d.u.NotificationProcessorImpl - Found 0 failed notifications to retry
2026-01-17 19:53:33 [websocket-heartbeat-1] INFO  c.z.n.s.i.o.p.p.NotificationRepositoryAdapter - finding notifications with status: PENDING and scheduledAt before: 2026-01-17T19:53:33.675618
2026-01-17 19:53:33 [websocket-heartbeat-1] INFO  c.z.n.s.d.u.NotificationProcessorImpl - Found 0 scheduled notifications to process
2026-01-17 19:53:33 [websocket-heartbeat-1] INFO  c.z.n.s.i.o.p.p.NotificationRepositoryAdapter - finding notifications with status: PENDING and scheduledAt before: 2026-01-17T19:53:33.677619600
2026-01-17 19:53:33 [websocket-heartbeat-1] INFO  c.z.n.s.d.u.NotificationProcessorImpl - Found 0 scheduled notifications to process
2026-01-17 19:53:33 [websocket-heartbeat-1] INFO  c.z.n.s.i.o.p.p.NotificationRepositoryAdapter - finding notifications with status: PENDING and scheduledAt before: 2026-01-17T19:53:33.680130900
2026-01-17 19:53:33 [websocket-heartbeat-1] INFO  c.z.n.s.d.u.NotificationProcessorImpl - Found 0 scheduled notifications to process
2026-01-17 19:53:33 [websocket-heartbeat-1] INFO  c.z.n.s.i.o.p.p.NotificationRepositoryAdapter - finding notifications with status: PENDING and scheduledAt before: 2026-01-17T19:53:33.683130700
2026-01-17 19:53:33 [websocket-heartbeat-1] INFO  c.z.n.s.d.u.NotificationProcessorImpl - Found 0 scheduled notifications to process
2026-01-17 19:53:33 [websocket-heartbeat-1] INFO  c.z.n.s.i.o.p.p.NotificationRepositoryAdapter - finding notifications with status: PENDING and scheduledAt before: 2026-01-17T19:53:33.686649300
2026-01-17 19:53:33 [websocket-heartbeat-1] INFO  c.z.n.s.d.u.NotificationProcessorImpl - Found 0 scheduled notifications to process
2026-01-17 19:53:33 [websocket-heartbeat-1] INFO  c.z.n.s.i.o.p.p.NotificationRepositoryAdapter - finding notifications with status: FAILED and retryCount less than: 3
2026-01-17 19:53:33 [websocket-heartbeat-1] INFO  c.z.n.s.d.u.NotificationProcessorImpl - Found 0 failed notifications to retry
2026-01-17 19:53:33 [websocket-heartbeat-1] INFO  c.z.n.s.i.o.p.p.NotificationRepositoryAdapter - finding notifications with status: PENDING and scheduledAt before: 2026-01-17T19:53:33.691648700
2026-01-17 19:53:33 [websocket-heartbeat-1] INFO  c.z.n.s.d.u.NotificationProcessorImpl - Found 0 scheduled notifications to process
2026-01-17 19:53:33 [websocket-heartbeat-1] INFO  c.z.n.s.i.o.p.p.NotificationRepositoryAdapter - finding notifications with status: PENDING and scheduledAt before: 2026-01-17T19:53:33.693649600
2026-01-17 19:53:33 [websocket-heartbeat-1] INFO  c.z.n.s.d.u.NotificationProcessorImpl - Found 0 scheduled notifications to process
2026-01-17 19:53:33 [websocket-heartbeat-1] INFO  c.z.n.s.i.o.p.p.NotificationRepositoryAdapter - finding notifications with status: PENDING and scheduledAt before: 2026-01-17T19:53:33.695661100
2026-01-17 19:53:33 [websocket-heartbeat-1] INFO  c.z.n.s.d.u.NotificationProcessorImpl - Found 0 scheduled notifications to process
2026-01-17 19:53:33 [websocket-heartbeat-1] INFO  c.z.n.s.i.o.p.p.NotificationRepositoryAdapter - finding notifications with status: PENDING and scheduledAt before: 2026-01-17T19:53:33.697850400
2026-01-17 19:53:33 [websocket-heartbeat-1] INFO  c.z.n.s.d.u.NotificationProcessorImpl - Found 0 scheduled notifications to process
2026-01-17 19:53:33 [websocket-heartbeat-1] INFO  c.z.n.s.i.o.p.p.NotificationRepositoryAdapter - finding notifications with status: PENDING and scheduledAt before: 2026-01-17T19:53:33.699851
2026-01-17 19:53:33 [websocket-heartbeat-1] INFO  c.z.n.s.d.u.NotificationProcessorImpl - Found 0 scheduled notifications to process
2026-01-17 19:53:33 [websocket-heartbeat-1] INFO  c.z.n.s.i.o.p.p.NotificationRepositoryAdapter - finding notifications with status: FAILED and retryCount less than: 3
2026-01-17 19:53:33 [websocket-heartbeat-1] INFO  c.z.n.s.d.u.NotificationProcessorImpl - Found 0 failed notifications to retry
2026-01-17 19:53:33 [websocket-heartbeat-1] INFO  c.z.n.s.i.o.p.p.NotificationRepositoryAdapter - finding notifications with status: PENDING and scheduledAt before: 2026-01-17T19:53:33.703851600
2026-01-17 19:53:33 [websocket-heartbeat-1] INFO  c.z.n.s.d.u.NotificationProcessorImpl - Found 0 scheduled notifications to process
2026-01-17 19:53:33 [websocket-heartbeat-1] INFO  c.z.n.s.i.o.p.p.NotificationRepositoryAdapter - finding notifications with status: PENDING and scheduledAt before: 2026-01-17T19:53:33.706355600
2026-01-17 19:53:33 [websocket-heartbeat-1] INFO  c.z.n.s.d.u.NotificationProcessorImpl - Found 0 scheduled notifications to process
2026-01-17 19:53:33 [websocket-heartbeat-1] INFO  c.z.n.s.i.o.p.p.NotificationRepositoryAdapter - finding notifications with status: PENDING and scheduledAt before: 2026-01-17T19:53:33.708361500
2026-01-17 19:53:33 [websocket-heartbeat-1] INFO  c.z.n.s.d.u.NotificationProcessorImpl - Found 0 scheduled notifications to process
2026-01-17 19:53:33 [websocket-heartbeat-1] INFO  c.z.n.s.i.o.p.p.NotificationRepositoryAdapter - finding notifications with status: PENDING and scheduledAt before: 2026-01-17T19:53:33.711363100
2026-01-17 19:53:33 [websocket-heartbeat-1] INFO  c.z.n.s.d.u.NotificationProcessorImpl - Found 0 scheduled notifications to process
2026-01-17 19:53:33 [websocket-heartbeat-1] INFO  c.z.n.s.i.o.p.p.NotificationRepositoryAdapter - finding notifications with status: PENDING and scheduledAt before: 2026-01-17T19:53:33.713362300
2026-01-17 19:53:33 [websocket-heartbeat-1] INFO  c.z.n.s.d.u.NotificationProcessorImpl - Found 0 scheduled notifications to process
2026-01-17 19:53:33 [websocket-heartbeat-1] INFO  c.z.n.s.i.o.p.p.NotificationRepositoryAdapter - finding notifications with status: FAILED and retryCount less than: 3
2026-01-17 19:53:33 [websocket-heartbeat-1] INFO  c.z.n.s.d.u.NotificationProcessorImpl - Found 0 failed notifications to retry
2026-01-17 19:53:33 [websocket-heartbeat-1] INFO  c.z.n.s.i.o.p.p.NotificationRepositoryAdapter - finding notifications with status: PENDING and scheduledAt before: 2026-01-17T19:53:33.717873900
2026-01-17 19:53:33 [websocket-heartbeat-1] INFO  c.z.n.s.d.u.NotificationProcessorImpl - Found 0 scheduled notifications to process
2026-01-17 19:53:33 [websocket-heartbeat-1] INFO  c.z.n.s.i.o.p.p.NotificationRepositoryAdapter - finding notifications with status: PENDING and scheduledAt before: 2026-01-17T19:53:33.720379800
2026-01-17 19:53:33 [websocket-heartbeat-1] INFO  c.z.n.s.d.u.NotificationProcessorImpl - Found 0 scheduled notifications to process
2026-01-17 19:53:33 [websocket-heartbeat-1] INFO  c.z.n.s.i.o.p.p.NotificationRepositoryAdapter - finding notifications with status: PENDING and scheduledAt before: 2026-01-17T19:53:33.722387200
2026-01-17 19:53:33 [websocket-heartbeat-1] INFO  c.z.n.s.d.u.NotificationProcessorImpl - Found 0 scheduled notifications to process
2026-01-17 19:53:33 [websocket-heartbeat-1] INFO  c.z.n.s.i.o.p.p.NotificationRepositoryAdapter - finding notifications with status: PENDING and scheduledAt before: 2026-01-17T19:53:33.724386700
2026-01-17 19:53:33 [websocket-heartbeat-1] INFO  c.z.n.s.d.u.NotificationProcessorImpl - Found 0 scheduled notifications to process
2026-01-17 19:53:33 [websocket-heartbeat-1] INFO  c.z.n.s.i.o.p.p.NotificationRepositoryAdapter - finding notifications with status: PENDING and scheduledAt before: 2026-01-17T19:53:33.726894900
2026-01-17 19:53:33 [websocket-heartbeat-1] INFO  c.z.n.s.d.u.NotificationProcessorImpl - Found 0 scheduled notifications to process
2026-01-17 19:53:33 [websocket-heartbeat-1] INFO  c.z.n.s.i.o.p.p.NotificationRepositoryAdapter - finding notifications with status: FAILED and retryCount less than: 3
2026-01-17 19:53:33 [websocket-heartbeat-1] INFO  c.z.n.s.d.u.NotificationProcessorImpl - Found 0 failed notifications to retry
2026-01-17 19:53:33 [websocket-heartbeat-1] INFO  c.z.n.s.i.o.p.p.NotificationRepositoryAdapter - finding notifications with status: PENDING and scheduledAt before: 2026-01-17T19:53:33.731902500
2026-01-17 19:53:33 [websocket-heartbeat-1] INFO  c.z.n.s.d.u.NotificationProcessorImpl - Found 0 scheduled notifications to process
2026-01-17 19:53:33 [websocket-heartbeat-1] INFO  c.z.n.s.i.o.p.p.NotificationRepositoryAdapter - finding notifications with status: PENDING and scheduledAt before: 2026-01-17T19:53:33.739121300
2026-01-17 19:53:33 [websocket-heartbeat-1] INFO  c.z.n.s.d.u.NotificationProcessorImpl - Found 0 scheduled notifications to process
2026-01-17 19:53:33 [websocket-heartbeat-1] INFO  c.z.n.s.i.o.p.p.NotificationRepositoryAdapter - finding notifications with status: PENDING and scheduledAt before: 2026-01-17T19:53:33.741121500
2026-01-17 19:53:33 [websocket-heartbeat-1] INFO  c.z.n.s.d.u.NotificationProcessorImpl - Found 0 scheduled notifications to process
2026-01-17 19:53:33 [websocket-heartbeat-1] INFO  c.z.n.s.i.o.p.p.NotificationRepositoryAdapter - finding notifications with status: PENDING and scheduledAt before: 2026-01-17T19:53:33.744121900
2026-01-17 19:53:33 [websocket-heartbeat-1] INFO  c.z.n.s.d.u.NotificationProcessorImpl - Found 0 scheduled notifications to process
2026-01-17 19:53:33 [websocket-heartbeat-1] INFO  c.z.n.s.i.o.p.p.NotificationRepositoryAdapter - finding notifications with status: PENDING and scheduledAt before: 2026-01-17T19:53:33.746120700
2026-01-17 19:53:33 [websocket-heartbeat-1] INFO  c.z.n.s.d.u.NotificationProcessorImpl - Found 0 scheduled notifications to process
2026-01-17 19:53:33 [websocket-heartbeat-1] INFO  c.z.n.s.i.o.p.p.NotificationRepositoryAdapter - finding notifications with status: FAILED and retryCount less than: 3
2026-01-17 19:53:33 [websocket-heartbeat-1] INFO  c.z.n.s.d.u.NotificationProcessorImpl - Found 0 failed notifications to retry
2026-01-17 19:53:33 [websocket-heartbeat-1] INFO  c.z.n.s.i.o.p.p.NotificationRepositoryAdapter - finding notifications with status: PENDING and scheduledAt before: 2026-01-17T19:53:33.750633400
2026-01-17 19:53:33 [websocket-heartbeat-1] INFO  c.z.n.s.d.u.NotificationProcessorImpl - Found 0 scheduled notifications to process
2026-01-17 19:53:33 [websocket-heartbeat-1] INFO  c.z.n.s.i.o.p.p.NotificationRepositoryAdapter - finding notifications with status: PENDING and scheduledAt before: 2026-01-17T19:53:33.752631500
2026-01-17 19:53:33 [websocket-heartbeat-1] INFO  c.z.n.s.d.u.NotificationProcessorImpl - Found 0 scheduled notifications to process
2026-01-17 19:53:33 [websocket-heartbeat-1] INFO  c.z.n.s.i.o.p.p.NotificationRepositoryAdapter - finding notifications with status: PENDING and scheduledAt before: 2026-01-17T19:53:33.754632500
2026-01-17 19:53:33 [websocket-heartbeat-1] INFO  c.z.n.s.d.u.NotificationProcessorImpl - Found 0 scheduled notifications to process
2026-01-17 19:53:33 [websocket-heartbeat-1] INFO  c.z.n.s.i.o.p.p.NotificationRepositoryAdapter - finding notifications with status: PENDING and scheduledAt before: 2026-01-17T19:53:33.757279900
2026-01-17 19:53:33 [websocket-heartbeat-1] INFO  c.z.n.s.d.u.NotificationProcessorImpl - Found 0 scheduled notifications to process
2026-01-17 19:53:33 [websocket-heartbeat-1] INFO  c.z.n.s.i.o.p.p.NotificationRepositoryAdapter - finding notifications with status: PENDING and scheduledAt before: 2026-01-17T19:53:33.759651700
2026-01-17 19:53:33 [websocket-heartbeat-1] INFO  c.z.n.s.d.u.NotificationProcessorImpl - Found 0 scheduled notifications to process
2026-01-17 19:53:33 [websocket-heartbeat-1] INFO  c.z.n.s.i.o.p.p.NotificationRepositoryAdapter - finding notifications with status: FAILED and retryCount less than: 3
2026-01-17 19:53:33 [websocket-heartbeat-1] INFO  c.z.n.s.d.u.NotificationProcessorImpl - Found 0 failed notifications to retry
2026-01-17 19:53:33 [websocket-heartbeat-1] INFO  c.z.n.s.i.o.p.p.NotificationRepositoryAdapter - finding notifications with status: PENDING and scheduledAt before: 2026-01-17T19:53:33.763651400
2026-01-17 19:53:33 [websocket-heartbeat-1] INFO  c.z.n.s.d.u.NotificationProcessorImpl - Found 0 scheduled notifications to process
2026-01-17 19:53:33 [websocket-heartbeat-1] INFO  c.z.n.s.i.o.p.p.NotificationRepositoryAdapter - finding notifications with status: PENDING and scheduledAt before: 2026-01-17T19:53:33.765651700
2026-01-17 19:53:33 [websocket-heartbeat-1] INFO  c.z.n.s.d.u.NotificationProcessorImpl - Found 0 scheduled notifications to process
2026-01-17 19:53:33 [websocket-heartbeat-1] INFO  c.z.n.s.i.o.p.p.NotificationRepositoryAdapter - finding notifications with status: PENDING and scheduledAt before: 2026-01-17T19:53:33.768158800
2026-01-17 19:53:33 [websocket-heartbeat-1] INFO  c.z.n.s.d.u.NotificationProcessorImpl - Found 0 scheduled notifications to process
2026-01-17 19:53:33 [websocket-heartbeat-1] INFO  c.z.n.s.i.o.p.p.NotificationRepositoryAdapter - finding notifications with status: PENDING and scheduledAt before: 2026-01-17T19:53:33.770167900
2026-01-17 19:53:33 [websocket-heartbeat-1] INFO  c.z.n.s.d.u.NotificationProcessorImpl - Found 0 scheduled notifications to process
2026-01-17 19:53:33 [websocket-heartbeat-1] INFO  c.z.n.s.i.o.p.p.NotificationRepositoryAdapter - finding notifications with status: PENDING and scheduledAt before: 2026-01-17T19:53:33.773165600
2026-01-17 19:53:33 [websocket-heartbeat-1] INFO  c.z.n.s.d.u.NotificationProcessorImpl - Found 0 scheduled notifications to process
2026-01-17 19:53:33 [websocket-heartbeat-1] INFO  c.z.n.s.i.o.p.p.NotificationRepositoryAdapter - finding notifications with status: FAILED and retryCount less than: 3
2026-01-17 19:53:33 [websocket-heartbeat-1] INFO  c.z.n.s.d.u.NotificationProcessorImpl - Found 0 failed notifications to retry
2026-01-17 19:53:33 [websocket-heartbeat-1] INFO  c.z.n.s.i.o.p.p.NotificationRepositoryAdapter - finding notifications with status: PENDING and scheduledAt before: 2026-01-17T19:53:33.782185900
2026-01-17 19:53:33 [websocket-heartbeat-1] INFO  c.z.n.s.d.u.NotificationProcessorImpl - Found 0 scheduled notifications to process
2026-01-17 19:53:33 [websocket-heartbeat-1] INFO  c.z.n.s.i.o.p.p.NotificationRepositoryAdapter - finding notifications with status: PENDING and scheduledAt before: 2026-01-17T19:53:33.785184300
2026-01-17 19:53:33 [websocket-heartbeat-1] INFO  c.z.n.s.d.u.NotificationProcessorImpl - Found 0 scheduled notifications to process
2026-01-17 19:53:33 [websocket-heartbeat-1] INFO  c.z.n.s.i.o.p.p.NotificationRepositoryAdapter - finding notifications with status: PENDING and scheduledAt before: 2026-01-17T19:53:33.787183400
2026-01-17 19:53:33 [websocket-heartbeat-1] INFO  c.z.n.s.d.u.NotificationProcessorImpl - Found 0 scheduled notifications to process
2026-01-17 19:53:33 [websocket-heartbeat-1] INFO  c.z.n.s.i.o.p.p.NotificationRepositoryAdapter - finding notifications with status: PENDING and scheduledAt before: 2026-01-17T19:53:33.789696400
2026-01-17 19:53:33 [websocket-heartbeat-1] INFO  c.z.n.s.d.u.NotificationProcessorImpl - Found 0 scheduled notifications to process
2026-01-17 19:53:33 [websocket-heartbeat-1] INFO  c.z.n.s.i.o.p.p.NotificationRepositoryAdapter - finding notifications with status: PENDING and scheduledAt before: 2026-01-17T19:53:33.792697900
2026-01-17 19:53:33 [websocket-heartbeat-1] INFO  c.z.n.s.d.u.NotificationProcessorImpl - Found 0 scheduled notifications to process
2026-01-17 19:53:33 [websocket-heartbeat-1] INFO  c.z.n.s.i.o.p.p.NotificationRepositoryAdapter - finding notifications with status: FAILED and retryCount less than: 3
2026-01-17 19:53:33 [websocket-heartbeat-1] INFO  c.z.n.s.d.u.NotificationProcessorImpl - Found 0 failed notifications to retry
2026-01-17 19:53:33 [websocket-heartbeat-1] INFO  c.z.n.s.i.o.p.p.NotificationRepositoryAdapter - finding notifications with status: PENDING and scheduledAt before: 2026-01-17T19:53:33.798209500
2026-01-17 19:53:33 [websocket-heartbeat-1] INFO  c.z.n.s.d.u.NotificationProcessorImpl - Found 0 scheduled notifications to process
2026-01-17 19:53:33 [websocket-heartbeat-1] INFO  c.z.n.s.i.o.p.p.NotificationRepositoryAdapter - finding notifications with status: PENDING and scheduledAt before: 2026-01-17T19:53:33.800209300
2026-01-17 19:53:33 [websocket-heartbeat-1] INFO  c.z.n.s.d.u.NotificationProcessorImpl - Found 0 scheduled notifications to process
2026-01-17 19:53:33 [websocket-heartbeat-1] INFO  c.z.n.s.i.o.p.p.NotificationRepositoryAdapter - finding notifications with status: PENDING and scheduledAt before: 2026-01-17T19:53:33.802717300
2026-01-17 19:53:33 [websocket-heartbeat-1] INFO  c.z.n.s.d.u.NotificationProcessorImpl - Found 0 scheduled notifications to process
2026-01-17 19:53:33 [websocket-heartbeat-1] INFO  c.z.n.s.i.o.p.p.NotificationRepositoryAdapter - finding notifications with status: PENDING and scheduledAt before: 2026-01-17T19:53:33.805725400
2026-01-17 19:53:33 [websocket-heartbeat-1] INFO  c.z.n.s.d.u.NotificationProcessorImpl - Found 0 scheduled notifications to process
2026-01-17 19:53:33 [websocket-heartbeat-1] INFO  c.z.n.s.i.o.p.p.NotificationRepositoryAdapter - finding notifications with status: PENDING and scheduledAt before: 2026-01-17T19:53:33.807859800
2026-01-17 19:53:33 [websocket-heartbeat-1] INFO  c.z.n.s.d.u.NotificationProcessorImpl - Found 0 scheduled notifications to process
2026-01-17 19:53:33 [websocket-heartbeat-1] INFO  c.z.n.s.i.o.p.p.NotificationRepositoryAdapter - finding notifications with status: FAILED and retryCount less than: 3
2026-01-17 19:53:33 [websocket-heartbeat-1] INFO  c.z.n.s.d.u.NotificationProcessorImpl - Found 0 failed notifications to retry
2026-01-17 19:53:33 [websocket-heartbeat-1] INFO  c.z.n.s.i.o.p.p.NotificationRepositoryAdapter - finding notifications with status: PENDING and scheduledAt before: 2026-01-17T19:53:33.812373400
2026-01-17 19:53:33 [websocket-heartbeat-1] INFO  c.z.n.s.d.u.NotificationProcessorImpl - Found 0 scheduled notifications to process
2026-01-17 19:53:33 [websocket-heartbeat-1] INFO  c.z.n.s.i.o.p.p.NotificationRepositoryAdapter - finding notifications with status: PENDING and scheduledAt before: 2026-01-17T19:53:33.814371300
2026-01-17 19:53:33 [websocket-heartbeat-1] INFO  c.z.n.s.d.u.NotificationProcessorImpl - Found 0 scheduled notifications to process
2026-01-17 19:53:33 [websocket-heartbeat-1] INFO  c.z.n.s.i.o.p.p.NotificationRepositoryAdapter - finding notifications with status: PENDING and scheduledAt before: 2026-01-17T19:53:33.817888800
2026-01-17 19:53:33 [websocket-heartbeat-1] INFO  c.z.n.s.d.u.NotificationProcessorImpl - Found 0 scheduled notifications to process
2026-01-17 19:53:33 [websocket-heartbeat-1] INFO  c.z.n.s.i.o.p.p.NotificationRepositoryAdapter - finding notifications with status: PENDING and scheduledAt before: 2026-01-17T19:53:33.819889
2026-01-17 19:53:33 [websocket-heartbeat-1] INFO  c.z.n.s.d.u.NotificationProcessorImpl - Found 0 scheduled notifications to process
2026-01-17 19:53:33 [websocket-heartbeat-1] INFO  c.z.n.s.i.o.p.p.NotificationRepositoryAdapter - finding notifications with status: PENDING and scheduledAt before: 2026-01-17T19:53:33.821890400
2026-01-17 19:53:33 [websocket-heartbeat-1] INFO  c.z.n.s.d.u.NotificationProcessorImpl - Found 0 scheduled notifications to process
2026-01-17 19:53:33 [websocket-heartbeat-1] INFO  c.z.n.s.i.o.p.p.NotificationRepositoryAdapter - finding notifications with status: FAILED and retryCount less than: 3
2026-01-17 19:53:33 [websocket-heartbeat-1] INFO  c.z.n.s.d.u.NotificationProcessorImpl - Found 0 failed notifications to retry
2026-01-17 19:53:33 [websocket-heartbeat-1] INFO  c.z.n.s.i.o.p.p.NotificationRepositoryAdapter - finding notifications with status: PENDING and scheduledAt before: 2026-01-17T19:53:33.826889
2026-01-17 19:53:33 [websocket-heartbeat-1] INFO  c.z.n.s.d.u.NotificationProcessorImpl - Found 0 scheduled notifications to process
2026-01-17 19:53:33 [websocket-heartbeat-1] INFO  c.z.n.s.i.o.p.p.NotificationRepositoryAdapter - finding notifications with status: PENDING and scheduledAt before: 2026-01-17T19:53:33.829267100
2026-01-17 19:53:33 [websocket-heartbeat-1] INFO  c.z.n.s.d.u.NotificationProcessorImpl - Found 0 scheduled notifications to process
2026-01-17 19:53:33 [websocket-heartbeat-1] INFO  c.z.n.s.i.o.p.p.NotificationRepositoryAdapter - finding notifications with status: PENDING and scheduledAt before: 2026-01-17T19:53:33.831265200
2026-01-17 19:53:33 [websocket-heartbeat-1] INFO  c.z.n.s.d.u.NotificationProcessorImpl - Found 0 scheduled notifications to process
2026-01-17 19:53:33 [websocket-heartbeat-1] INFO  c.z.n.s.i.o.p.p.NotificationRepositoryAdapter - finding notifications with status: PENDING and scheduledAt before: 2026-01-17T19:53:33.833269800
2026-01-17 19:53:33 [websocket-heartbeat-1] INFO  c.z.n.s.d.u.NotificationProcessorImpl - Found 0 scheduled notifications to process
2026-01-17 19:53:33 [websocket-heartbeat-1] INFO  c.z.n.s.i.o.p.p.NotificationRepositoryAdapter - finding notifications with status: PENDING and scheduledAt before: 2026-01-17T19:53:33.835792900
2026-01-17 19:53:33 [websocket-heartbeat-1] INFO  c.z.n.s.d.u.NotificationProcessorImpl - Found 0 scheduled notifications to process
2026-01-17 19:53:33 [websocket-heartbeat-1] INFO  c.z.n.s.i.o.p.p.NotificationRepositoryAdapter - finding notifications with status: FAILED and retryCount less than: 3
2026-01-17 19:53:33 [websocket-heartbeat-1] INFO  c.z.n.s.d.u.NotificationProcessorImpl - Found 0 failed notifications to retry
2026-01-17 19:53:33 [websocket-heartbeat-1] INFO  c.z.n.s.i.o.p.p.NotificationRepositoryAdapter - finding notifications with status: PENDING and scheduledAt before: 2026-01-17T19:53:33.842328300
2026-01-17 19:53:33 [websocket-heartbeat-1] INFO  c.z.n.s.d.u.NotificationProcessorImpl - Found 0 scheduled notifications to process
2026-01-17 19:53:33 [websocket-heartbeat-1] INFO  c.z.n.s.i.o.p.p.NotificationRepositoryAdapter - finding notifications with status: PENDING and scheduledAt before: 2026-01-17T19:53:33.843841900
2026-01-17 19:53:33 [websocket-heartbeat-1] INFO  c.z.n.s.d.u.NotificationProcessorImpl - Found 0 scheduled notifications to process
2026-01-17 19:53:33 [websocket-heartbeat-1] INFO  c.z.n.s.i.o.p.p.NotificationRepositoryAdapter - finding notifications with status: PENDING and scheduledAt before: 2026-01-17T19:53:33.846841300
2026-01-17 19:53:33 [websocket-heartbeat-1] INFO  c.z.n.s.d.u.NotificationProcessorImpl - Found 0 scheduled notifications to process
2026-01-17 19:53:33 [websocket-heartbeat-1] INFO  c.z.n.s.i.o.p.p.NotificationRepositoryAdapter - finding notifications with status: PENDING and scheduledAt before: 2026-01-17T19:53:33.849752600
2026-01-17 19:53:33 [websocket-heartbeat-1] INFO  c.z.n.s.d.u.NotificationProcessorImpl - Found 0 scheduled notifications to process
2026-01-17 19:53:33 [websocket-heartbeat-1] INFO  c.z.n.s.i.o.p.p.NotificationRepositoryAdapter - finding notifications with status: PENDING and scheduledAt before: 2026-01-17T19:53:33.851253400
2026-01-17 19:53:33 [websocket-heartbeat-1] INFO  c.z.n.s.d.u.NotificationProcessorImpl - Found 0 scheduled notifications to process
2026-01-17 19:53:33 [websocket-heartbeat-1] INFO  c.z.n.s.i.o.p.p.NotificationRepositoryAdapter - finding notifications with status: FAILED and retryCount less than: 3
2026-01-17 19:53:33 [websocket-heartbeat-1] INFO  c.z.n.s.d.u.NotificationProcessorImpl - Found 0 failed notifications to retry
2026-01-17 19:53:33 [websocket-heartbeat-1] INFO  c.z.n.s.i.o.p.p.NotificationRepositoryAdapter - finding notifications with status: PENDING and scheduledAt before: 2026-01-17T19:53:33.856772
2026-01-17 19:53:33 [websocket-heartbeat-1] INFO  c.z.n.s.d.u.NotificationProcessorImpl - Found 0 scheduled notifications to process
2026-01-17 19:53:33 [websocket-heartbeat-1] INFO  c.z.n.s.i.o.p.p.NotificationRepositoryAdapter - finding notifications with status: PENDING and scheduledAt before: 2026-01-17T19:53:33.858772600
2026-01-17 19:53:33 [websocket-heartbeat-1] INFO  c.z.n.s.d.u.NotificationProcessorImpl - Found 0 scheduled notifications to process
2026-01-17 19:53:33 [websocket-heartbeat-1] INFO  c.z.n.s.i.o.p.p.NotificationRepositoryAdapter - finding notifications with status: PENDING and scheduledAt before: 2026-01-17T19:53:33.861286600
2026-01-17 19:53:33 [websocket-heartbeat-1] INFO  c.z.n.s.d.u.NotificationProcessorImpl - Found 0 scheduled notifications to process
2026-01-17 19:53:33 [websocket-heartbeat-1] INFO  c.z.n.s.i.o.p.p.NotificationRepositoryAdapter - finding notifications with status: PENDING and scheduledAt before: 2026-01-17T19:53:33.863288700
2026-01-17 19:53:33 [websocket-heartbeat-1] INFO  c.z.n.s.d.u.NotificationProcessorImpl - Found 0 scheduled notifications to process
2026-01-17 19:53:33 [websocket-heartbeat-1] INFO  c.z.n.s.i.o.p.p.NotificationRepositoryAdapter - finding notifications with status: PENDING and scheduledAt before: 2026-01-17T19:53:33.865288500
2026-01-17 19:53:33 [websocket-heartbeat-1] INFO  c.z.n.s.d.u.NotificationProcessorImpl - Found 0 scheduled notifications to process
2026-01-17 19:53:33 [websocket-heartbeat-1] INFO  c.z.n.s.i.o.p.p.NotificationRepositoryAdapter - finding notifications with status: FAILED and retryCount less than: 3
2026-01-17 19:53:33 [websocket-heartbeat-1] INFO  c.z.n.s.d.u.NotificationProcessorImpl - Found 0 failed notifications to retry
2026-01-17 19:53:33 [websocket-heartbeat-1] INFO  c.z.n.s.i.o.p.p.NotificationRepositoryAdapter - finding notifications with status: PENDING and scheduledAt before: 2026-01-17T19:53:33.869778200
2026-01-17 19:53:33 [websocket-heartbeat-1] INFO  c.z.n.s.d.u.NotificationProcessorImpl - Found 0 scheduled notifications to process
2026-01-17 19:53:33 [websocket-heartbeat-1] INFO  c.z.n.s.i.o.p.p.NotificationRepositoryAdapter - finding notifications with status: PENDING and scheduledAt before: 2026-01-17T19:53:33.871892500
2026-01-17 19:53:33 [websocket-heartbeat-1] INFO  c.z.n.s.d.u.NotificationProcessorImpl - Found 0 scheduled notifications to process
2026-01-17 19:53:33 [websocket-heartbeat-1] INFO  c.z.n.s.i.o.p.p.NotificationRepositoryAdapter - finding notifications with status: PENDING and scheduledAt before: 2026-01-17T19:53:33.874068100
2026-01-17 19:53:33 [websocket-heartbeat-1] INFO  c.z.n.s.d.u.NotificationProcessorImpl - Found 0 scheduled notifications to process
2026-01-17 19:53:33 [websocket-heartbeat-1] INFO  c.z.n.s.i.o.p.p.NotificationRepositoryAdapter - finding notifications with status: PENDING and scheduledAt before: 2026-01-17T19:53:33.876649800
2026-01-17 19:53:33 [websocket-heartbeat-1] INFO  c.z.n.s.d.u.NotificationProcessorImpl - Found 0 scheduled notifications to process
2026-01-17 19:53:33 [websocket-heartbeat-1] INFO  c.z.n.s.i.o.p.p.NotificationRepositoryAdapter - finding notifications with status: PENDING and scheduledAt before: 2026-01-17T19:53:33.878788900
2026-01-17 19:53:33 [websocket-heartbeat-1] INFO  c.z.n.s.d.u.NotificationProcessorImpl - Found 0 scheduled notifications to process
2026-01-17 19:53:33 [websocket-heartbeat-1] INFO  c.z.n.s.i.o.p.p.NotificationRepositoryAdapter - finding notifications with status: FAILED and retryCount less than: 3
2026-01-17 19:53:33 [websocket-heartbeat-1] INFO  c.z.n.s.d.u.NotificationProcessorImpl - Found 0 failed notifications to retry
2026-01-17 19:53:33 [websocket-heartbeat-1] INFO  c.z.n.s.i.o.p.p.NotificationRepositoryAdapter - finding notifications with status: PENDING and scheduledAt before: 2026-01-17T19:53:33.883852900
2026-01-17 19:53:33 [websocket-heartbeat-1] INFO  c.z.n.s.d.u.NotificationProcessorImpl - Found 0 scheduled notifications to process
2026-01-17 19:53:33 [websocket-heartbeat-1] INFO  c.z.n.s.i.o.p.p.NotificationRepositoryAdapter - finding notifications with status: PENDING and scheduledAt before: 2026-01-17T19:53:33.886376300
2026-01-17 19:53:33 [websocket-heartbeat-1] INFO  c.z.n.s.d.u.NotificationProcessorImpl - Found 0 scheduled notifications to process
2026-01-17 19:53:33 [websocket-heartbeat-1] INFO  c.z.n.s.i.o.p.p.NotificationRepositoryAdapter - finding notifications with status: PENDING and scheduledAt before: 2026-01-17T19:53:33.889717200
2026-01-17 19:53:33 [websocket-heartbeat-1] INFO  c.z.n.s.d.u.NotificationProcessorImpl - Found 0 scheduled notifications to process
2026-01-17 19:53:33 [websocket-heartbeat-1] INFO  c.z.n.s.i.o.p.p.NotificationRepositoryAdapter - finding notifications with status: PENDING and scheduledAt before: 2026-01-17T19:53:33.892657300
2026-01-17 19:53:33 [websocket-heartbeat-1] INFO  c.z.n.s.d.u.NotificationProcessorImpl - Found 0 scheduled notifications to process
2026-01-17 19:53:33 [websocket-heartbeat-1] INFO  c.z.n.s.i.o.p.p.NotificationRepositoryAdapter - finding notifications with status: PENDING and scheduledAt before: 2026-01-17T19:53:33.894860600
2026-01-17 19:53:33 [websocket-heartbeat-1] INFO  c.z.n.s.d.u.NotificationProcessorImpl - Found 0 scheduled notifications to process
2026-01-17 19:53:33 [websocket-heartbeat-1] INFO  c.z.n.s.i.o.p.p.NotificationRepositoryAdapter - finding notifications with status: FAILED and retryCount less than: 3
2026-01-17 19:53:33 [websocket-heartbeat-1] INFO  c.z.n.s.d.u.NotificationProcessorImpl - Found 0 failed notifications to retry
2026-01-17 19:53:33 [websocket-heartbeat-1] INFO  c.z.n.s.i.o.p.p.NotificationRepositoryAdapter - finding notifications with status: PENDING and scheduledAt before: 2026-01-17T19:53:33.899086400
2026-01-17 19:53:33 [websocket-heartbeat-1] INFO  c.z.n.s.d.u.NotificationProcessorImpl - Found 0 scheduled notifications to process
2026-01-17 19:53:33 [websocket-heartbeat-1] INFO  c.z.n.s.i.o.p.p.NotificationRepositoryAdapter - finding notifications with status: PENDING and scheduledAt before: 2026-01-17T19:53:33.901119400
2026-01-17 19:53:33 [websocket-heartbeat-1] INFO  c.z.n.s.d.u.NotificationProcessorImpl - Found 0 scheduled notifications to process
2026-01-17 19:53:33 [websocket-heartbeat-1] INFO  c.z.n.s.i.o.p.p.NotificationRepositoryAdapter - finding notifications with status: PENDING and scheduledAt before: 2026-01-17T19:53:33.903321500
2026-01-17 19:53:33 [websocket-heartbeat-1] INFO  c.z.n.s.d.u.NotificationProcessorImpl - Found 0 scheduled notifications to process
2026-01-17 19:53:33 [websocket-heartbeat-1] INFO  c.z.n.s.i.o.p.p.NotificationRepositoryAdapter - finding notifications with status: PENDING and scheduledAt before: 2026-01-17T19:53:33.905620100
2026-01-17 19:53:33 [websocket-heartbeat-1] INFO  c.z.n.s.d.u.NotificationProcessorImpl - Found 0 scheduled notifications to process
2026-01-17 19:53:33 [websocket-heartbeat-1] INFO  c.z.n.s.i.o.p.p.NotificationRepositoryAdapter - finding notifications with status: PENDING and scheduledAt before: 2026-01-17T19:53:33.908221700
2026-01-17 19:53:33 [websocket-heartbeat-1] INFO  c.z.n.s.d.u.NotificationProcessorImpl - Found 0 scheduled notifications to process
2026-01-17 19:53:33 [websocket-heartbeat-1] INFO  c.z.n.s.i.o.p.p.NotificationRepositoryAdapter - finding notifications with status: FAILED and retryCount less than: 3
2026-01-17 19:53:33 [websocket-heartbeat-1] INFO  c.z.n.s.d.u.NotificationProcessorImpl - Found 0 failed notifications to retry
2026-01-17 19:53:33 [websocket-heartbeat-1] INFO  c.z.n.s.i.o.p.p.NotificationRepositoryAdapter - finding notifications with status: PENDING and scheduledAt before: 2026-01-17T19:53:33.912519600
2026-01-17 19:53:33 [websocket-heartbeat-1] INFO  c.z.n.s.d.u.NotificationProcessorImpl - Found 0 scheduled notifications to process
2026-01-17 19:53:33 [websocket-heartbeat-1] INFO  c.z.n.s.i.o.p.p.NotificationRepositoryAdapter - finding notifications with status: PENDING and scheduledAt before: 2026-01-17T19:53:33.914695200
2026-01-17 19:53:33 [websocket-heartbeat-1] INFO  c.z.n.s.d.u.NotificationProcessorImpl - Found 0 scheduled notifications to process
2026-01-17 19:53:33 [websocket-heartbeat-1] INFO  c.z.n.s.i.o.p.p.NotificationRepositoryAdapter - finding notifications with status: PENDING and scheduledAt before: 2026-01-17T19:53:33.917264400
2026-01-17 19:53:33 [websocket-heartbeat-1] INFO  c.z.n.s.d.u.NotificationProcessorImpl - Found 0 scheduled notifications to process
2026-01-17 19:53:33 [websocket-heartbeat-1] INFO  c.z.n.s.i.o.p.p.NotificationRepositoryAdapter - finding notifications with status: PENDING and scheduledAt before: 2026-01-17T19:53:33.919584700
2026-01-17 19:53:33 [websocket-heartbeat-1] INFO  c.z.n.s.d.u.NotificationProcessorImpl - Found 0 scheduled notifications to process
2026-01-17 19:53:33 [websocket-heartbeat-1] INFO  c.z.n.s.i.o.p.p.NotificationRepositoryAdapter - finding notifications with status: PENDING and scheduledAt before: 2026-01-17T19:53:33.921099400
2026-01-17 19:53:33 [websocket-heartbeat-1] INFO  c.z.n.s.d.u.NotificationProcessorImpl - Found 0 scheduled notifications to process
2026-01-17 19:53:33 [websocket-heartbeat-1] INFO  c.z.n.s.i.o.p.p.NotificationRepositoryAdapter - finding notifications with status: FAILED and retryCount less than: 3
2026-01-17 19:53:33 [websocket-heartbeat-1] INFO  c.z.n.s.d.u.NotificationProcessorImpl - Found 0 failed notifications to retry
2026-01-17 19:53:33 [websocket-heartbeat-1] INFO  c.z.n.s.i.o.p.p.NotificationRepositoryAdapter - finding notifications with status: PENDING and scheduledAt before: 2026-01-17T19:53:33.925946500
2026-01-17 19:53:33 [websocket-heartbeat-1] INFO  c.z.n.s.d.u.NotificationProcessorImpl - Found 0 scheduled notifications to process
2026-01-17 19:53:33 [websocket-heartbeat-1] INFO  c.z.n.s.i.o.p.p.NotificationRepositoryAdapter - finding notifications with status: PENDING and scheduledAt before: 2026-01-17T19:53:33.928691700
2026-01-17 19:53:33 [websocket-heartbeat-1] INFO  c.z.n.s.d.u.NotificationProcessorImpl - Found 0 scheduled notifications to process
2026-01-17 19:53:33 [websocket-heartbeat-1] INFO  c.z.n.s.i.o.p.p.NotificationRepositoryAdapter - finding notifications with status: PENDING and scheduledAt before: 2026-01-17T19:53:33.931203500
2026-01-17 19:53:33 [websocket-heartbeat-1] INFO  c.z.n.s.d.u.NotificationProcessorImpl - Found 0 scheduled notifications to process
2026-01-17 19:53:33 [websocket-heartbeat-1] INFO  c.z.n.s.i.o.p.p.NotificationRepositoryAdapter - finding notifications with status: PENDING and scheduledAt before: 2026-01-17T19:53:33.935227800
2026-01-17 19:53:33 [websocket-heartbeat-1] INFO  c.z.n.s.d.u.NotificationProcessorImpl - Found 0 scheduled notifications to process
2026-01-17 19:53:33 [websocket-heartbeat-1] INFO  c.z.n.s.i.o.p.p.NotificationRepositoryAdapter - finding notifications with status: PENDING and scheduledAt before: 2026-01-17T19:53:33.938139600
2026-01-17 19:53:33 [websocket-heartbeat-1] INFO  c.z.n.s.d.u.NotificationProcessorImpl - Found 0 scheduled notifications to process
2026-01-17 19:53:33 [websocket-heartbeat-1] INFO  c.z.n.s.i.o.p.p.NotificationRepositoryAdapter - finding notifications with status: FAILED and retryCount less than: 3
2026-01-17 19:53:33 [websocket-heartbeat-1] INFO  c.z.n.s.d.u.NotificationProcessorImpl - Found 0 failed notifications to retry
2026-01-17 19:53:33 [websocket-heartbeat-1] INFO  c.z.n.s.i.o.p.p.NotificationRepositoryAdapter - finding notifications with status: PENDING and scheduledAt before: 2026-01-17T19:53:33.942207600
2026-01-17 19:53:33 [websocket-heartbeat-1] INFO  c.z.n.s.d.u.NotificationProcessorImpl - Found 0 scheduled notifications to process
2026-01-17 19:53:33 [websocket-heartbeat-1] INFO  c.z.n.s.i.o.p.p.NotificationRepositoryAdapter - finding notifications with status: PENDING and scheduledAt before: 2026-01-17T19:53:33.944722200
2026-01-17 19:53:33 [websocket-heartbeat-1] INFO  c.z.n.s.d.u.NotificationProcessorImpl - Found 0 scheduled notifications to process
2026-01-17 19:53:33 [websocket-heartbeat-1] INFO  c.z.n.s.i.o.p.p.NotificationRepositoryAdapter - finding notifications with status: PENDING and scheduledAt before: 2026-01-17T19:53:33.947237500
2026-01-17 19:53:33 [websocket-heartbeat-1] INFO  c.z.n.s.d.u.NotificationProcessorImpl - Found 0 scheduled notifications to process
2026-01-17 19:53:33 [websocket-heartbeat-1] INFO  c.z.n.s.i.o.p.p.NotificationRepositoryAdapter - finding notifications with status: PENDING and scheduledAt before: 2026-01-17T19:53:33.950161
2026-01-17 19:53:33 [websocket-heartbeat-1] INFO  c.z.n.s.d.u.NotificationProcessorImpl - Found 0 scheduled notifications to process
2026-01-17 19:53:33 [websocket-heartbeat-1] INFO  c.z.n.s.i.o.p.p.NotificationRepositoryAdapter - finding notifications with status: PENDING and scheduledAt before: 2026-01-17T19:53:33.952513600
2026-01-17 19:53:33 [websocket-heartbeat-1] INFO  c.z.n.s.d.u.NotificationProcessorImpl - Found 0 scheduled notifications to process
2026-01-17 19:53:33 [websocket-heartbeat-1] INFO  c.z.n.s.i.o.p.p.NotificationRepositoryAdapter - finding notifications with status: FAILED and retryCount less than: 3
2026-01-17 19:53:33 [websocket-heartbeat-1] INFO  c.z.n.s.d.u.NotificationProcessorImpl - Found 0 failed notifications to retry
2026-01-17 19:53:33 [websocket-heartbeat-1] INFO  c.z.n.s.i.o.p.p.NotificationRepositoryAdapter - finding notifications with status: PENDING and scheduledAt before: 2026-01-17T19:53:33.956516200
2026-01-17 19:53:33 [websocket-heartbeat-1] INFO  c.z.n.s.d.u.NotificationProcessorImpl - Found 0 scheduled notifications to process
2026-01-17 19:53:33 [websocket-heartbeat-1] INFO  c.z.n.s.i.o.p.p.NotificationRepositoryAdapter - finding notifications with status: PENDING and scheduledAt before: 2026-01-17T19:53:33.959512900
2026-01-17 19:53:33 [websocket-heartbeat-1] INFO  c.z.n.s.d.u.NotificationProcessorImpl - Found 0 scheduled notifications to process
2026-01-17 19:53:33 [websocket-heartbeat-1] INFO  c.z.n.s.i.o.p.p.NotificationRepositoryAdapter - finding notifications with status: PENDING and scheduledAt before: 2026-01-17T19:53:33.962027
2026-01-17 19:53:33 [websocket-heartbeat-1] INFO  c.z.n.s.d.u.NotificationProcessorImpl - Found 0 scheduled notifications to process
2026-01-17 19:53:33 [websocket-heartbeat-1] INFO  c.z.n.s.i.o.p.p.NotificationRepositoryAdapter - finding notifications with status: PENDING and scheduledAt before: 2026-01-17T19:53:33.965488800
2026-01-17 19:53:33 [websocket-heartbeat-1] INFO  c.z.n.s.d.u.NotificationProcessorImpl - Found 0 scheduled notifications to process
2026-01-17 19:53:33 [websocket-heartbeat-1] INFO  c.z.n.s.i.o.p.p.NotificationRepositoryAdapter - finding notifications with status: PENDING and scheduledAt before: 2026-01-17T19:53:33.968006900
2026-01-17 19:53:33 [websocket-heartbeat-1] INFO  c.z.n.s.d.u.NotificationProcessorImpl - Found 0 scheduled notifications to process
2026-01-17 19:53:33 [websocket-heartbeat-1] INFO  c.z.n.s.i.o.p.p.NotificationRepositoryAdapter - finding notifications with status: FAILED and retryCount less than: 3
2026-01-17 19:53:33 [websocket-heartbeat-1] INFO  c.z.n.s.d.u.NotificationProcessorImpl - Found 0 failed notifications to retry
2026-01-17 19:53:33 [websocket-heartbeat-1] INFO  c.z.n.s.i.o.p.p.NotificationRepositoryAdapter - finding notifications with status: PENDING and scheduledAt before: 2026-01-17T19:53:33.972516800
2026-01-17 19:53:33 [websocket-heartbeat-1] INFO  c.z.n.s.d.u.NotificationProcessorImpl - Found 0 scheduled notifications to process
2026-01-17 19:53:33 [websocket-heartbeat-1] INFO  c.z.n.s.i.o.p.p.NotificationRepositoryAdapter - finding notifications with status: PENDING and scheduledAt before: 2026-01-17T19:53:33.975040800
2026-01-17 19:53:33 [websocket-heartbeat-1] INFO  c.z.n.s.d.u.NotificationProcessorImpl - Found 0 scheduled notifications to process
2026-01-17 19:53:33 [websocket-heartbeat-1] INFO  c.z.n.s.i.o.p.p.NotificationRepositoryAdapter - finding notifications with status: PENDING and scheduledAt before: 2026-01-17T19:53:33.977043
2026-01-17 19:53:33 [websocket-heartbeat-1] INFO  c.z.n.s.d.u.NotificationProcessorImpl - Found 0 scheduled notifications to process
2026-01-17 19:53:33 [websocket-heartbeat-1] INFO  c.z.n.s.i.o.p.p.NotificationRepositoryAdapter - finding notifications with status: PENDING and scheduledAt before: 2026-01-17T19:53:33.980042800
2026-01-17 19:53:33 [websocket-heartbeat-1] INFO  c.z.n.s.d.u.NotificationProcessorImpl - Found 0 scheduled notifications to process
2026-01-17 19:53:33 [websocket-heartbeat-1] INFO  c.z.n.s.i.o.p.p.NotificationRepositoryAdapter - finding notifications with status: PENDING and scheduledAt before: 2026-01-17T19:53:33.984042700
2026-01-17 19:53:33 [websocket-heartbeat-1] INFO  c.z.n.s.d.u.NotificationProcessorImpl - Found 0 scheduled notifications to process
2026-01-17 19:54:04 [websocket-heartbeat-1] INFO  c.z.n.s.i.o.p.p.NotificationRepositoryAdapter - finding notifications with status: FAILED and retryCount less than: 3
2026-01-17 19:54:04 [websocket-heartbeat-1] INFO  c.z.n.s.d.u.NotificationProcessorImpl - Found 0 failed notifications to retry
2026-01-17 19:54:04 [websocket-heartbeat-1] INFO  c.z.n.s.i.o.p.p.NotificationRepositoryAdapter - finding notifications with status: PENDING and scheduledAt before: 2026-01-17T19:54:04.265030800
2026-01-17 19:54:04 [websocket-heartbeat-1] INFO  c.z.n.s.d.u.NotificationProcessorImpl - Found 0 scheduled notifications to process
2026-01-17 19:55:04 [websocket-heartbeat-1] INFO  c.z.n.s.i.o.p.p.NotificationRepositoryAdapter - finding notifications with status: PENDING and scheduledAt before: 2026-01-17T19:55:04.263554700
2026-01-17 19:55:04 [websocket-heartbeat-1] INFO  c.z.n.s.d.u.NotificationProcessorImpl - Found 0 scheduled notifications to process
2026-01-17 19:56:04 [websocket-heartbeat-1] INFO  c.z.n.s.i.o.p.p.NotificationRepositoryAdapter - finding notifications with status: PENDING and scheduledAt before: 2026-01-17T19:56:04.254151
2026-01-17 19:56:04 [websocket-heartbeat-1] INFO  c.z.n.s.d.u.NotificationProcessorImpl - Found 0 scheduled notifications to process
2026-01-17 19:57:04 [websocket-heartbeat-1] INFO  c.z.n.s.i.o.p.p.NotificationRepositoryAdapter - finding notifications with status: PENDING and scheduledAt before: 2026-01-17T19:57:04.254576500
2026-01-17 19:57:04 [websocket-heartbeat-1] INFO  c.z.n.s.d.u.NotificationProcessorImpl - Found 0 scheduled notifications to process
2026-01-17 19:58:04 [websocket-heartbeat-1] INFO  c.z.n.s.i.o.p.p.NotificationRepositoryAdapter - finding notifications with status: PENDING and scheduledAt before: 2026-01-17T19:58:04.262717800
2026-01-17 19:58:04 [websocket-heartbeat-1] INFO  c.z.n.s.d.u.NotificationProcessorImpl - Found 0 scheduled notifications to process
2026-01-17 19:59:04 [websocket-heartbeat-1] INFO  c.z.n.s.i.o.p.p.NotificationRepositoryAdapter - finding notifications with status: FAILED and retryCount less than: 3
2026-01-17 19:59:04 [websocket-heartbeat-1] INFO  c.z.n.s.d.u.NotificationProcessorImpl - Found 0 failed notifications to retry
2026-01-17 19:59:04 [websocket-heartbeat-1] INFO  c.z.n.s.i.o.p.p.NotificationRepositoryAdapter - finding notifications with status: PENDING and scheduledAt before: 2026-01-17T19:59:04.267644200
2026-01-17 19:59:04 [websocket-heartbeat-1] INFO  c.z.n.s.d.u.NotificationProcessorImpl - Found 0 scheduled notifications to process
2026-01-17 20:00:04 [websocket-heartbeat-1] INFO  c.z.n.s.i.o.p.p.NotificationRepositoryAdapter - finding notifications with status: PENDING and scheduledAt before: 2026-01-17T20:00:04.260214800
2026-01-17 20:00:04 [websocket-heartbeat-1] INFO  c.z.n.s.d.u.NotificationProcessorImpl - Found 0 scheduled notifications to process
2026-01-17 20:01:04 [websocket-heartbeat-1] INFO  c.z.n.s.i.o.p.p.NotificationRepositoryAdapter - finding notifications with status: PENDING and scheduledAt before: 2026-01-17T20:01:04.255561800
2026-01-17 20:01:04 [websocket-heartbeat-1] INFO  c.z.n.s.d.u.NotificationProcessorImpl - Found 0 scheduled notifications to process
2026-01-17 20:02:04 [websocket-heartbeat-1] INFO  c.z.n.s.i.o.p.p.NotificationRepositoryAdapter - finding notifications with status: PENDING and scheduledAt before: 2026-01-17T20:02:04.266653
2026-01-17 20:02:04 [websocket-heartbeat-1] INFO  c.z.n.s.d.u.NotificationProcessorImpl - Found 0 scheduled notifications to process
2026-01-17 20:03:04 [websocket-heartbeat-1] INFO  c.z.n.s.i.o.p.p.NotificationRepositoryAdapter - finding notifications with status: PENDING and scheduledAt before: 2026-01-17T20:03:04.253917300
2026-01-17 20:03:04 [websocket-heartbeat-1] INFO  c.z.n.s.d.u.NotificationProcessorImpl - Found 0 scheduled notifications to process
2026-01-17 20:04:04 [websocket-heartbeat-1] INFO  c.z.n.s.i.o.p.p.NotificationRepositoryAdapter - finding notifications with status: FAILED and retryCount less than: 3
2026-01-17 20:04:04 [websocket-heartbeat-1] INFO  c.z.n.s.d.u.NotificationProcessorImpl - Found 0 failed notifications to retry
2026-01-17 20:04:04 [websocket-heartbeat-1] INFO  c.z.n.s.i.o.p.p.NotificationRepositoryAdapter - finding notifications with status: PENDING and scheduledAt before: 2026-01-17T20:04:04.262315
2026-01-17 20:04:04 [websocket-heartbeat-1] INFO  c.z.n.s.d.u.NotificationProcessorImpl - Found 0 scheduled notifications to process
2026-01-17 20:05:04 [websocket-heartbeat-1] INFO  c.z.n.s.i.o.p.p.NotificationRepositoryAdapter - finding notifications with status: PENDING and scheduledAt before: 2026-01-17T20:05:04.256473400
2026-01-17 20:05:04 [websocket-heartbeat-1] INFO  c.z.n.s.d.u.NotificationProcessorImpl - Found 0 scheduled notifications to process
2026-01-17 20:06:04 [websocket-heartbeat-1] INFO  c.z.n.s.i.o.p.p.NotificationRepositoryAdapter - finding notifications with status: PENDING and scheduledAt before: 2026-01-17T20:06:04.266906400
2026-01-17 20:06:04 [websocket-heartbeat-1] INFO  c.z.n.s.d.u.NotificationProcessorImpl - Found 0 scheduled notifications to process
2026-01-17 20:07:04 [websocket-heartbeat-1] INFO  c.z.n.s.i.o.p.p.NotificationRepositoryAdapter - finding notifications with status: PENDING and scheduledAt before: 2026-01-17T20:07:04.265716
2026-01-17 20:07:04 [websocket-heartbeat-1] INFO  c.z.n.s.d.u.NotificationProcessorImpl - Found 0 scheduled notifications to process
2026-01-17 20:08:04 [websocket-heartbeat-1] INFO  c.z.n.s.i.o.p.p.NotificationRepositoryAdapter - finding notifications with status: PENDING and scheduledAt before: 2026-01-17T20:08:04.256937400
2026-01-17 20:08:04 [websocket-heartbeat-1] INFO  c.z.n.s.d.u.NotificationProcessorImpl - Found 0 scheduled notifications to process
2026-01-17 20:09:04 [websocket-heartbeat-1] INFO  c.z.n.s.i.o.p.p.NotificationRepositoryAdapter - finding notifications with status: FAILED and retryCount less than: 3
2026-01-17 20:09:04 [websocket-heartbeat-1] INFO  c.z.n.s.d.u.NotificationProcessorImpl - Found 0 failed notifications to retry
2026-01-17 20:09:04 [websocket-heartbeat-1] INFO  c.z.n.s.i.o.p.p.NotificationRepositoryAdapter - finding notifications with status: PENDING and scheduledAt before: 2026-01-17T20:09:04.264429100
2026-01-17 20:09:04 [websocket-heartbeat-1] INFO  c.z.n.s.d.u.NotificationProcessorImpl - Found 0 scheduled notifications to process
2026-01-17 20:10:04 [websocket-heartbeat-1] INFO  c.z.n.s.i.o.p.p.NotificationRepositoryAdapter - finding notifications with status: PENDING and scheduledAt before: 2026-01-17T20:10:04.265603100
2026-01-17 20:10:04 [websocket-heartbeat-1] INFO  c.z.n.s.d.u.NotificationProcessorImpl - Found 0 scheduled notifications to process
2026-01-17 20:11:04 [websocket-heartbeat-1] INFO  c.z.n.s.i.o.p.p.NotificationRepositoryAdapter - finding notifications with status: PENDING and scheduledAt before: 2026-01-17T20:11:04.264680300
2026-01-17 20:11:04 [websocket-heartbeat-1] INFO  c.z.n.s.d.u.NotificationProcessorImpl - Found 0 scheduled notifications to process
2026-01-17 20:12:04 [websocket-heartbeat-1] INFO  c.z.n.s.i.o.p.p.NotificationRepositoryAdapter - finding notifications with status: PENDING and scheduledAt before: 2026-01-17T20:12:04.265891900
2026-01-17 20:12:04 [websocket-heartbeat-1] INFO  c.z.n.s.d.u.NotificationProcessorImpl - Found 0 scheduled notifications to process
2026-01-17 20:13:04 [websocket-heartbeat-1] INFO  c.z.n.s.i.o.p.p.NotificationRepositoryAdapter - finding notifications with status: PENDING and scheduledAt before: 2026-01-17T20:13:04.266915800
2026-01-17 20:13:04 [websocket-heartbeat-1] INFO  c.z.n.s.d.u.NotificationProcessorImpl - Found 0 scheduled notifications to process
2026-01-17 20:14:04 [websocket-heartbeat-1] INFO  c.z.n.s.i.o.p.p.NotificationRepositoryAdapter - finding notifications with status: FAILED and retryCount less than: 3
2026-01-17 20:14:04 [websocket-heartbeat-1] INFO  c.z.n.s.d.u.NotificationProcessorImpl - Found 0 failed notifications to retry
2026-01-17 20:14:04 [websocket-heartbeat-1] INFO  c.z.n.s.i.o.p.p.NotificationRepositoryAdapter - finding notifications with status: PENDING and scheduledAt before: 2026-01-17T20:14:04.261487
2026-01-17 20:14:04 [websocket-heartbeat-1] INFO  c.z.n.s.d.u.NotificationProcessorImpl - Found 0 scheduled notifications to process
2026-01-17 20:15:04 [websocket-heartbeat-1] INFO  c.z.n.s.i.o.p.p.NotificationRepositoryAdapter - finding notifications with status: PENDING and scheduledAt before: 2026-01-17T20:15:04.259035400
2026-01-17 20:15:04 [websocket-heartbeat-1] INFO  c.z.n.s.d.u.NotificationProcessorImpl - Found 0 scheduled notifications to process
2026-01-17 20:16:04 [websocket-heartbeat-1] INFO  c.z.n.s.i.o.p.p.NotificationRepositoryAdapter - finding notifications with status: PENDING and scheduledAt before: 2026-01-17T20:16:04.256736400
2026-01-17 20:16:04 [websocket-heartbeat-1] INFO  c.z.n.s.d.u.NotificationProcessorImpl - Found 0 scheduled notifications to process
2026-01-17 20:17:04 [websocket-heartbeat-1] INFO  c.z.n.s.i.o.p.p.NotificationRepositoryAdapter - finding notifications with status: PENDING and scheduledAt before: 2026-01-17T20:17:04.253747800
2026-01-17 20:17:04 [websocket-heartbeat-1] INFO  c.z.n.s.d.u.NotificationProcessorImpl - Found 0 scheduled notifications to process
2026-01-17 20:18:04 [websocket-heartbeat-1] INFO  c.z.n.s.i.o.p.p.NotificationRepositoryAdapter - finding notifications with status: PENDING and scheduledAt before: 2026-01-17T20:18:04.263145500
2026-01-17 20:18:04 [websocket-heartbeat-1] INFO  c.z.n.s.d.u.NotificationProcessorImpl - Found 0 scheduled notifications to process
2026-01-17 20:19:04 [websocket-heartbeat-1] INFO  c.z.n.s.i.o.p.p.NotificationRepositoryAdapter - finding notifications with status: FAILED and retryCount less than: 3
2026-01-17 20:19:04 [websocket-heartbeat-1] INFO  c.z.n.s.d.u.NotificationProcessorImpl - Found 0 failed notifications to retry
2026-01-17 20:19:04 [websocket-heartbeat-1] INFO  c.z.n.s.i.o.p.p.NotificationRepositoryAdapter - finding notifications with status: PENDING and scheduledAt before: 2026-01-17T20:19:04.263098400
2026-01-17 20:19:04 [websocket-heartbeat-1] INFO  c.z.n.s.d.u.NotificationProcessorImpl - Found 0 scheduled notifications to process
2026-01-17 20:20:04 [websocket-heartbeat-1] INFO  c.z.n.s.i.o.p.p.NotificationRepositoryAdapter - finding notifications with status: PENDING and scheduledAt before: 2026-01-17T20:20:04.256071700
2026-01-17 20:20:04 [websocket-heartbeat-1] INFO  c.z.n.s.d.u.NotificationProcessorImpl - Found 0 scheduled notifications to process
2026-01-17 20:21:04 [websocket-heartbeat-1] INFO  c.z.n.s.i.o.p.p.NotificationRepositoryAdapter - finding notifications with status: PENDING and scheduledAt before: 2026-01-17T20:21:04.260799400
2026-01-17 20:21:04 [websocket-heartbeat-1] INFO  c.z.n.s.d.u.NotificationProcessorImpl - Found 0 scheduled notifications to process
2026-01-17 20:22:04 [websocket-heartbeat-1] INFO  c.z.n.s.i.o.p.p.NotificationRepositoryAdapter - finding notifications with status: PENDING and scheduledAt before: 2026-01-17T20:22:04.268508700
2026-01-17 20:22:04 [websocket-heartbeat-1] INFO  c.z.n.s.d.u.NotificationProcessorImpl - Found 0 scheduled notifications to process
2026-01-17 20:22:53 [MessageBroker-6] INFO  o.s.w.s.c.WebSocketMessageBrokerStats - WebSocketSession[0 current WS(0)-HttpStream(0)-HttpPoll(0), 2 total, 0 closed abnormally (0 connect failure, 0 send limit, 0 transport error)], stompSubProtocol[processed CONNECT(2)-CONNECTED(2)-DISCONNECT(0)], stompBrokerRelay[null], inboundChannel[pool size = 0, active threads = 0, queued tasks = 0, completed tasks = 57], outboundChannel[pool size = 0, active threads = 0, queued tasks = 0, completed tasks = 26], sockJsScheduler[pool size = 6, active threads = 1, queued tasks = 1, completed tasks = 14680]
2026-01-17 20:23:04 [websocket-heartbeat-1] INFO  c.z.n.s.i.o.p.p.NotificationRepositoryAdapter - finding notifications with status: PENDING and scheduledAt before: 2026-01-17T20:23:04.263558600
2026-01-17 20:23:04 [websocket-heartbeat-1] INFO  c.z.n.s.d.u.NotificationProcessorImpl - Found 0 scheduled notifications to process
2026-01-17 20:24:04 [websocket-heartbeat-1] INFO  c.z.n.s.i.o.p.p.NotificationRepositoryAdapter - finding notifications with status: FAILED and retryCount less than: 3
2026-01-17 20:24:04 [websocket-heartbeat-1] INFO  c.z.n.s.d.u.NotificationProcessorImpl - Found 0 failed notifications to retry
2026-01-17 20:24:04 [websocket-heartbeat-1] INFO  c.z.n.s.i.o.p.p.NotificationRepositoryAdapter - finding notifications with status: PENDING and scheduledAt before: 2026-01-17T20:24:04.285827400
2026-01-17 20:24:04 [websocket-heartbeat-1] INFO  c.z.n.s.d.u.NotificationProcessorImpl - Found 0 scheduled notifications to process
2026-01-17 20:25:04 [websocket-heartbeat-1] INFO  c.z.n.s.i.o.p.p.NotificationRepositoryAdapter - finding notifications with status: PENDING and scheduledAt before: 2026-01-17T20:25:04.260875300
2026-01-17 20:25:04 [websocket-heartbeat-1] INFO  c.z.n.s.d.u.NotificationProcessorImpl - Found 0 scheduled notifications to process
2026-01-17 20:26:04 [websocket-heartbeat-1] INFO  c.z.n.s.i.o.p.p.NotificationRepositoryAdapter - finding notifications with status: PENDING and scheduledAt before: 2026-01-17T20:26:04.266443
2026-01-17 20:26:04 [websocket-heartbeat-1] INFO  c.z.n.s.d.u.NotificationProcessorImpl - Found 0 scheduled notifications to process
2026-01-17 20:27:04 [websocket-heartbeat-1] INFO  c.z.n.s.i.o.p.p.NotificationRepositoryAdapter - finding notifications with status: PENDING and scheduledAt before: 2026-01-17T20:27:04.263456900
2026-01-17 20:27:04 [websocket-heartbeat-1] INFO  c.z.n.s.d.u.NotificationProcessorImpl - Found 0 scheduled notifications to process
2026-01-17 20:28:04 [websocket-heartbeat-1] INFO  c.z.n.s.i.o.p.p.NotificationRepositoryAdapter - finding notifications with status: PENDING and scheduledAt before: 2026-01-17T20:28:04.258428100
2026-01-17 20:28:04 [websocket-heartbeat-1] INFO  c.z.n.s.d.u.NotificationProcessorImpl - Found 0 scheduled notifications to process
2026-01-17 20:29:04 [websocket-heartbeat-1] INFO  c.z.n.s.i.o.p.p.NotificationRepositoryAdapter - finding notifications with status: FAILED and retryCount less than: 3
2026-01-17 20:29:04 [websocket-heartbeat-1] INFO  c.z.n.s.d.u.NotificationProcessorImpl - Found 0 failed notifications to retry
2026-01-17 20:29:04 [websocket-heartbeat-1] INFO  c.z.n.s.i.o.p.p.NotificationRepositoryAdapter - finding notifications with status: PENDING and scheduledAt before: 2026-01-17T20:29:04.343641100
2026-01-17 20:29:04 [websocket-heartbeat-1] INFO  c.z.n.s.d.u.NotificationProcessorImpl - Found 0 scheduled notifications to process
2026-01-17 20:30:04 [websocket-heartbeat-1] INFO  c.z.n.s.i.o.p.p.NotificationRepositoryAdapter - finding notifications with status: PENDING and scheduledAt before: 2026-01-17T20:30:04.266931
2026-01-17 20:30:04 [websocket-heartbeat-1] INFO  c.z.n.s.d.u.NotificationProcessorImpl - Found 0 scheduled notifications to process
2026-01-17 20:31:04 [websocket-heartbeat-1] INFO  c.z.n.s.i.o.p.p.NotificationRepositoryAdapter - finding notifications with status: PENDING and scheduledAt before: 2026-01-17T20:31:04.256509800
2026-01-17 20:31:04 [websocket-heartbeat-1] INFO  c.z.n.s.d.u.NotificationProcessorImpl - Found 0 scheduled notifications to process
2026-01-17 20:32:04 [websocket-heartbeat-1] INFO  c.z.n.s.i.o.p.p.NotificationRepositoryAdapter - finding notifications with status: PENDING and scheduledAt before: 2026-01-17T20:32:04.265386
2026-01-17 20:32:04 [websocket-heartbeat-1] INFO  c.z.n.s.d.u.NotificationProcessorImpl - Found 0 scheduled notifications to process
2026-01-17 20:33:04 [websocket-heartbeat-1] INFO  c.z.n.s.i.o.p.p.NotificationRepositoryAdapter - finding notifications with status: PENDING and scheduledAt before: 2026-01-17T20:33:04.263215
2026-01-17 20:33:04 [websocket-heartbeat-1] INFO  c.z.n.s.d.u.NotificationProcessorImpl - Found 0 scheduled notifications to process
2026-01-17 20:34:04 [websocket-heartbeat-1] INFO  c.z.n.s.i.o.p.p.NotificationRepositoryAdapter - finding notifications with status: FAILED and retryCount less than: 3
2026-01-17 20:34:04 [websocket-heartbeat-1] INFO  c.z.n.s.d.u.NotificationProcessorImpl - Found 0 failed notifications to retry
2026-01-17 20:34:04 [websocket-heartbeat-1] INFO  c.z.n.s.i.o.p.p.NotificationRepositoryAdapter - finding notifications with status: PENDING and scheduledAt before: 2026-01-17T20:34:04.276433
2026-01-17 20:34:04 [websocket-heartbeat-1] INFO  c.z.n.s.d.u.NotificationProcessorImpl - Found 0 scheduled notifications to process
2026-01-17 20:35:04 [websocket-heartbeat-1] INFO  c.z.n.s.i.o.p.p.NotificationRepositoryAdapter - finding notifications with status: PENDING and scheduledAt before: 2026-01-17T20:35:04.266758900
2026-01-17 20:35:04 [websocket-heartbeat-1] INFO  c.z.n.s.d.u.NotificationProcessorImpl - Found 0 scheduled notifications to process
2026-01-17 20:36:04 [websocket-heartbeat-1] INFO  c.z.n.s.i.o.p.p.NotificationRepositoryAdapter - finding notifications with status: PENDING and scheduledAt before: 2026-01-17T20:36:04.258060300
2026-01-17 20:36:04 [websocket-heartbeat-1] INFO  c.z.n.s.d.u.NotificationProcessorImpl - Found 0 scheduled notifications to process
2026-01-17 20:37:04 [websocket-heartbeat-1] INFO  c.z.n.s.i.o.p.p.NotificationRepositoryAdapter - finding notifications with status: PENDING and scheduledAt before: 2026-01-17T20:37:04.267442200
2026-01-17 20:37:04 [websocket-heartbeat-1] INFO  c.z.n.s.d.u.NotificationProcessorImpl - Found 0 scheduled notifications to process
2026-01-17 20:38:04 [websocket-heartbeat-1] INFO  c.z.n.s.i.o.p.p.NotificationRepositoryAdapter - finding notifications with status: PENDING and scheduledAt before: 2026-01-17T20:38:04.254856600
2026-01-17 20:38:04 [websocket-heartbeat-1] INFO  c.z.n.s.d.u.NotificationProcessorImpl - Found 0 scheduled notifications to process
2026-01-17 20:39:04 [websocket-heartbeat-1] INFO  c.z.n.s.i.o.p.p.NotificationRepositoryAdapter - finding notifications with status: FAILED and retryCount less than: 3
2026-01-17 20:39:04 [websocket-heartbeat-1] INFO  c.z.n.s.d.u.NotificationProcessorImpl - Found 0 failed notifications to retry
2026-01-17 20:39:04 [websocket-heartbeat-1] INFO  c.z.n.s.i.o.p.p.NotificationRepositoryAdapter - finding notifications with status: PENDING and scheduledAt before: 2026-01-17T20:39:04.262592500
2026-01-17 20:39:04 [websocket-heartbeat-1] INFO  c.z.n.s.d.u.NotificationProcessorImpl - Found 0 scheduled notifications to process
2026-01-17 20:40:04 [websocket-heartbeat-1] INFO  c.z.n.s.i.o.p.p.NotificationRepositoryAdapter - finding notifications with status: PENDING and scheduledAt before: 2026-01-17T20:40:04.259032900
2026-01-17 20:40:04 [websocket-heartbeat-1] INFO  c.z.n.s.d.u.NotificationProcessorImpl - Found 0 scheduled notifications to process
2026-01-17 20:41:04 [websocket-heartbeat-1] INFO  c.z.n.s.i.o.p.p.NotificationRepositoryAdapter - finding notifications with status: PENDING and scheduledAt before: 2026-01-17T20:41:04.262424500
2026-01-17 20:41:04 [websocket-heartbeat-1] INFO  c.z.n.s.d.u.NotificationProcessorImpl - Found 0 scheduled notifications to process
2026-01-17 20:42:04 [websocket-heartbeat-1] INFO  c.z.n.s.i.o.p.p.NotificationRepositoryAdapter - finding notifications with status: PENDING and scheduledAt before: 2026-01-17T20:42:04.266811800
2026-01-17 20:42:04 [websocket-heartbeat-1] INFO  c.z.n.s.d.u.NotificationProcessorImpl - Found 0 scheduled notifications to process
2026-01-17 20:43:04 [websocket-heartbeat-1] INFO  c.z.n.s.i.o.p.p.NotificationRepositoryAdapter - finding notifications with status: PENDING and scheduledAt before: 2026-01-17T20:43:04.266350500
2026-01-17 20:43:04 [websocket-heartbeat-1] INFO  c.z.n.s.d.u.NotificationProcessorImpl - Found 0 scheduled notifications to process
2026-01-17 20:44:04 [websocket-heartbeat-1] INFO  c.z.n.s.i.o.p.p.NotificationRepositoryAdapter - finding notifications with status: FAILED and retryCount less than: 3
2026-01-17 20:44:04 [websocket-heartbeat-1] INFO  c.z.n.s.d.u.NotificationProcessorImpl - Found 0 failed notifications to retry
2026-01-17 20:44:04 [websocket-heartbeat-1] INFO  c.z.n.s.i.o.p.p.NotificationRepositoryAdapter - finding notifications with status: PENDING and scheduledAt before: 2026-01-17T20:44:04.268739100
2026-01-17 20:44:04 [websocket-heartbeat-1] INFO  c.z.n.s.d.u.NotificationProcessorImpl - Found 0 scheduled notifications to process
2026-01-17 20:45:04 [websocket-heartbeat-1] INFO  c.z.n.s.i.o.p.p.NotificationRepositoryAdapter - finding notifications with status: PENDING and scheduledAt before: 2026-01-17T20:45:04.262375900
2026-01-17 20:45:04 [websocket-heartbeat-1] INFO  c.z.n.s.d.u.NotificationProcessorImpl - Found 0 scheduled notifications to process
2026-01-17 20:46:04 [websocket-heartbeat-1] INFO  c.z.n.s.i.o.p.p.NotificationRepositoryAdapter - finding notifications with status: PENDING and scheduledAt before: 2026-01-17T20:46:04.261662200
2026-01-17 20:46:04 [websocket-heartbeat-1] INFO  c.z.n.s.d.u.NotificationProcessorImpl - Found 0 scheduled notifications to process
2026-01-17 20:47:04 [websocket-heartbeat-1] INFO  c.z.n.s.i.o.p.p.NotificationRepositoryAdapter - finding notifications with status: PENDING and scheduledAt before: 2026-01-17T20:47:04.261898800
2026-01-17 20:47:04 [websocket-heartbeat-1] INFO  c.z.n.s.d.u.NotificationProcessorImpl - Found 0 scheduled notifications to process
2026-01-17 20:48:04 [websocket-heartbeat-1] INFO  c.z.n.s.i.o.p.p.NotificationRepositoryAdapter - finding notifications with status: PENDING and scheduledAt before: 2026-01-17T20:48:04.261272900
2026-01-17 20:48:04 [websocket-heartbeat-1] INFO  c.z.n.s.d.u.NotificationProcessorImpl - Found 0 scheduled notifications to process
2026-01-17 20:49:04 [websocket-heartbeat-1] INFO  c.z.n.s.i.o.p.p.NotificationRepositoryAdapter - finding notifications with status: FAILED and retryCount less than: 3
2026-01-17 20:49:04 [websocket-heartbeat-1] INFO  c.z.n.s.d.u.NotificationProcessorImpl - Found 0 failed notifications to retry
2026-01-17 20:49:04 [websocket-heartbeat-1] INFO  c.z.n.s.i.o.p.p.NotificationRepositoryAdapter - finding notifications with status: PENDING and scheduledAt before: 2026-01-17T20:49:04.266089100
2026-01-17 20:49:04 [websocket-heartbeat-1] INFO  c.z.n.s.d.u.NotificationProcessorImpl - Found 0 scheduled notifications to process
2026-01-17 20:50:04 [websocket-heartbeat-1] INFO  c.z.n.s.i.o.p.p.NotificationRepositoryAdapter - finding notifications with status: PENDING and scheduledAt before: 2026-01-17T20:50:04.263640800
2026-01-17 20:50:04 [websocket-heartbeat-1] INFO  c.z.n.s.d.u.NotificationProcessorImpl - Found 0 scheduled notifications to process
2026-01-17 20:51:04 [websocket-heartbeat-1] INFO  c.z.n.s.i.o.p.p.NotificationRepositoryAdapter - finding notifications with status: PENDING and scheduledAt before: 2026-01-17T20:51:04.255199
2026-01-17 20:51:04 [websocket-heartbeat-1] INFO  c.z.n.s.d.u.NotificationProcessorImpl - Found 0 scheduled notifications to process
2026-01-17 20:52:04 [websocket-heartbeat-1] INFO  c.z.n.s.i.o.p.p.NotificationRepositoryAdapter - finding notifications with status: PENDING and scheduledAt before: 2026-01-17T20:52:04.257948800
2026-01-17 20:52:04 [websocket-heartbeat-1] INFO  c.z.n.s.d.u.NotificationProcessorImpl - Found 0 scheduled notifications to process
2026-01-17 20:52:53 [MessageBroker-5] INFO  o.s.w.s.c.WebSocketMessageBrokerStats - WebSocketSession[0 current WS(0)-HttpStream(0)-HttpPoll(0), 2 total, 0 closed abnormally (0 connect failure, 0 send limit, 0 transport error)], stompSubProtocol[processed CONNECT(2)-CONNECTED(2)-DISCONNECT(0)], stompBrokerRelay[null], inboundChannel[pool size = 0, active threads = 0, queued tasks = 0, completed tasks = 57], outboundChannel[pool size = 0, active threads = 0, queued tasks = 0, completed tasks = 26], sockJsScheduler[pool size = 6, active threads = 1, queued tasks = 1, completed tasks = 15041]
2026-01-17 20:53:04 [websocket-heartbeat-1] INFO  c.z.n.s.i.o.p.p.NotificationRepositoryAdapter - finding notifications with status: PENDING and scheduledAt before: 2026-01-17T20:53:04.257289400
2026-01-17 20:53:04 [websocket-heartbeat-1] INFO  c.z.n.s.d.u.NotificationProcessorImpl - Found 0 scheduled notifications to process
2026-01-17 20:54:04 [websocket-heartbeat-1] INFO  c.z.n.s.i.o.p.p.NotificationRepositoryAdapter - finding notifications with status: FAILED and retryCount less than: 3
2026-01-17 20:54:04 [websocket-heartbeat-1] INFO  c.z.n.s.d.u.NotificationProcessorImpl - Found 0 failed notifications to retry
2026-01-17 20:54:04 [websocket-heartbeat-1] INFO  c.z.n.s.i.o.p.p.NotificationRepositoryAdapter - finding notifications with status: PENDING and scheduledAt before: 2026-01-17T20:54:04.303582800
2026-01-17 20:54:04 [websocket-heartbeat-1] INFO  c.z.n.s.d.u.NotificationProcessorImpl - Found 0 scheduled notifications to process
2026-01-17 20:54:23 [File Watcher] INFO  o.s.b.d.a.LocalDevToolsAutoConfiguration$RestartingClassPathChangeChangedEventListener - Restarting due to 105 class path changes (0 additions, 100 deletions, 5 modifications)
2026-01-17 20:54:24 [Thread-1] INFO  o.s.b.w.e.tomcat.GracefulShutdown - Commencing graceful shutdown. Waiting for active requests to complete
2026-01-17 20:54:24 [tomcat-shutdown] INFO  o.s.b.w.e.tomcat.GracefulShutdown - Graceful shutdown complete
2026-01-17 20:54:24 [Thread-1] INFO  o.s.m.s.b.SimpleBrokerMessageHandler - Stopping...
2026-01-17 20:54:24 [Thread-1] INFO  o.s.m.s.b.SimpleBrokerMessageHandler - BrokerAvailabilityEvent[available=false, SimpleBrokerMessageHandler [org.springframework.messaging.simp.broker.DefaultSubscriptionRegistry@2a7807b3]]
2026-01-17 20:54:24 [Thread-1] INFO  o.s.m.s.b.SimpleBrokerMessageHandler - Stopped.
2026-01-17 20:54:24 [Thread-1] INFO  o.s.o.j.LocalContainerEntityManagerFactoryBean - Closing JPA EntityManagerFactory for persistence unit 'default'
2026-01-17 20:54:24 [Thread-1] INFO  com.zaxxer.hikari.HikariDataSource - HikariPool-1 - Shutdown initiated...
2026-01-17 20:54:24 [Thread-1] INFO  com.zaxxer.hikari.HikariDataSource - HikariPool-1 - Shutdown completed.
2026-01-17 20:54:27 [restartedMain] INFO  c.z.n.s.i.NotificationServiceInfrastructureApplication - Starting NotificationServiceInfrastructureApplication using Java 17.0.9 with PID 21108 (C:\Users\SHARK GAMING\IdeaProjects\lz-insurance\notification-service\notification-service-infrastructure\target\classes started by SHARK GAMING in C:\Users\SHARK GAMING\IdeaProjects\lz-insurance)
2026-01-17 20:54:27 [restartedMain] INFO  c.z.n.s.i.NotificationServiceInfrastructureApplication - The following 5 profiles are active: "common", "keycloak", "metrics", "redis", "kafka"
2026-01-17 20:54:33 [restartedMain] INFO  o.s.d.r.c.RepositoryConfigurationDelegate - Multiple Spring Data modules found, entering strict repository configuration mode
2026-01-17 20:54:33 [restartedMain] INFO  o.s.d.r.c.RepositoryConfigurationDelegate - Bootstrapping Spring Data JPA repositories in DEFAULT mode.
2026-01-17 20:54:33 [restartedMain] INFO  o.s.d.r.c.RepositoryConfigurationDelegate - Finished Spring Data repository scanning in 240 ms. Found 8 JPA repository interfaces.
2026-01-17 20:54:33 [restartedMain] INFO  o.s.d.r.c.RepositoryConfigurationDelegate - Multiple Spring Data modules found, entering strict repository configuration mode
2026-01-17 20:54:33 [restartedMain] INFO  o.s.d.r.c.RepositoryConfigurationDelegate - Bootstrapping Spring Data Redis repositories in DEFAULT mode.
2026-01-17 20:54:33 [restartedMain] INFO  o.s.d.r.c.RepositoryConfigurationExtensionSupport - Spring Data Redis - Could not safely identify store assignment for repository candidate interface com.zote.notification.service.infrastructure.outbound.persistence.repository.DeadLetterQueueRepository; If you want this repository to be a Redis repository, consider annotating your entities with one of these annotations: org.springframework.data.redis.core.RedisHash (preferred), or consider extending one of the following types with your repository: org.springframework.data.keyvalue.repository.KeyValueRepository
2026-01-17 20:54:33 [restartedMain] INFO  o.s.d.r.c.RepositoryConfigurationExtensionSupport - Spring Data Redis - Could not safely identify store assignment for repository candidate interface com.zote.notification.service.infrastructure.outbound.persistence.repository.DeviceRepository; If you want this repository to be a Redis repository, consider annotating your entities with one of these annotations: org.springframework.data.redis.core.RedisHash (preferred), or consider extending one of the following types with your repository: org.springframework.data.keyvalue.repository.KeyValueRepository
2026-01-17 20:54:33 [restartedMain] INFO  o.s.d.r.c.RepositoryConfigurationExtensionSupport - Spring Data Redis - Could not safely identify store assignment for repository candidate interface com.zote.notification.service.infrastructure.outbound.persistence.repository.NotificationProviderRepository; If you want this repository to be a Redis repository, consider annotating your entities with one of these annotations: org.springframework.data.redis.core.RedisHash (preferred), or consider extending one of the following types with your repository: org.springframework.data.keyvalue.repository.KeyValueRepository
2026-01-17 20:54:33 [restartedMain] INFO  o.s.d.r.c.RepositoryConfigurationExtensionSupport - Spring Data Redis - Could not safely identify store assignment for repository candidate interface com.zote.notification.service.infrastructure.outbound.persistence.repository.NotificationRepository; If you want this repository to be a Redis repository, consider annotating your entities with one of these annotations: org.springframework.data.redis.core.RedisHash (preferred), or consider extending one of the following types with your repository: org.springframework.data.keyvalue.repository.KeyValueRepository
2026-01-17 20:54:33 [restartedMain] INFO  o.s.d.r.c.RepositoryConfigurationExtensionSupport - Spring Data Redis - Could not safely identify store assignment for repository candidate interface com.zote.notification.service.infrastructure.outbound.persistence.repository.NotificationTemplateRepository; If you want this repository to be a Redis repository, consider annotating your entities with one of these annotations: org.springframework.data.redis.core.RedisHash (preferred), or consider extending one of the following types with your repository: org.springframework.data.keyvalue.repository.KeyValueRepository
2026-01-17 20:54:33 [restartedMain] INFO  o.s.d.r.c.RepositoryConfigurationExtensionSupport - Spring Data Redis - Could not safely identify store assignment for repository candidate interface com.zote.notification.service.infrastructure.outbound.persistence.repository.ProviderHealthMetricsRepository; If you want this repository to be a Redis repository, consider annotating your entities with one of these annotations: org.springframework.data.redis.core.RedisHash (preferred), or consider extending one of the following types with your repository: org.springframework.data.keyvalue.repository.KeyValueRepository
2026-01-17 20:54:33 [restartedMain] INFO  o.s.d.r.c.RepositoryConfigurationExtensionSupport - Spring Data Redis - Could not safely identify store assignment for repository candidate interface com.zote.notification.service.infrastructure.outbound.persistence.repository.TemplateTranslationRepository; If you want this repository to be a Redis repository, consider annotating your entities with one of these annotations: org.springframework.data.redis.core.RedisHash (preferred), or consider extending one of the following types with your repository: org.springframework.data.keyvalue.repository.KeyValueRepository
2026-01-17 20:54:33 [restartedMain] INFO  o.s.d.r.c.RepositoryConfigurationExtensionSupport - Spring Data Redis - Could not safely identify store assignment for repository candidate interface com.zote.notification.service.infrastructure.outbound.persistence.repository.UserNotificationPreferencesRepository; If you want this repository to be a Redis repository, consider annotating your entities with one of these annotations: org.springframework.data.redis.core.RedisHash (preferred), or consider extending one of the following types with your repository: org.springframework.data.keyvalue.repository.KeyValueRepository
2026-01-17 20:54:33 [restartedMain] INFO  o.s.d.r.c.RepositoryConfigurationDelegate - Finished Spring Data repository scanning in 28 ms. Found 0 Redis repository interfaces.
2026-01-17 20:54:33 [restartedMain] INFO  o.s.cloud.context.scope.GenericScope - BeanFactory id=d5c55095-e7bd-3b38-b316-fae2a0de873a
2026-01-17 20:54:34 [restartedMain] INFO  o.s.b.w.e.tomcat.TomcatWebServer - Tomcat initialized with port 8086 (http)
2026-01-17 20:54:34 [restartedMain] INFO  o.a.catalina.core.StandardService - Starting service [Tomcat]
2026-01-17 20:54:34 [restartedMain] INFO  o.a.catalina.core.StandardEngine - Starting Servlet engine: [Apache Tomcat/10.1.49]
2026-01-17 20:54:35 [restartedMain] INFO  o.a.c.c.C.[Tomcat].[localhost].[/] - Initializing Spring embedded WebApplicationContext
2026-01-17 20:54:35 [restartedMain] INFO  o.s.b.w.s.c.ServletWebServerApplicationContext - Root WebApplicationContext: initialization completed in 8079 ms
2026-01-17 20:54:35 [restartedMain] INFO  c.z.c.u.c.MetricsAutoConfiguration - Prometheus Meter Registry initialized for application: notification-service
2026-01-17 20:54:36 [restartedMain] INFO  com.zaxxer.hikari.HikariDataSource - HikariPool-2 - Starting...
2026-01-17 20:54:36 [restartedMain] INFO  com.zaxxer.hikari.pool.HikariPool - HikariPool-2 - Added connection org.postgresql.jdbc.PgConnection@6e45924e
2026-01-17 20:54:36 [restartedMain] INFO  com.zaxxer.hikari.HikariDataSource - HikariPool-2 - Start completed.
2026-01-17 20:54:36 [restartedMain] INFO  liquibase.database - Set default schema name to public
2026-01-17 20:54:37 [restartedMain] INFO  liquibase.changelog - Reading from public.databasechangelog
2026-01-17 20:54:37 [restartedMain] INFO  liquibase.ui - Database is up to date, no changesets to execute
2026-01-17 20:54:37 [restartedMain] INFO  liquibase.changelog - Reading from public.databasechangelog
2026-01-17 20:54:37 [restartedMain] INFO  liquibase.util - UPDATE SUMMARY
2026-01-17 20:54:37 [restartedMain] INFO  liquibase.util - Run:                          0
2026-01-17 20:54:37 [restartedMain] INFO  liquibase.util - Previously run:              20
2026-01-17 20:54:37 [restartedMain] INFO  liquibase.util - Filtered out:                 0
2026-01-17 20:54:37 [restartedMain] INFO  liquibase.util - -------------------------------
2026-01-17 20:54:37 [restartedMain] INFO  liquibase.util - Total change sets:           20
2026-01-17 20:54:37 [restartedMain] INFO  liquibase.util - Update summary generated
2026-01-17 20:54:37 [restartedMain] INFO  liquibase.command - Command execution complete
2026-01-17 20:54:37 [restartedMain] INFO  o.h.jpa.internal.util.LogHelper - HHH000204: Processing PersistenceUnitInfo [name: default]
2026-01-17 20:54:37 [restartedMain] INFO  o.h.c.i.RegionFactoryInitiator - HHH000026: Second-level cache disabled
2026-01-17 20:54:37 [restartedMain] INFO  o.s.o.j.p.SpringPersistenceUnitInfo - No LoadTimeWeaver setup: ignoring JPA class transformer
2026-01-17 20:54:37 [restartedMain] INFO  o.hibernate.orm.connections.pooling - HHH10001005: Database info:
	Database JDBC URL [Connecting through datasource 'HikariDataSource (HikariPool-2)']
	Database driver: undefined/unknown
	Database version: 16.0
	Autocommit mode: undefined/unknown
	Isolation level: undefined/unknown
	Minimum pool size: undefined/unknown
	Maximum pool size: undefined/unknown
2026-01-17 20:54:37 [restartedMain] INFO  o.h.e.t.j.p.i.JtaPlatformInitiator - HHH000489: No JTA platform available (set 'hibernate.transaction.jta.platform' to enable JTA platform integration)
2026-01-17 20:54:37 [restartedMain] INFO  o.s.o.j.LocalContainerEntityManagerFactoryBean - Initialized JPA EntityManagerFactory for persistence unit 'default'
2026-01-17 20:54:37 [restartedMain] WARN  o.s.b.w.s.c.AnnotationConfigServletWebServerApplicationContext - Exception encountered during context initialization - cancelling refresh attempt: org.springframework.beans.factory.UnsatisfiedDependencyException: Error creating bean with name 'OAuth2TokenService' defined in file [C:\Users\SHARK GAMING\IdeaProjects\lz-insurance\notification-service\notification-service-infrastructure\target\classes\com\zote\notification\service\infrastructure\adapters\bridge\OAuth2TokenService.class]: Unsatisfied dependency expressed through constructor parameter 0: No qualifying bean of type 'com.zote.common.utils.request.HttpService' available: expected at least 1 bean which qualifies as autowire candidate. Dependency annotations: {}
2026-01-17 20:54:37 [restartedMain] INFO  o.s.o.j.LocalContainerEntityManagerFactoryBean - Closing JPA EntityManagerFactory for persistence unit 'default'
2026-01-17 20:54:37 [restartedMain] INFO  com.zaxxer.hikari.HikariDataSource - HikariPool-2 - Shutdown initiated...
2026-01-17 20:54:37 [restartedMain] INFO  com.zaxxer.hikari.HikariDataSource - HikariPool-2 - Shutdown completed.
2026-01-17 20:54:37 [restartedMain] INFO  o.a.catalina.core.StandardService - Stopping service [Tomcat]
2026-01-17 20:54:37 [restartedMain] INFO  o.s.b.a.l.ConditionEvaluationReportLogger - 

Error starting ApplicationContext. To display the condition evaluation report re-run your application with 'debug' enabled.
2026-01-17 20:54:37 [restartedMain] ERROR o.s.b.d.LoggingFailureAnalysisReporter - 

***************************
APPLICATION FAILED TO START
***************************

Description:

Parameter 0 of constructor in com.zote.notification.service.infrastructure.adapters.bridge.OAuth2TokenService required a bean of type 'com.zote.common.utils.request.HttpService' that could not be found.


Action:

Consider defining a bean of type 'com.zote.common.utils.request.HttpService' in your configuration.

2026-01-17 20:54:41 [restartedMain] INFO  c.z.n.s.i.NotificationServiceInfrastructureApplication - Starting NotificationServiceInfrastructureApplication using Java 17.0.9 with PID 21108 (C:\Users\SHARK GAMING\IdeaProjects\lz-insurance\notification-service\notification-service-infrastructure\target\classes started by SHARK GAMING in C:\Users\SHARK GAMING\IdeaProjects\lz-insurance)
2026-01-17 20:54:41 [restartedMain] INFO  c.z.n.s.i.NotificationServiceInfrastructureApplication - The following 5 profiles are active: "common", "keycloak", "metrics", "redis", "kafka"
2026-01-17 20:54:43 [restartedMain] INFO  o.s.d.r.c.RepositoryConfigurationDelegate - Multiple Spring Data modules found, entering strict repository configuration mode
2026-01-17 20:54:43 [restartedMain] INFO  o.s.d.r.c.RepositoryConfigurationDelegate - Bootstrapping Spring Data JPA repositories in DEFAULT mode.
2026-01-17 20:54:43 [restartedMain] INFO  o.s.d.r.c.RepositoryConfigurationDelegate - Finished Spring Data repository scanning in 131 ms. Found 8 JPA repository interfaces.
2026-01-17 20:54:43 [restartedMain] INFO  o.s.d.r.c.RepositoryConfigurationDelegate - Multiple Spring Data modules found, entering strict repository configuration mode
2026-01-17 20:54:43 [restartedMain] INFO  o.s.d.r.c.RepositoryConfigurationDelegate - Bootstrapping Spring Data Redis repositories in DEFAULT mode.
2026-01-17 20:54:43 [restartedMain] INFO  o.s.d.r.c.RepositoryConfigurationExtensionSupport - Spring Data Redis - Could not safely identify store assignment for repository candidate interface com.zote.notification.service.infrastructure.outbound.persistence.repository.DeadLetterQueueRepository; If you want this repository to be a Redis repository, consider annotating your entities with one of these annotations: org.springframework.data.redis.core.RedisHash (preferred), or consider extending one of the following types with your repository: org.springframework.data.keyvalue.repository.KeyValueRepository
2026-01-17 20:54:43 [restartedMain] INFO  o.s.d.r.c.RepositoryConfigurationExtensionSupport - Spring Data Redis - Could not safely identify store assignment for repository candidate interface com.zote.notification.service.infrastructure.outbound.persistence.repository.DeviceRepository; If you want this repository to be a Redis repository, consider annotating your entities with one of these annotations: org.springframework.data.redis.core.RedisHash (preferred), or consider extending one of the following types with your repository: org.springframework.data.keyvalue.repository.KeyValueRepository
2026-01-17 20:54:43 [restartedMain] INFO  o.s.d.r.c.RepositoryConfigurationExtensionSupport - Spring Data Redis - Could not safely identify store assignment for repository candidate interface com.zote.notification.service.infrastructure.outbound.persistence.repository.NotificationProviderRepository; If you want this repository to be a Redis repository, consider annotating your entities with one of these annotations: org.springframework.data.redis.core.RedisHash (preferred), or consider extending one of the following types with your repository: org.springframework.data.keyvalue.repository.KeyValueRepository
2026-01-17 20:54:43 [restartedMain] INFO  o.s.d.r.c.RepositoryConfigurationExtensionSupport - Spring Data Redis - Could not safely identify store assignment for repository candidate interface com.zote.notification.service.infrastructure.outbound.persistence.repository.NotificationRepository; If you want this repository to be a Redis repository, consider annotating your entities with one of these annotations: org.springframework.data.redis.core.RedisHash (preferred), or consider extending one of the following types with your repository: org.springframework.data.keyvalue.repository.KeyValueRepository
2026-01-17 20:54:43 [restartedMain] INFO  o.s.d.r.c.RepositoryConfigurationExtensionSupport - Spring Data Redis - Could not safely identify store assignment for repository candidate interface com.zote.notification.service.infrastructure.outbound.persistence.repository.NotificationTemplateRepository; If you want this repository to be a Redis repository, consider annotating your entities with one of these annotations: org.springframework.data.redis.core.RedisHash (preferred), or consider extending one of the following types with your repository: org.springframework.data.keyvalue.repository.KeyValueRepository
2026-01-17 20:54:43 [restartedMain] INFO  o.s.d.r.c.RepositoryConfigurationExtensionSupport - Spring Data Redis - Could not safely identify store assignment for repository candidate interface com.zote.notification.service.infrastructure.outbound.persistence.repository.ProviderHealthMetricsRepository; If you want this repository to be a Redis repository, consider annotating your entities with one of these annotations: org.springframework.data.redis.core.RedisHash (preferred), or consider extending one of the following types with your repository: org.springframework.data.keyvalue.repository.KeyValueRepository
2026-01-17 20:54:43 [restartedMain] INFO  o.s.d.r.c.RepositoryConfigurationExtensionSupport - Spring Data Redis - Could not safely identify store assignment for repository candidate interface com.zote.notification.service.infrastructure.outbound.persistence.repository.TemplateTranslationRepository; If you want this repository to be a Redis repository, consider annotating your entities with one of these annotations: org.springframework.data.redis.core.RedisHash (preferred), or consider extending one of the following types with your repository: org.springframework.data.keyvalue.repository.KeyValueRepository
2026-01-17 20:54:43 [restartedMain] INFO  o.s.d.r.c.RepositoryConfigurationExtensionSupport - Spring Data Redis - Could not safely identify store assignment for repository candidate interface com.zote.notification.service.infrastructure.outbound.persistence.repository.UserNotificationPreferencesRepository; If you want this repository to be a Redis repository, consider annotating your entities with one of these annotations: org.springframework.data.redis.core.RedisHash (preferred), or consider extending one of the following types with your repository: org.springframework.data.keyvalue.repository.KeyValueRepository
2026-01-17 20:54:43 [restartedMain] INFO  o.s.d.r.c.RepositoryConfigurationDelegate - Finished Spring Data repository scanning in 12 ms. Found 0 Redis repository interfaces.
2026-01-17 20:54:43 [restartedMain] INFO  o.s.cloud.context.scope.GenericScope - BeanFactory id=1dfa8934-4f6e-3143-a3f8-c76365ebbfbc
2026-01-17 20:54:44 [restartedMain] INFO  o.s.b.w.e.tomcat.TomcatWebServer - Tomcat initialized with port 8086 (http)
2026-01-17 20:54:44 [restartedMain] INFO  o.a.catalina.core.StandardService - Starting service [Tomcat]
2026-01-17 20:54:44 [restartedMain] INFO  o.a.catalina.core.StandardEngine - Starting Servlet engine: [Apache Tomcat/10.1.49]
2026-01-17 20:54:44 [restartedMain] INFO  o.a.c.c.C.[Tomcat-1].[localhost].[/] - Initializing Spring embedded WebApplicationContext
2026-01-17 20:54:44 [restartedMain] INFO  o.s.b.w.s.c.ServletWebServerApplicationContext - Root WebApplicationContext: initialization completed in 3006 ms
2026-01-17 20:54:44 [restartedMain] INFO  c.z.c.u.c.MetricsAutoConfiguration - Prometheus Meter Registry initialized for application: notification-service
2026-01-17 20:54:45 [restartedMain] INFO  com.zaxxer.hikari.HikariDataSource - HikariPool-3 - Starting...
2026-01-17 20:54:45 [restartedMain] INFO  com.zaxxer.hikari.pool.HikariPool - HikariPool-3 - Added connection org.postgresql.jdbc.PgConnection@391a7ccd
2026-01-17 20:54:45 [restartedMain] INFO  com.zaxxer.hikari.HikariDataSource - HikariPool-3 - Start completed.
2026-01-17 20:54:45 [restartedMain] INFO  liquibase.database - Set default schema name to public
2026-01-17 20:54:45 [restartedMain] INFO  liquibase.changelog - Reading from public.databasechangelog
2026-01-17 20:54:45 [restartedMain] INFO  liquibase.ui - Database is up to date, no changesets to execute
2026-01-17 20:54:45 [restartedMain] INFO  liquibase.changelog - Reading from public.databasechangelog
2026-01-17 20:54:45 [restartedMain] INFO  liquibase.util - UPDATE SUMMARY
2026-01-17 20:54:45 [restartedMain] INFO  liquibase.util - Run:                          0
2026-01-17 20:54:45 [restartedMain] INFO  liquibase.util - Previously run:              20
2026-01-17 20:54:45 [restartedMain] INFO  liquibase.util - Filtered out:                 0
2026-01-17 20:54:45 [restartedMain] INFO  liquibase.util - -------------------------------
2026-01-17 20:54:45 [restartedMain] INFO  liquibase.util - Total change sets:           20
2026-01-17 20:54:45 [restartedMain] INFO  liquibase.util - Update summary generated
2026-01-17 20:54:45 [restartedMain] INFO  liquibase.command - Command execution complete
2026-01-17 20:54:45 [restartedMain] INFO  o.h.jpa.internal.util.LogHelper - HHH000204: Processing PersistenceUnitInfo [name: default]
2026-01-17 20:54:45 [restartedMain] INFO  o.h.c.i.RegionFactoryInitiator - HHH000026: Second-level cache disabled
2026-01-17 20:54:45 [restartedMain] INFO  o.s.o.j.p.SpringPersistenceUnitInfo - No LoadTimeWeaver setup: ignoring JPA class transformer
2026-01-17 20:54:45 [restartedMain] INFO  o.hibernate.orm.connections.pooling - HHH10001005: Database info:
	Database JDBC URL [Connecting through datasource 'HikariDataSource (HikariPool-3)']
	Database driver: undefined/unknown
	Database version: 16.0
	Autocommit mode: undefined/unknown
	Isolation level: undefined/unknown
	Minimum pool size: undefined/unknown
	Maximum pool size: undefined/unknown
2026-01-17 20:54:45 [restartedMain] INFO  o.h.e.t.j.p.i.JtaPlatformInitiator - HHH000489: No JTA platform available (set 'hibernate.transaction.jta.platform' to enable JTA platform integration)
2026-01-17 20:54:45 [restartedMain] INFO  o.s.o.j.LocalContainerEntityManagerFactoryBean - Initialized JPA EntityManagerFactory for persistence unit 'default'
2026-01-17 20:54:46 [restartedMain] INFO  c.z.k.a.config.KafkaProducerConfig - Producer configuration: {retries=3, value.serializer=class org.springframework.kafka.support.serializer.JsonSerializer, enable.idempotence=true, acks=all, bootstrap.servers=[localhost:9092], key.serializer=class org.apache.kafka.common.serialization.StringSerializer, linger.ms=5, client.id=zote-producer-1768701286727-311}
2026-01-17 20:54:47 [restartedMain] INFO  c.z.n.s.i.config.WebSocketConfig - WebSocket message broker configured with endpoint: /ws, allowed origins: *, heartbeat: 30000ms
2026-01-17 20:54:48 [restartedMain] INFO  o.s.b.f.a.AutowiredAnnotationBeanPostProcessor - Inconsistent constructor declaration on bean with name 'topicSubscriptionService': single autowire-marked constructor flagged as optional - this constructor is effectively required since there is no default constructor to fall back to: public com.zote.notification.service.infrastructure.service.TopicSubscriptionService(com.google.firebase.messaging.FirebaseMessaging)
2026-01-17 20:54:48 [restartedMain] INFO  c.z.c.u.m.service.JvmMetricsService - Initializing JVM metrics collection
2026-01-17 20:54:48 [restartedMain] INFO  c.z.c.u.m.service.JvmMetricsService - JVM metrics initialized successfully
2026-01-17 20:54:48 [restartedMain] INFO  c.z.n.s.i.config.WebSocketConfig - STOMP endpoint registered at: /ws
2026-01-17 20:54:48 [restartedMain] WARN  o.s.b.a.o.j.JpaBaseConfiguration$JpaWebConfiguration - spring.jpa.open-in-view is enabled by default. Therefore, database queries may be performed during view rendering. Explicitly configure spring.jpa.open-in-view to disable this warning
2026-01-17 20:54:49 [restartedMain] INFO  o.s.v.b.OptionalValidatorFactoryBean - Failed to set up a Bean Validation provider: jakarta.validation.NoProviderFoundException: Unable to create a Configuration, because no Jakarta Bean Validation provider could be found. Add a provider like Hibernate Validator (RI) to your classpath.
2026-01-17 20:54:51 [restartedMain] INFO  o.s.cloud.commons.util.InetUtils - Cannot determine local hostname
2026-01-17 20:54:51 [restartedMain] INFO  o.s.b.a.e.web.EndpointLinksResolver - Exposing 4 endpoints beneath base path '/actuator'
2026-01-17 20:54:54 [restartedMain] WARN  o.s.b.d.a.OptionalLiveReloadServer - Unable to start LiveReload server
2026-01-17 20:54:55 [restartedMain] INFO  o.s.cloud.commons.util.InetUtils - Cannot determine local hostname
2026-01-17 20:54:55 [restartedMain] INFO  o.s.m.s.b.SimpleBrokerMessageHandler - Starting...
2026-01-17 20:54:55 [restartedMain] INFO  o.s.m.s.b.SimpleBrokerMessageHandler - BrokerAvailabilityEvent[available=true, SimpleBrokerMessageHandler [org.springframework.messaging.simp.broker.DefaultSubscriptionRegistry@5fc8f966]]
2026-01-17 20:54:55 [restartedMain] INFO  o.s.m.s.b.SimpleBrokerMessageHandler - Started.
2026-01-17 20:54:55 [restartedMain] INFO  o.s.b.w.e.tomcat.TomcatWebServer - Tomcat started on port 8086 (http) with context path '/'
2026-01-17 20:54:56 [restartedMain] INFO  o.s.cloud.commons.util.InetUtils - Cannot determine local hostname
2026-01-17 20:54:58 [restartedMain] INFO  o.s.cloud.commons.util.InetUtils - Cannot determine local hostname
2026-01-17 20:54:58 [websocket-heartbeat-1] INFO  c.z.n.s.i.o.p.p.NotificationRepositoryAdapter - finding notifications with status: FAILED and retryCount less than: 3
2026-01-17 20:54:58 [restartedMain] INFO  c.z.n.s.i.NotificationServiceInfrastructureApplication - Started NotificationServiceInfrastructureApplication in 18.825 seconds (process running for 75391.162)
2026-01-17 20:54:58 [restartedMain] INFO  o.s.b.d.a.ConditionEvaluationDeltaLoggingListener - Condition evaluation unchanged
2026-01-17 20:54:58 [websocket-heartbeat-1] INFO  c.z.n.s.d.u.NotificationProcessorImpl - Found 0 failed notifications to retry
2026-01-17 20:54:58 [websocket-heartbeat-1] INFO  c.z.n.s.i.o.p.p.NotificationRepositoryAdapter - finding notifications with status: PENDING and scheduledAt before: 2026-01-17T20:54:58.256635800
2026-01-17 20:54:58 [websocket-heartbeat-1] INFO  c.z.n.s.d.u.NotificationProcessorImpl - Found 0 scheduled notifications to process
2026-01-17 20:55:09 [File Watcher] INFO  o.s.b.d.a.LocalDevToolsAutoConfiguration$RestartingClassPathChangeChangedEventListener - Restarting due to 140 class path changes (0 additions, 140 deletions, 0 modifications)
2026-01-17 20:55:10 [Thread-11] INFO  o.s.b.w.e.tomcat.GracefulShutdown - Commencing graceful shutdown. Waiting for active requests to complete
2026-01-17 20:55:10 [tomcat-shutdown] INFO  o.s.b.w.e.tomcat.GracefulShutdown - Graceful shutdown complete
2026-01-17 20:55:10 [Thread-11] INFO  o.s.m.s.b.SimpleBrokerMessageHandler - Stopping...
2026-01-17 20:55:10 [Thread-11] INFO  o.s.m.s.b.SimpleBrokerMessageHandler - BrokerAvailabilityEvent[available=false, SimpleBrokerMessageHandler [org.springframework.messaging.simp.broker.DefaultSubscriptionRegistry@5fc8f966]]
2026-01-17 20:55:10 [Thread-11] INFO  o.s.m.s.b.SimpleBrokerMessageHandler - Stopped.
2026-01-17 20:55:10 [Thread-11] INFO  o.s.o.j.LocalContainerEntityManagerFactoryBean - Closing JPA EntityManagerFactory for persistence unit 'default'
2026-01-17 20:55:10 [Thread-11] INFO  com.zaxxer.hikari.HikariDataSource - HikariPool-3 - Shutdown initiated...
2026-01-17 20:55:10 [Thread-11] INFO  com.zaxxer.hikari.HikariDataSource - HikariPool-3 - Shutdown completed.
2026-01-17 20:55:11 [restartedMain] INFO  c.z.n.s.i.NotificationServiceInfrastructureApplication - Starting NotificationServiceInfrastructureApplication using Java 17.0.9 with PID 21108 (C:\Users\SHARK GAMING\IdeaProjects\lz-insurance\notification-service\notification-service-infrastructure\target\classes started by SHARK GAMING in C:\Users\SHARK GAMING\IdeaProjects\lz-insurance)
2026-01-17 20:55:11 [restartedMain] INFO  c.z.n.s.i.NotificationServiceInfrastructureApplication - The following 5 profiles are active: "common", "keycloak", "metrics", "redis", "kafka"
2026-01-17 20:55:11 [restartedMain] WARN  o.s.b.w.s.c.AnnotationConfigServletWebServerApplicationContext - Exception encountered during context initialization - cancelling refresh attempt: org.springframework.beans.factory.BeanDefinitionStoreException: I/O failure while processing configuration class [com.zote.notification.service.infrastructure.NotificationServiceInfrastructureApplication]
2026-01-17 20:55:11 [restartedMain] INFO  o.s.b.a.l.ConditionEvaluationReportLogger - 

Error starting ApplicationContext. To display the condition evaluation report re-run your application with 'debug' enabled.
2026-01-17 20:55:11 [restartedMain] ERROR o.s.boot.SpringApplication - Application run failed
org.springframework.beans.factory.BeanDefinitionStoreException: I/O failure while processing configuration class [com.zote.notification.service.infrastructure.NotificationServiceInfrastructureApplication]
	at org.springframework.context.annotation.ConfigurationClassParser.processConfigurationClass(ConfigurationClassParser.java:286) ~[spring-context-6.2.14.jar:6.2.14]
	at org.springframework.context.annotation.ConfigurationClassParser.parse(ConfigurationClassParser.java:204) ~[spring-context-6.2.14.jar:6.2.14]
	at org.springframework.context.annotation.ConfigurationClassParser.parse(ConfigurationClassParser.java:172) ~[spring-context-6.2.14.jar:6.2.14]
	at org.springframework.context.annotation.ConfigurationClassPostProcessor.processConfigBeanDefinitions(ConfigurationClassPostProcessor.java:418) ~[spring-context-6.2.14.jar:6.2.14]
	at org.springframework.context.annotation.ConfigurationClassPostProcessor.postProcessBeanDefinitionRegistry(ConfigurationClassPostProcessor.java:290) ~[spring-context-6.2.14.jar:6.2.14]
	at org.springframework.context.support.PostProcessorRegistrationDelegate.invokeBeanDefinitionRegistryPostProcessors(PostProcessorRegistrationDelegate.java:349) ~[spring-context-6.2.14.jar:6.2.14]
	at org.springframework.context.support.PostProcessorRegistrationDelegate.invokeBeanFactoryPostProcessors(PostProcessorRegistrationDelegate.java:118) ~[spring-context-6.2.14.jar:6.2.14]
	at org.springframework.context.support.AbstractApplicationContext.invokeBeanFactoryPostProcessors(AbstractApplicationContext.java:791) ~[spring-context-6.2.14.jar:6.2.14]
	at org.springframework.context.support.AbstractApplicationContext.refresh(AbstractApplicationContext.java:609) ~[spring-context-6.2.14.jar:6.2.14]
	at org.springframework.boot.web.servlet.context.ServletWebServerApplicationContext.refresh(ServletWebServerApplicationContext.java:146) ~[spring-boot-3.4.12.jar:3.4.12]
	at org.springframework.boot.SpringApplication.refresh(SpringApplication.java:752) ~[spring-boot-3.4.12.jar:3.4.12]
	at org.springframework.boot.SpringApplication.refreshContext(SpringApplication.java:439) ~[spring-boot-3.4.12.jar:3.4.12]
	at org.springframework.boot.SpringApplication.run(SpringApplication.java:318) ~[spring-boot-3.4.12.jar:3.4.12]
	at org.springframework.boot.SpringApplication.run(SpringApplication.java:1361) ~[spring-boot-3.4.12.jar:3.4.12]
	at org.springframework.boot.SpringApplication.run(SpringApplication.java:1350) ~[spring-boot-3.4.12.jar:3.4.12]
	at com.zote.notification.service.infrastructure.NotificationServiceInfrastructureApplication.main(NotificationServiceInfrastructureApplication.java:22) ~[classes/:na]
	at java.base/jdk.internal.reflect.NativeMethodAccessorImpl.invoke0(Native Method) ~[na:na]
	at java.base/jdk.internal.reflect.NativeMethodAccessorImpl.invoke(NativeMethodAccessorImpl.java:77) ~[na:na]
	at java.base/jdk.internal.reflect.DelegatingMethodAccessorImpl.invoke(DelegatingMethodAccessorImpl.java:43) ~[na:na]
	at java.base/java.lang.reflect.Method.invoke(Method.java:568) ~[na:na]
	at org.springframework.boot.devtools.restart.RestartLauncher.run(RestartLauncher.java:50) ~[spring-boot-devtools-3.4.12.jar:3.4.12]
Caused by: java.io.FileNotFoundException: class path resource [com/zote/notification/service/api/controller/WebSocketNotificationApi.class] cannot be opened because it does not exist
	at org.springframework.core.io.ClassPathResource.getInputStream(ClassPathResource.java:215) ~[spring-core-6.2.14.jar:6.2.14]
	at org.springframework.core.type.classreading.SimpleMetadataReader.getClassReader(SimpleMetadataReader.java:54) ~[spring-core-6.2.14.jar:6.2.14]
	at org.springframework.core.type.classreading.SimpleMetadataReader.<init>(SimpleMetadataReader.java:48) ~[spring-core-6.2.14.jar:6.2.14]
	at org.springframework.core.type.classreading.SimpleMetadataReaderFactory.getMetadataReader(SimpleMetadataReaderFactory.java:103) ~[spring-core-6.2.14.jar:6.2.14]
	at org.springframework.boot.type.classreading.ConcurrentReferenceCachingMetadataReaderFactory.createMetadataReader(ConcurrentReferenceCachingMetadataReaderFactory.java:98) ~[spring-boot-3.4.12.jar:3.4.12]
	at org.springframework.boot.type.classreading.ConcurrentReferenceCachingMetadataReaderFactory.getMetadataReader(ConcurrentReferenceCachingMetadataReaderFactory.java:85) ~[spring-boot-3.4.12.jar:3.4.12]
	at org.springframework.core.type.classreading.SimpleMetadataReaderFactory.getMetadataReader(SimpleMetadataReaderFactory.java:81) ~[spring-core-6.2.14.jar:6.2.14]
	at org.springframework.boot.type.classreading.ConcurrentReferenceCachingMetadataReaderFactory.getMetadataReader(ConcurrentReferenceCachingMetadataReaderFactory.java:75) ~[spring-boot-3.4.12.jar:3.4.12]
	at org.springframework.context.annotation.ConfigurationClassParser.parse(ConfigurationClassParser.java:216) ~[spring-context-6.2.14.jar:6.2.14]
	at org.springframework.context.annotation.ConfigurationClassParser.doProcessConfigurationClass(ConfigurationClassParser.java:354) ~[spring-context-6.2.14.jar:6.2.14]
	at org.springframework.context.annotation.ConfigurationClassParser.processConfigurationClass(ConfigurationClassParser.java:281) ~[spring-context-6.2.14.jar:6.2.14]
	... 20 common frames omitted
2026-01-17 20:55:14 [restartedMain] INFO  c.z.n.s.i.NotificationServiceInfrastructureApplication - Starting NotificationServiceInfrastructureApplication using Java 17.0.9 with PID 21108 (C:\Users\SHARK GAMING\IdeaProjects\lz-insurance\notification-service\notification-service-infrastructure\target\classes started by SHARK GAMING in C:\Users\SHARK GAMING\IdeaProjects\lz-insurance)
2026-01-17 20:55:14 [restartedMain] INFO  c.z.n.s.i.NotificationServiceInfrastructureApplication - The following 5 profiles are active: "common", "keycloak", "metrics", "redis", "kafka"
2026-01-17 20:55:16 [restartedMain] INFO  o.s.d.r.c.RepositoryConfigurationDelegate - Multiple Spring Data modules found, entering strict repository configuration mode
2026-01-17 20:55:16 [restartedMain] INFO  o.s.d.r.c.RepositoryConfigurationDelegate - Bootstrapping Spring Data JPA repositories in DEFAULT mode.
2026-01-17 20:55:16 [restartedMain] INFO  o.s.d.r.c.RepositoryConfigurationDelegate - Finished Spring Data repository scanning in 1 ms. Found 0 JPA repository interfaces.
2026-01-17 20:55:16 [restartedMain] INFO  o.s.d.r.c.RepositoryConfigurationDelegate - Multiple Spring Data modules found, entering strict repository configuration mode
2026-01-17 20:55:16 [restartedMain] INFO  o.s.d.r.c.RepositoryConfigurationDelegate - Bootstrapping Spring Data Redis repositories in DEFAULT mode.
2026-01-17 20:55:16 [restartedMain] INFO  o.s.d.r.c.RepositoryConfigurationDelegate - Finished Spring Data repository scanning in 1 ms. Found 0 Redis repository interfaces.
2026-01-17 20:55:16 [restartedMain] INFO  o.s.cloud.context.scope.GenericScope - BeanFactory id=5932b6f7-68e8-3675-823f-2178193354f6
2026-01-17 20:55:16 [restartedMain] INFO  o.s.b.w.e.tomcat.TomcatWebServer - Tomcat initialized with port 8086 (http)
2026-01-17 20:55:16 [restartedMain] INFO  o.a.catalina.core.StandardService - Starting service [Tomcat]
2026-01-17 20:55:16 [restartedMain] INFO  o.a.catalina.core.StandardEngine - Starting Servlet engine: [Apache Tomcat/10.1.49]
2026-01-17 20:55:16 [restartedMain] INFO  o.a.c.c.C.[Tomcat-1].[localhost].[/] - Initializing Spring embedded WebApplicationContext
2026-01-17 20:55:16 [restartedMain] INFO  o.s.b.w.s.c.ServletWebServerApplicationContext - Root WebApplicationContext: initialization completed in 1998 ms
2026-01-17 20:55:17 [restartedMain] INFO  c.z.c.u.c.MetricsAutoConfiguration - Prometheus Meter Registry initialized for application: notification-service
2026-01-17 20:55:17 [restartedMain] INFO  com.zaxxer.hikari.HikariDataSource - HikariPool-4 - Starting...
2026-01-17 20:55:17 [restartedMain] INFO  com.zaxxer.hikari.pool.HikariPool - HikariPool-4 - Added connection org.postgresql.jdbc.PgConnection@6765c5da
2026-01-17 20:55:17 [restartedMain] INFO  com.zaxxer.hikari.HikariDataSource - HikariPool-4 - Start completed.
2026-01-17 20:55:17 [restartedMain] INFO  liquibase.database - Set default schema name to public
2026-01-17 20:55:18 [restartedMain] INFO  liquibase.changelog - Reading from public.databasechangelog
2026-01-17 20:55:18 [restartedMain] INFO  liquibase.ui - Database is up to date, no changesets to execute
2026-01-17 20:55:18 [restartedMain] INFO  liquibase.changelog - Reading from public.databasechangelog
2026-01-17 20:55:18 [restartedMain] INFO  liquibase.util - UPDATE SUMMARY
2026-01-17 20:55:18 [restartedMain] INFO  liquibase.util - Run:                          0
2026-01-17 20:55:18 [restartedMain] INFO  liquibase.util - Previously run:              20
2026-01-17 20:55:18 [restartedMain] INFO  liquibase.util - Filtered out:                 0
2026-01-17 20:55:18 [restartedMain] INFO  liquibase.util - -------------------------------
2026-01-17 20:55:18 [restartedMain] INFO  liquibase.util - Total change sets:           20
2026-01-17 20:55:18 [restartedMain] INFO  liquibase.util - Update summary generated
2026-01-17 20:55:18 [restartedMain] INFO  liquibase.command - Command execution complete
2026-01-17 20:55:18 [restartedMain] INFO  o.h.jpa.internal.util.LogHelper - HHH000204: Processing PersistenceUnitInfo [name: default]
2026-01-17 20:55:18 [restartedMain] INFO  o.h.c.i.RegionFactoryInitiator - HHH000026: Second-level cache disabled
2026-01-17 20:55:18 [restartedMain] INFO  o.s.o.j.p.SpringPersistenceUnitInfo - No LoadTimeWeaver setup: ignoring JPA class transformer
2026-01-17 20:55:18 [restartedMain] INFO  o.hibernate.orm.connections.pooling - HHH10001005: Database info:
	Database JDBC URL [Connecting through datasource 'HikariDataSource (HikariPool-4)']
	Database driver: undefined/unknown
	Database version: 16.0
	Autocommit mode: undefined/unknown
	Isolation level: undefined/unknown
	Minimum pool size: undefined/unknown
	Maximum pool size: undefined/unknown
2026-01-17 20:55:18 [restartedMain] INFO  o.h.e.t.j.p.i.JtaPlatformInitiator - HHH000489: No JTA platform available (set 'hibernate.transaction.jta.platform' to enable JTA platform integration)
2026-01-17 20:55:18 [restartedMain] INFO  o.s.o.j.LocalContainerEntityManagerFactoryBean - Initialized JPA EntityManagerFactory for persistence unit 'default'
2026-01-17 20:55:18 [restartedMain] WARN  o.s.b.w.s.c.AnnotationConfigServletWebServerApplicationContext - Exception encountered during context initialization - cancelling refresh attempt: org.springframework.beans.factory.UnsatisfiedDependencyException: Error creating bean with name 'accountLockedEventHandler' defined in file [C:\Users\SHARK GAMING\IdeaProjects\lz-insurance\notification-service\notification-service-infrastructure\target\classes\com\zote\notification\service\infrastructure\adapters\events\handler\AccountLockedEventHandler.class]: Unsatisfied dependency expressed through constructor parameter 0: Error creating bean with name 'sendNotificationImpl' defined in file [C:\Users\SHARK GAMING\IdeaProjects\lz-insurance\notification-service\notification-service-domain\target\classes\com\zote\notification\service\domain\usecases\SendNotificationImpl.class]: Unsatisfied dependency expressed through constructor parameter 0: Error creating bean with name 'notificationRepositoryAdapter': Lookup method resolution failed
2026-01-17 20:55:18 [restartedMain] INFO  o.s.o.j.LocalContainerEntityManagerFactoryBean - Closing JPA EntityManagerFactory for persistence unit 'default'
2026-01-17 20:55:18 [restartedMain] INFO  com.zaxxer.hikari.HikariDataSource - HikariPool-4 - Shutdown initiated...
2026-01-17 20:55:18 [restartedMain] INFO  com.zaxxer.hikari.HikariDataSource - HikariPool-4 - Shutdown completed.
2026-01-17 20:55:18 [restartedMain] INFO  o.a.catalina.core.StandardService - Stopping service [Tomcat]
2026-01-17 20:55:18 [restartedMain] INFO  o.s.b.a.l.ConditionEvaluationReportLogger - 

Error starting ApplicationContext. To display the condition evaluation report re-run your application with 'debug' enabled.
2026-01-17 20:55:18 [restartedMain] ERROR o.s.boot.SpringApplication - Application run failed
org.springframework.beans.factory.UnsatisfiedDependencyException: Error creating bean with name 'accountLockedEventHandler' defined in file [C:\Users\SHARK GAMING\IdeaProjects\lz-insurance\notification-service\notification-service-infrastructure\target\classes\com\zote\notification\service\infrastructure\adapters\events\handler\AccountLockedEventHandler.class]: Unsatisfied dependency expressed through constructor parameter 0: Error creating bean with name 'sendNotificationImpl' defined in file [C:\Users\SHARK GAMING\IdeaProjects\lz-insurance\notification-service\notification-service-domain\target\classes\com\zote\notification\service\domain\usecases\SendNotificationImpl.class]: Unsatisfied dependency expressed through constructor parameter 0: Error creating bean with name 'notificationRepositoryAdapter': Lookup method resolution failed
	at org.springframework.beans.factory.support.ConstructorResolver.createArgumentArray(ConstructorResolver.java:804) ~[spring-beans-6.2.14.jar:6.2.14]
	at org.springframework.beans.factory.support.ConstructorResolver.autowireConstructor(ConstructorResolver.java:240) ~[spring-beans-6.2.14.jar:6.2.14]
	at org.springframework.beans.factory.support.AbstractAutowireCapableBeanFactory.autowireConstructor(AbstractAutowireCapableBeanFactory.java:1395) ~[spring-beans-6.2.14.jar:6.2.14]
	at org.springframework.beans.factory.support.AbstractAutowireCapableBeanFactory.createBeanInstance(AbstractAutowireCapableBeanFactory.java:1232) ~[spring-beans-6.2.14.jar:6.2.14]
	at org.springframework.beans.factory.support.AbstractAutowireCapableBeanFactory.doCreateBean(AbstractAutowireCapableBeanFactory.java:569) ~[spring-beans-6.2.14.jar:6.2.14]
	at org.springframework.beans.factory.support.AbstractAutowireCapableBeanFactory.createBean(AbstractAutowireCapableBeanFactory.java:529) ~[spring-beans-6.2.14.jar:6.2.14]
	at org.springframework.beans.factory.support.AbstractBeanFactory.lambda$doGetBean$0(AbstractBeanFactory.java:339) ~[spring-beans-6.2.14.jar:6.2.14]
	at org.springframework.beans.factory.support.DefaultSingletonBeanRegistry.getSingleton(DefaultSingletonBeanRegistry.java:373) ~[spring-beans-6.2.14.jar:6.2.14]
	at org.springframework.beans.factory.support.AbstractBeanFactory.doGetBean(AbstractBeanFactory.java:337) ~[spring-beans-6.2.14.jar:6.2.14]
	at org.springframework.beans.factory.support.AbstractBeanFactory.getBean(AbstractBeanFactory.java:202) ~[spring-beans-6.2.14.jar:6.2.14]
	at org.springframework.beans.factory.support.DefaultListableBeanFactory.instantiateSingleton(DefaultListableBeanFactory.java:1228) ~[spring-beans-6.2.14.jar:6.2.14]
	at org.springframework.beans.factory.support.DefaultListableBeanFactory.preInstantiateSingleton(DefaultListableBeanFactory.java:1194) ~[spring-beans-6.2.14.jar:6.2.14]
	at org.springframework.beans.factory.support.DefaultListableBeanFactory.preInstantiateSingletons(DefaultListableBeanFactory.java:1130) ~[spring-beans-6.2.14.jar:6.2.14]
	at org.springframework.context.support.AbstractApplicationContext.finishBeanFactoryInitialization(AbstractApplicationContext.java:990) ~[spring-context-6.2.14.jar:6.2.14]
	at org.springframework.context.support.AbstractApplicationContext.refresh(AbstractApplicationContext.java:627) ~[spring-context-6.2.14.jar:6.2.14]
	at org.springframework.boot.web.servlet.context.ServletWebServerApplicationContext.refresh(ServletWebServerApplicationContext.java:146) ~[spring-boot-3.4.12.jar:3.4.12]
	at org.springframework.boot.SpringApplication.refresh(SpringApplication.java:752) ~[spring-boot-3.4.12.jar:3.4.12]
	at org.springframework.boot.SpringApplication.refreshContext(SpringApplication.java:439) ~[spring-boot-3.4.12.jar:3.4.12]
	at org.springframework.boot.SpringApplication.run(SpringApplication.java:318) ~[spring-boot-3.4.12.jar:3.4.12]
	at org.springframework.boot.SpringApplication.run(SpringApplication.java:1361) ~[spring-boot-3.4.12.jar:3.4.12]
	at org.springframework.boot.SpringApplication.run(SpringApplication.java:1350) ~[spring-boot-3.4.12.jar:3.4.12]
	at com.zote.notification.service.infrastructure.NotificationServiceInfrastructureApplication.main(NotificationServiceInfrastructureApplication.java:22) ~[classes/:na]
	at java.base/jdk.internal.reflect.NativeMethodAccessorImpl.invoke0(Native Method) ~[na:na]
	at java.base/jdk.internal.reflect.NativeMethodAccessorImpl.invoke(NativeMethodAccessorImpl.java:77) ~[na:na]
	at java.base/jdk.internal.reflect.DelegatingMethodAccessorImpl.invoke(DelegatingMethodAccessorImpl.java:43) ~[na:na]
	at java.base/java.lang.reflect.Method.invoke(Method.java:568) ~[na:na]
	at org.springframework.boot.devtools.restart.RestartLauncher.run(RestartLauncher.java:50) ~[spring-boot-devtools-3.4.12.jar:3.4.12]
Caused by: org.springframework.beans.factory.UnsatisfiedDependencyException: Error creating bean with name 'sendNotificationImpl' defined in file [C:\Users\SHARK GAMING\IdeaProjects\lz-insurance\notification-service\notification-service-domain\target\classes\com\zote\notification\service\domain\usecases\SendNotificationImpl.class]: Unsatisfied dependency expressed through constructor parameter 0: Error creating bean with name 'notificationRepositoryAdapter': Lookup method resolution failed
	at org.springframework.beans.factory.support.ConstructorResolver.createArgumentArray(ConstructorResolver.java:804) ~[spring-beans-6.2.14.jar:6.2.14]
	at org.springframework.beans.factory.support.ConstructorResolver.autowireConstructor(ConstructorResolver.java:240) ~[spring-beans-6.2.14.jar:6.2.14]
	at org.springframework.beans.factory.support.AbstractAutowireCapableBeanFactory.autowireConstructor(AbstractAutowireCapableBeanFactory.java:1395) ~[spring-beans-6.2.14.jar:6.2.14]
	at org.springframework.beans.factory.support.AbstractAutowireCapableBeanFactory.createBeanInstance(AbstractAutowireCapableBeanFactory.java:1232) ~[spring-beans-6.2.14.jar:6.2.14]
	at org.springframework.beans.factory.support.AbstractAutowireCapableBeanFactory.doCreateBean(AbstractAutowireCapableBeanFactory.java:569) ~[spring-beans-6.2.14.jar:6.2.14]
	at org.springframework.beans.factory.support.AbstractAutowireCapableBeanFactory.createBean(AbstractAutowireCapableBeanFactory.java:529) ~[spring-beans-6.2.14.jar:6.2.14]
	at org.springframework.beans.factory.support.AbstractBeanFactory.lambda$doGetBean$0(AbstractBeanFactory.java:339) ~[spring-beans-6.2.14.jar:6.2.14]
	at org.springframework.beans.factory.support.DefaultSingletonBeanRegistry.getSingleton(DefaultSingletonBeanRegistry.java:373) ~[spring-beans-6.2.14.jar:6.2.14]
	at org.springframework.beans.factory.support.AbstractBeanFactory.doGetBean(AbstractBeanFactory.java:337) ~[spring-beans-6.2.14.jar:6.2.14]
	at org.springframework.beans.factory.support.AbstractBeanFactory.getBean(AbstractBeanFactory.java:202) ~[spring-beans-6.2.14.jar:6.2.14]
	at org.springframework.beans.factory.config.DependencyDescriptor.resolveCandidate(DependencyDescriptor.java:254) ~[spring-beans-6.2.14.jar:6.2.14]
	at org.springframework.beans.factory.support.DefaultListableBeanFactory.doResolveDependency(DefaultListableBeanFactory.java:1770) ~[spring-beans-6.2.14.jar:6.2.14]
	at org.springframework.beans.factory.support.DefaultListableBeanFactory.resolveDependency(DefaultListableBeanFactory.java:1653) ~[spring-beans-6.2.14.jar:6.2.14]
	at org.springframework.beans.factory.support.ConstructorResolver.resolveAutowiredArgument(ConstructorResolver.java:913) ~[spring-beans-6.2.14.jar:6.2.14]
	at org.springframework.beans.factory.support.ConstructorResolver.createArgumentArray(ConstructorResolver.java:791) ~[spring-beans-6.2.14.jar:6.2.14]
	... 26 common frames omitted
Caused by: org.springframework.beans.factory.BeanCreationException: Error creating bean with name 'notificationRepositoryAdapter': Lookup method resolution failed
	at org.springframework.beans.factory.annotation.AutowiredAnnotationBeanPostProcessor.checkLookupMethods(AutowiredAnnotationBeanPostProcessor.java:498) ~[spring-beans-6.2.14.jar:6.2.14]
	at org.springframework.beans.factory.annotation.AutowiredAnnotationBeanPostProcessor.determineCandidateConstructors(AutowiredAnnotationBeanPostProcessor.java:368) ~[spring-beans-6.2.14.jar:6.2.14]
	at org.springframework.beans.factory.support.AbstractAutowireCapableBeanFactory.determineConstructorsFromBeanPostProcessors(AbstractAutowireCapableBeanFactory.java:1334) ~[spring-beans-6.2.14.jar:6.2.14]
	at org.springframework.beans.factory.support.AbstractAutowireCapableBeanFactory.createBeanInstance(AbstractAutowireCapableBeanFactory.java:1229) ~[spring-beans-6.2.14.jar:6.2.14]
	at org.springframework.beans.factory.support.AbstractAutowireCapableBeanFactory.doCreateBean(AbstractAutowireCapableBeanFactory.java:569) ~[spring-beans-6.2.14.jar:6.2.14]
	at org.springframework.beans.factory.support.AbstractAutowireCapableBeanFactory.createBean(AbstractAutowireCapableBeanFactory.java:529) ~[spring-beans-6.2.14.jar:6.2.14]
	at org.springframework.beans.factory.support.AbstractBeanFactory.lambda$doGetBean$0(AbstractBeanFactory.java:339) ~[spring-beans-6.2.14.jar:6.2.14]
	at org.springframework.beans.factory.support.DefaultSingletonBeanRegistry.getSingleton(DefaultSingletonBeanRegistry.java:373) ~[spring-beans-6.2.14.jar:6.2.14]
	at org.springframework.beans.factory.support.AbstractBeanFactory.doGetBean(AbstractBeanFactory.java:337) ~[spring-beans-6.2.14.jar:6.2.14]
	at org.springframework.beans.factory.support.AbstractBeanFactory.getBean(AbstractBeanFactory.java:202) ~[spring-beans-6.2.14.jar:6.2.14]
	at org.springframework.beans.factory.config.DependencyDescriptor.resolveCandidate(DependencyDescriptor.java:254) ~[spring-beans-6.2.14.jar:6.2.14]
	at org.springframework.beans.factory.support.DefaultListableBeanFactory.doResolveDependency(DefaultListableBeanFactory.java:1770) ~[spring-beans-6.2.14.jar:6.2.14]
	at org.springframework.beans.factory.support.DefaultListableBeanFactory.resolveDependency(DefaultListableBeanFactory.java:1653) ~[spring-beans-6.2.14.jar:6.2.14]
	at org.springframework.beans.factory.support.ConstructorResolver.resolveAutowiredArgument(ConstructorResolver.java:913) ~[spring-beans-6.2.14.jar:6.2.14]
	at org.springframework.beans.factory.support.ConstructorResolver.createArgumentArray(ConstructorResolver.java:791) ~[spring-beans-6.2.14.jar:6.2.14]
	... 40 common frames omitted
Caused by: java.lang.IllegalStateException: Failed to introspect Class [com.zote.notification.service.infrastructure.outbound.persistence.port.NotificationRepositoryAdapter] from ClassLoader [org.springframework.boot.devtools.restart.classloader.RestartClassLoader@2ac3b94]
	at org.springframework.util.ReflectionUtils.getDeclaredMethods(ReflectionUtils.java:483) ~[spring-core-6.2.14.jar:6.2.14]
	at org.springframework.util.ReflectionUtils.doWithLocalMethods(ReflectionUtils.java:320) ~[spring-core-6.2.14.jar:6.2.14]
	at org.springframework.beans.factory.annotation.AutowiredAnnotationBeanPostProcessor.checkLookupMethods(AutowiredAnnotationBeanPostProcessor.java:476) ~[spring-beans-6.2.14.jar:6.2.14]
	... 54 common frames omitted
Caused by: java.lang.NoClassDefFoundError: com/zote/notification/service/infrastructure/outbound/entities/NotificationEntity
	at java.base/java.lang.Class.getDeclaredMethods0(Native Method) ~[na:na]
	at java.base/java.lang.Class.privateGetDeclaredMethods(Class.java:3402) ~[na:na]
	at java.base/java.lang.Class.getDeclaredMethods(Class.java:2504) ~[na:na]
	at org.springframework.util.ReflectionUtils.getDeclaredMethods(ReflectionUtils.java:465) ~[spring-core-6.2.14.jar:6.2.14]
	... 56 common frames omitted
Caused by: java.lang.ClassNotFoundException: com.zote.notification.service.infrastructure.outbound.entities.NotificationEntity
	at java.base/jdk.internal.loader.BuiltinClassLoader.loadClass(BuiltinClassLoader.java:641) ~[na:na]
	at java.base/jdk.internal.loader.ClassLoaders$AppClassLoader.loadClass(ClassLoaders.java:188) ~[na:na]
	at java.base/java.lang.ClassLoader.loadClass(ClassLoader.java:520) ~[na:na]
	at java.base/java.lang.Class.forName0(Native Method) ~[na:na]
	at java.base/java.lang.Class.forName(Class.java:467) ~[na:na]
	at org.springframework.boot.devtools.restart.classloader.RestartClassLoader.loadClass(RestartClassLoader.java:121) ~[spring-boot-devtools-3.4.12.jar:3.4.12]
	at java.base/java.lang.ClassLoader.loadClass(ClassLoader.java:520) ~[na:na]
	... 60 common frames omitted
2026-01-17 20:55:21 [restartedMain] INFO  c.z.n.s.i.NotificationServiceInfrastructureApplication - Starting NotificationServiceInfrastructureApplication using Java 17.0.9 with PID 21108 (C:\Users\SHARK GAMING\IdeaProjects\lz-insurance\notification-service\notification-service-infrastructure\target\classes started by SHARK GAMING in C:\Users\SHARK GAMING\IdeaProjects\lz-insurance)
2026-01-17 20:55:21 [restartedMain] INFO  c.z.n.s.i.NotificationServiceInfrastructureApplication - The following 5 profiles are active: "common", "keycloak", "metrics", "redis", "kafka"
2026-01-17 20:55:22 [restartedMain] INFO  o.s.d.r.c.RepositoryConfigurationDelegate - Multiple Spring Data modules found, entering strict repository configuration mode
2026-01-17 20:55:22 [restartedMain] INFO  o.s.d.r.c.RepositoryConfigurationDelegate - Bootstrapping Spring Data JPA repositories in DEFAULT mode.
2026-01-17 20:55:22 [restartedMain] INFO  o.s.d.r.c.RepositoryConfigurationDelegate - Finished Spring Data repository scanning in 66 ms. Found 8 JPA repository interfaces.
2026-01-17 20:55:22 [restartedMain] INFO  o.s.d.r.c.RepositoryConfigurationDelegate - Multiple Spring Data modules found, entering strict repository configuration mode
2026-01-17 20:55:22 [restartedMain] INFO  o.s.d.r.c.RepositoryConfigurationDelegate - Bootstrapping Spring Data Redis repositories in DEFAULT mode.
2026-01-17 20:55:22 [restartedMain] INFO  o.s.d.r.c.RepositoryConfigurationExtensionSupport - Spring Data Redis - Could not safely identify store assignment for repository candidate interface com.zote.notification.service.infrastructure.outbound.persistence.repository.DeadLetterQueueRepository; If you want this repository to be a Redis repository, consider annotating your entities with one of these annotations: org.springframework.data.redis.core.RedisHash (preferred), or consider extending one of the following types with your repository: org.springframework.data.keyvalue.repository.KeyValueRepository
2026-01-17 20:55:22 [restartedMain] INFO  o.s.d.r.c.RepositoryConfigurationExtensionSupport - Spring Data Redis - Could not safely identify store assignment for repository candidate interface com.zote.notification.service.infrastructure.outbound.persistence.repository.DeviceRepository; If you want this repository to be a Redis repository, consider annotating your entities with one of these annotations: org.springframework.data.redis.core.RedisHash (preferred), or consider extending one of the following types with your repository: org.springframework.data.keyvalue.repository.KeyValueRepository
2026-01-17 20:55:22 [restartedMain] INFO  o.s.d.r.c.RepositoryConfigurationExtensionSupport - Spring Data Redis - Could not safely identify store assignment for repository candidate interface com.zote.notification.service.infrastructure.outbound.persistence.repository.NotificationProviderRepository; If you want this repository to be a Redis repository, consider annotating your entities with one of these annotations: org.springframework.data.redis.core.RedisHash (preferred), or consider extending one of the following types with your repository: org.springframework.data.keyvalue.repository.KeyValueRepository
2026-01-17 20:55:22 [restartedMain] INFO  o.s.d.r.c.RepositoryConfigurationExtensionSupport - Spring Data Redis - Could not safely identify store assignment for repository candidate interface com.zote.notification.service.infrastructure.outbound.persistence.repository.NotificationRepository; If you want this repository to be a Redis repository, consider annotating your entities with one of these annotations: org.springframework.data.redis.core.RedisHash (preferred), or consider extending one of the following types with your repository: org.springframework.data.keyvalue.repository.KeyValueRepository
2026-01-17 20:55:22 [restartedMain] INFO  o.s.d.r.c.RepositoryConfigurationExtensionSupport - Spring Data Redis - Could not safely identify store assignment for repository candidate interface com.zote.notification.service.infrastructure.outbound.persistence.repository.NotificationTemplateRepository; If you want this repository to be a Redis repository, consider annotating your entities with one of these annotations: org.springframework.data.redis.core.RedisHash (preferred), or consider extending one of the following types with your repository: org.springframework.data.keyvalue.repository.KeyValueRepository
2026-01-17 20:55:22 [restartedMain] INFO  o.s.d.r.c.RepositoryConfigurationExtensionSupport - Spring Data Redis - Could not safely identify store assignment for repository candidate interface com.zote.notification.service.infrastructure.outbound.persistence.repository.ProviderHealthMetricsRepository; If you want this repository to be a Redis repository, consider annotating your entities with one of these annotations: org.springframework.data.redis.core.RedisHash (preferred), or consider extending one of the following types with your repository: org.springframework.data.keyvalue.repository.KeyValueRepository
2026-01-17 20:55:22 [restartedMain] INFO  o.s.d.r.c.RepositoryConfigurationExtensionSupport - Spring Data Redis - Could not safely identify store assignment for repository candidate interface com.zote.notification.service.infrastructure.outbound.persistence.repository.TemplateTranslationRepository; If you want this repository to be a Redis repository, consider annotating your entities with one of these annotations: org.springframework.data.redis.core.RedisHash (preferred), or consider extending one of the following types with your repository: org.springframework.data.keyvalue.repository.KeyValueRepository
2026-01-17 20:55:22 [restartedMain] INFO  o.s.d.r.c.RepositoryConfigurationExtensionSupport - Spring Data Redis - Could not safely identify store assignment for repository candidate interface com.zote.notification.service.infrastructure.outbound.persistence.repository.UserNotificationPreferencesRepository; If you want this repository to be a Redis repository, consider annotating your entities with one of these annotations: org.springframework.data.redis.core.RedisHash (preferred), or consider extending one of the following types with your repository: org.springframework.data.keyvalue.repository.KeyValueRepository
2026-01-17 20:55:22 [restartedMain] INFO  o.s.d.r.c.RepositoryConfigurationDelegate - Finished Spring Data repository scanning in 11 ms. Found 0 Redis repository interfaces.
2026-01-17 20:55:22 [restartedMain] INFO  o.s.cloud.context.scope.GenericScope - BeanFactory id=1dfa8934-4f6e-3143-a3f8-c76365ebbfbc
2026-01-17 20:55:23 [restartedMain] INFO  o.s.b.w.e.tomcat.TomcatWebServer - Tomcat initialized with port 8086 (http)
2026-01-17 20:55:23 [restartedMain] INFO  o.a.catalina.core.StandardService - Starting service [Tomcat]
2026-01-17 20:55:23 [restartedMain] INFO  o.a.catalina.core.StandardEngine - Starting Servlet engine: [Apache Tomcat/10.1.49]
2026-01-17 20:55:23 [restartedMain] INFO  o.a.c.c.C.[Tomcat-2].[localhost].[/] - Initializing Spring embedded WebApplicationContext
2026-01-17 20:55:23 [restartedMain] INFO  o.s.b.w.s.c.ServletWebServerApplicationContext - Root WebApplicationContext: initialization completed in 2006 ms
2026-01-17 20:55:23 [restartedMain] INFO  c.z.c.u.c.MetricsAutoConfiguration - Prometheus Meter Registry initialized for application: notification-service
2026-01-17 20:55:24 [restartedMain] INFO  com.zaxxer.hikari.HikariDataSource - HikariPool-5 - Starting...
2026-01-17 20:55:24 [restartedMain] INFO  com.zaxxer.hikari.pool.HikariPool - HikariPool-5 - Added connection org.postgresql.jdbc.PgConnection@354d4ea5
2026-01-17 20:55:24 [restartedMain] INFO  com.zaxxer.hikari.HikariDataSource - HikariPool-5 - Start completed.
2026-01-17 20:55:24 [restartedMain] INFO  liquibase.database - Set default schema name to public
2026-01-17 20:55:24 [restartedMain] INFO  liquibase.changelog - Reading from public.databasechangelog
2026-01-17 20:55:24 [restartedMain] INFO  liquibase.ui - Database is up to date, no changesets to execute
2026-01-17 20:55:24 [restartedMain] INFO  liquibase.changelog - Reading from public.databasechangelog
2026-01-17 20:55:24 [restartedMain] INFO  liquibase.util - UPDATE SUMMARY
2026-01-17 20:55:24 [restartedMain] INFO  liquibase.util - Run:                          0
2026-01-17 20:55:24 [restartedMain] INFO  liquibase.util - Previously run:              20
2026-01-17 20:55:24 [restartedMain] INFO  liquibase.util - Filtered out:                 0
2026-01-17 20:55:24 [restartedMain] INFO  liquibase.util - -------------------------------
2026-01-17 20:55:24 [restartedMain] INFO  liquibase.util - Total change sets:           20
2026-01-17 20:55:24 [restartedMain] INFO  liquibase.util - Update summary generated
2026-01-17 20:55:24 [restartedMain] INFO  liquibase.command - Command execution complete
2026-01-17 20:55:25 [restartedMain] INFO  o.h.jpa.internal.util.LogHelper - HHH000204: Processing PersistenceUnitInfo [name: default]
2026-01-17 20:55:25 [restartedMain] INFO  o.h.c.i.RegionFactoryInitiator - HHH000026: Second-level cache disabled
2026-01-17 20:55:25 [restartedMain] INFO  o.s.o.j.p.SpringPersistenceUnitInfo - No LoadTimeWeaver setup: ignoring JPA class transformer
2026-01-17 20:55:25 [restartedMain] INFO  o.hibernate.orm.connections.pooling - HHH10001005: Database info:
	Database JDBC URL [Connecting through datasource 'HikariDataSource (HikariPool-5)']
	Database driver: undefined/unknown
	Database version: 16.0
	Autocommit mode: undefined/unknown
	Isolation level: undefined/unknown
	Minimum pool size: undefined/unknown
	Maximum pool size: undefined/unknown
2026-01-17 20:55:25 [restartedMain] INFO  o.h.e.t.j.p.i.JtaPlatformInitiator - HHH000489: No JTA platform available (set 'hibernate.transaction.jta.platform' to enable JTA platform integration)
2026-01-17 20:55:25 [restartedMain] INFO  o.s.o.j.LocalContainerEntityManagerFactoryBean - Initialized JPA EntityManagerFactory for persistence unit 'default'
2026-01-17 20:55:26 [restartedMain] INFO  c.z.k.a.config.KafkaProducerConfig - Producer configuration: {retries=3, value.serializer=class org.springframework.kafka.support.serializer.JsonSerializer, enable.idempotence=true, acks=all, bootstrap.servers=[localhost:9092], key.serializer=class org.apache.kafka.common.serialization.StringSerializer, linger.ms=5, client.id=zote-producer-1768701326294-380}
2026-01-17 20:55:26 [restartedMain] INFO  c.z.n.s.i.config.WebSocketConfig - WebSocket message broker configured with endpoint: /ws, allowed origins: *, heartbeat: 30000ms
2026-01-17 20:55:27 [restartedMain] INFO  o.s.b.f.a.AutowiredAnnotationBeanPostProcessor - Inconsistent constructor declaration on bean with name 'topicSubscriptionService': single autowire-marked constructor flagged as optional - this constructor is effectively required since there is no default constructor to fall back to: public com.zote.notification.service.infrastructure.service.TopicSubscriptionService(com.google.firebase.messaging.FirebaseMessaging)
2026-01-17 20:55:27 [restartedMain] INFO  c.z.c.u.m.service.JvmMetricsService - Initializing JVM metrics collection
2026-01-17 20:55:27 [restartedMain] INFO  c.z.c.u.m.service.JvmMetricsService - JVM metrics initialized successfully
2026-01-17 20:55:27 [restartedMain] INFO  c.z.n.s.i.config.WebSocketConfig - STOMP endpoint registered at: /ws
2026-01-17 20:55:28 [restartedMain] WARN  o.s.b.a.o.j.JpaBaseConfiguration$JpaWebConfiguration - spring.jpa.open-in-view is enabled by default. Therefore, database queries may be performed during view rendering. Explicitly configure spring.jpa.open-in-view to disable this warning
2026-01-17 20:55:28 [restartedMain] INFO  o.s.v.b.OptionalValidatorFactoryBean - Failed to set up a Bean Validation provider: jakarta.validation.NoProviderFoundException: Unable to create a Configuration, because no Jakarta Bean Validation provider could be found. Add a provider like Hibernate Validator (RI) to your classpath.
2026-01-17 20:55:30 [restartedMain] INFO  o.s.cloud.commons.util.InetUtils - Cannot determine local hostname
2026-01-17 20:55:30 [restartedMain] INFO  o.s.b.a.e.web.EndpointLinksResolver - Exposing 4 endpoints beneath base path '/actuator'
2026-01-17 20:55:33 [restartedMain] WARN  o.s.b.d.a.OptionalLiveReloadServer - Unable to start LiveReload server
2026-01-17 20:55:34 [restartedMain] INFO  o.s.cloud.commons.util.InetUtils - Cannot determine local hostname
2026-01-17 20:55:34 [restartedMain] INFO  o.s.m.s.b.SimpleBrokerMessageHandler - Starting...
2026-01-17 20:55:34 [restartedMain] INFO  o.s.m.s.b.SimpleBrokerMessageHandler - BrokerAvailabilityEvent[available=true, SimpleBrokerMessageHandler [org.springframework.messaging.simp.broker.DefaultSubscriptionRegistry@6ff01386]]
2026-01-17 20:55:34 [restartedMain] INFO  o.s.m.s.b.SimpleBrokerMessageHandler - Started.
2026-01-17 20:55:34 [restartedMain] INFO  o.s.b.w.e.tomcat.TomcatWebServer - Tomcat started on port 8086 (http) with context path '/'
2026-01-17 20:55:35 [restartedMain] INFO  o.s.cloud.commons.util.InetUtils - Cannot determine local hostname
2026-01-17 20:55:36 [restartedMain] INFO  o.s.cloud.commons.util.InetUtils - Cannot determine local hostname
2026-01-17 20:55:36 [restartedMain] INFO  c.z.n.s.i.NotificationServiceInfrastructureApplication - Started NotificationServiceInfrastructureApplication in 16.612 seconds (process running for 75429.765)
2026-01-17 20:55:36 [websocket-heartbeat-1] INFO  c.z.n.s.i.o.p.p.NotificationRepositoryAdapter - finding notifications with status: FAILED and retryCount less than: 3
2026-01-17 20:55:36 [restartedMain] INFO  o.s.b.d.a.ConditionEvaluationDeltaLoggingListener - Condition evaluation unchanged
2026-01-17 20:55:36 [websocket-heartbeat-1] INFO  c.z.n.s.d.u.NotificationProcessorImpl - Found 0 failed notifications to retry
2026-01-17 20:55:36 [websocket-heartbeat-1] INFO  c.z.n.s.i.o.p.p.NotificationRepositoryAdapter - finding notifications with status: PENDING and scheduledAt before: 2026-01-17T20:55:36.857280100
2026-01-17 20:55:36 [websocket-heartbeat-1] INFO  c.z.n.s.d.u.NotificationProcessorImpl - Found 0 scheduled notifications to process
